scenario,config,lights,iter,build_ms,totalTests,avgLights,medianLights,maxLights,pctEmpty,pctOverflow
8x4x12,100,0,0.210159,38400,0.747396,0,11,77.0833,0
8x4x12,100,1,0.172779,38400,0.747396,0,11,77.0833,0
8x4x12,100,2,0.14541,38400,0.747396,0,11,77.0833,0
8x4x12,100,3,0.156729,38400,0.747396,0,11,77.0833,0
8x4x12,100,4,0.169859,38400,0.747396,0,11,77.0833,0
8x4x12,100,5,0.13637,38400,0.747396,0,11,77.0833,0
8x4x12,100,6,0.156189,38400,0.747396,0,11,77.0833,0
8x4x12,100,7,0.13002,38400,0.747396,0,11,77.0833,0
8x4x12,100,8,0.168029,38400,0.747396,0,11,77.0833,0
8x4x12,100,9,0.13157,38400,0.747396,0,11,77.0833,0
8x4x12,100,10,0.179689,38400,0.747396,0,11,77.0833,0
8x4x12,100,11,0.12417,38400,0.747396,0,11,77.0833,0
8x4x12,100,12,0.199489,38400,0.747396,0,11,77.0833,0
8x4x12,100,13,0.12759,38400,0.747396,0,11,77.0833,0
8x4x12,100,14,0.128069,38400,0.747396,0,11,77.0833,0
8x4x12,100,15,0.13046,38400,0.747396,0,11,77.0833,0
8x4x12,100,16,0.127389,38400,0.747396,0,11,77.0833,0
8x4x12,100,17,0.13551,38400,0.747396,0,11,77.0833,0
8x4x12,100,18,0.127929,38400,0.747396,0,11,77.0833,0
8x4x12,100,19,0.12912,38400,0.747396,0,11,77.0833,0
8x4x12,100,20,0.126149,38400,0.747396,0,11,77.0833,0
8x4x12,100,21,0.12517,38400,0.747396,0,11,77.0833,0
8x4x12,100,22,0.129059,38400,0.747396,0,11,77.0833,0
8x4x12,100,23,0.12785,38400,0.747396,0,11,77.0833,0
8x4x12,100,24,0.129009,38400,0.747396,0,11,77.0833,0
8x4x12,100,25,0.14043,38400,0.747396,0,11,77.0833,0
8x4x12,100,26,0.129069,38400,0.747396,0,11,77.0833,0
8x4x12,100,27,0.12912,38400,0.747396,0,11,77.0833,0
8x4x12,100,28,0.129399,38400,0.747396,0,11,77.0833,0
8x4x12,100,29,0.1354,38400,0.747396,0,11,77.0833,0
8x4x12,100,30,0.130419,38400,0.747396,0,11,77.0833,0
8x4x12,100,31,0.192729,38400,0.747396,0,11,77.0833,0
8x4x12,100,32,0.24888,38400,0.747396,0,11,77.0833,0
8x4x12,100,33,0.187409,38400,0.747396,0,11,77.0833,0
8x4x12,100,34,0.126999,38400,0.747396,0,11,77.0833,0
8x4x12,100,35,0.12763,38400,0.747396,0,11,77.0833,0
8x4x12,100,36,0.12686,38400,0.747396,0,11,77.0833,0
8x4x12,100,37,0.156629,38400,0.747396,0,11,77.0833,0
8x4x12,100,38,0.172109,38400,0.747396,0,11,77.0833,0
8x4x12,100,39,0.12985,38400,0.747396,0,11,77.0833,0
8x4x12,100,40,0.129759,38400,0.747396,0,11,77.0833,0
8x4x12,100,41,0.12806,38400,0.747396,0,11,77.0833,0
8x4x12,100,42,0.128959,38400,0.747396,0,11,77.0833,0
8x4x12,100,43,0.13747,38400,0.747396,0,11,77.0833,0
8x4x12,100,44,0.126749,38400,0.747396,0,11,77.0833,0
8x4x12,100,45,0.13511,38400,0.747396,0,11,77.0833,0
8x4x12,100,46,0.126279,38400,0.747396,0,11,77.0833,0
8x4x12,100,47,0.12819,38400,0.747396,0,11,77.0833,0
8x4x12,100,48,0.127149,38400,0.747396,0,11,77.0833,0
8x4x12,100,49,0.12449,38400,0.747396,0,11,77.0833,0
8x4x12,100,50,0.125919,38400,0.747396,0,11,77.0833,0
8x4x12,100,51,0.12871,38400,0.747396,0,11,77.0833,0
8x4x12,100,52,0.127299,38400,0.747396,0,11,77.0833,0
8x4x12,100,53,0.15179,38400,0.747396,0,11,77.0833,0
8x4x12,100,54,0.127979,38400,0.747396,0,11,77.0833,0
8x4x12,100,55,0.12865,38400,0.747396,0,11,77.0833,0
8x4x12,100,56,0.129279,38400,0.747396,0,11,77.0833,0
8x4x12,100,57,0.12778,38400,0.747396,0,11,77.0833,0
8x4x12,100,58,0.187759,38400,0.747396,0,11,77.0833,0
8x4x12,100,59,0.203209,38400,0.747396,0,11,77.0833,0
8x4x12,100,60,0.19931,38400,0.747396,0,11,77.0833,0
8x4x12,100,61,0.191309,38400,0.747396,0,11,77.0833,0
8x4x12,100,62,0.12831,38400,0.747396,0,11,77.0833,0
8x4x12,100,63,0.126569,38400,0.747396,0,11,77.0833,0
8x4x12,100,64,0.12714,38400,0.747396,0,11,77.0833,0
8x4x12,100,65,0.149749,38400,0.747396,0,11,77.0833,0
8x4x12,100,66,0.15193,38400,0.747396,0,11,77.0833,0
8x4x12,100,67,0.188749,38400,0.747396,0,11,77.0833,0
8x4x12,100,68,0.144329,38400,0.747396,0,11,77.0833,0
8x4x12,100,69,0.13233,38400,0.747396,0,11,77.0833,0
8x4x12,100,70,0.155689,38400,0.747396,0,11,77.0833,0
8x4x12,100,71,0.18757,38400,0.747396,0,11,77.0833,0
8x4x12,100,72,0.230289,38400,0.747396,0,11,77.0833,0
8x4x12,100,73,0.181539,38400,0.747396,0,11,77.0833,0
8x4x12,100,74,0.129459,38400,0.747396,0,11,77.0833,0
8x4x12,100,75,0.13037,38400,0.747396,0,11,77.0833,0
8x4x12,100,76,0.12852,38400,0.747396,0,11,77.0833,0
8x4x12,100,77,0.1261,38400,0.747396,0,11,77.0833,0
8x4x12,100,78,0.12905,38400,0.747396,0,11,77.0833,0
8x4x12,100,79,0.182489,38400,0.747396,0,11,77.0833,0
8x4x12,100,80,0.260919,38400,0.747396,0,11,77.0833,0
8x4x12,100,81,0.260719,38400,0.747396,0,11,77.0833,0
8x4x12,100,82,0.222349,38400,0.747396,0,11,77.0833,0
8x4x12,100,83,0.139669,38400,0.747396,0,11,77.0833,0
8x4x12,100,84,0.13033,38400,0.747396,0,11,77.0833,0
8x4x12,100,85,0.13233,38400,0.747396,0,11,77.0833,0
8x4x12,100,86,0.137409,38400,0.747396,0,11,77.0833,0
8x4x12,100,87,0.12541,38400,0.747396,0,11,77.0833,0
8x4x12,100,88,0.127139,38400,0.747396,0,11,77.0833,0
8x4x12,100,89,0.1267,38400,0.747396,0,11,77.0833,0
8x4x12,100,90,0.130359,38400,0.747396,0,11,77.0833,0
8x4x12,100,91,0.13248,38400,0.747396,0,11,77.0833,0
8x4x12,100,92,0.129619,38400,0.747396,0,11,77.0833,0
8x4x12,100,93,0.13364,38400,0.747396,0,11,77.0833,0
8x4x12,100,94,0.130669,38400,0.747396,0,11,77.0833,0
8x4x12,100,95,0.13095,38400,0.747396,0,11,77.0833,0
8x4x12,100,96,0.130189,38400,0.747396,0,11,77.0833,0
8x4x12,100,97,0.13179,38400,0.747396,0,11,77.0833,0
8x4x12,100,98,0.134589,38400,0.747396,0,11,77.0833,0
8x4x12,100,99,0.12489,38400,0.747396,0,11,77.0833,0
8x4x12,100,100,0.128929,38400,0.747396,0,11,77.0833,0
8x4x12,100,101,0.12819,38400,0.747396,0,11,77.0833,0
8x4x12,100,102,0.181889,38400,0.747396,0,11,77.0833,0
8x4x12,100,103,0.12746,38400,0.747396,0,11,77.0833,0
8x4x12,100,104,0.124599,38400,0.747396,0,11,77.0833,0
8x4x12,100,105,0.16977,38400,0.747396,0,11,77.0833,0
8x4x12,100,106,0.14932,38400,0.747396,0,11,77.0833,0
8x4x12,100,107,0.257539,38400,0.747396,0,11,77.0833,0
8x4x12,100,108,0.136139,38400,0.747396,0,11,77.0833,0
8x4x12,100,109,0.1279,38400,0.747396,0,11,77.0833,0
8x4x12,100,110,0.206259,38400,0.747396,0,11,77.0833,0
8x4x12,100,111,0.181049,38400,0.747396,0,11,77.0833,0
8x4x12,100,112,0.13939,38400,0.747396,0,11,77.0833,0
8x4x12,100,113,0.12891,38400,0.747396,0,11,77.0833,0
8x4x12,100,114,0.274529,38400,0.747396,0,11,77.0833,0
8x4x12,100,115,0.250259,38400,0.747396,0,11,77.0833,0
8x4x12,100,116,0.242899,38400,0.747396,0,11,77.0833,0
8x4x12,100,117,0.276759,38400,0.747396,0,11,77.0833,0
8x4x12,100,118,0.257809,38400,0.747396,0,11,77.0833,0
8x4x12,100,119,0.237789,38400,0.747396,0,11,77.0833,0
8x4x12,100,120,0.217789,38400,0.747396,0,11,77.0833,0
8x4x12,100,121,0.13829,38400,0.747396,0,11,77.0833,0
8x4x12,100,122,0.152669,38400,0.747396,0,11,77.0833,0
8x4x12,100,123,0.177419,38400,0.747396,0,11,77.0833,0
8x4x12,100,124,0.12747,38400,0.747396,0,11,77.0833,0
8x4x12,100,125,0.128639,38400,0.747396,0,11,77.0833,0
8x4x12,100,126,0.12428,38400,0.747396,0,11,77.0833,0
8x4x12,100,127,0.135559,38400,0.747396,0,11,77.0833,0
8x4x12,100,128,0.12726,38400,0.747396,0,11,77.0833,0
8x4x12,100,129,0.129959,38400,0.747396,0,11,77.0833,0
8x4x12,100,130,0.13007,38400,0.747396,0,11,77.0833,0
8x4x12,100,131,0.127179,38400,0.747396,0,11,77.0833,0
8x4x12,100,132,0.12869,38400,0.747396,0,11,77.0833,0
8x4x12,100,133,0.130209,38400,0.747396,0,11,77.0833,0
8x4x12,100,134,0.13356,38400,0.747396,0,11,77.0833,0
8x4x12,100,135,0.126789,38400,0.747396,0,11,77.0833,0
8x4x12,100,136,0.12605,38400,0.747396,0,11,77.0833,0
8x4x12,100,137,0.129749,38400,0.747396,0,11,77.0833,0
8x4x12,100,138,0.12359,38400,0.747396,0,11,77.0833,0
8x4x12,100,139,0.12773,38400,0.747396,0,11,77.0833,0
8x4x12,100,140,0.130179,38400,0.747396,0,11,77.0833,0
8x4x12,100,141,0.12718,38400,0.747396,0,11,77.0833,0
8x4x12,100,142,0.129569,38400,0.747396,0,11,77.0833,0
8x4x12,100,143,0.13102,38400,0.747396,0,11,77.0833,0
8x4x12,100,144,0.190329,38400,0.747396,0,11,77.0833,0
8x4x12,100,145,0.244659,38400,0.747396,0,11,77.0833,0
8x4x12,100,146,0.245659,38400,0.747396,0,11,77.0833,0
8x4x12,100,147,0.15937,38400,0.747396,0,11,77.0833,0
8x4x12,100,148,0.134589,38400,0.747396,0,11,77.0833,0
8x4x12,100,149,0.180069,38400,0.747396,0,11,77.0833,0
8x4x12,100,150,0.16425,38400,0.747396,0,11,77.0833,0
8x4x12,100,151,0.132939,38400,0.747396,0,11,77.0833,0
8x4x12,100,152,0.14094,38400,0.747396,0,11,77.0833,0
8x4x12,100,153,0.125029,38400,0.747396,0,11,77.0833,0
8x4x12,100,154,0.13505,38400,0.747396,0,11,77.0833,0
8x4x12,100,155,0.133259,38400,0.747396,0,11,77.0833,0
8x4x12,100,156,0.12819,38400,0.747396,0,11,77.0833,0
8x4x12,100,157,0.127609,38400,0.747396,0,11,77.0833,0
8x4x12,100,158,0.13062,38400,0.747396,0,11,77.0833,0
8x4x12,100,159,0.131229,38400,0.747396,0,11,77.0833,0
8x4x12,100,160,0.13747,38400,0.747396,0,11,77.0833,0
8x4x12,100,161,0.131719,38400,0.747396,0,11,77.0833,0
8x4x12,100,162,0.13605,38400,0.747396,0,11,77.0833,0
8x4x12,100,163,0.171909,38400,0.747396,0,11,77.0833,0
8x4x12,100,164,0.12495,38400,0.747396,0,11,77.0833,0
8x4x12,100,165,0.127529,38400,0.747396,0,11,77.0833,0
8x4x12,100,166,0.12849,38400,0.747396,0,11,77.0833,0
8x4x12,100,167,0.167049,38400,0.747396,0,11,77.0833,0
8x4x12,100,168,0.13403,38400,0.747396,0,11,77.0833,0
8x4x12,100,169,0.126539,38400,0.747396,0,11,77.0833,0
8x4x12,100,170,0.12995,38400,0.747396,0,11,77.0833,0
8x4x12,100,171,0.153109,38400,0.747396,0,11,77.0833,0
8x4x12,100,172,0.12845,38400,0.747396,0,11,77.0833,0
8x4x12,100,173,0.154419,38400,0.747396,0,11,77.0833,0
8x4x12,100,174,0.167329,38400,0.747396,0,11,77.0833,0
8x4x12,100,175,0.19772,38400,0.747396,0,11,77.0833,0
8x4x12,100,176,0.129439,38400,0.747396,0,11,77.0833,0
8x4x12,100,177,0.179359,38400,0.747396,0,11,77.0833,0
8x4x12,100,178,0.14907,38400,0.747396,0,11,77.0833,0
8x4x12,100,179,0.126279,38400,0.747396,0,11,77.0833,0
8x4x12,100,180,0.16019,38400,0.747396,0,11,77.0833,0
8x4x12,100,181,0.135059,38400,0.747396,0,11,77.0833,0
8x4x12,100,182,0.13902,38400,0.747396,0,11,77.0833,0
8x4x12,100,183,0.166659,38400,0.747396,0,11,77.0833,0
8x4x12,100,184,0.237719,38400,0.747396,0,11,77.0833,0
8x4x12,100,185,0.265399,38400,0.747396,0,11,77.0833,0
8x4x12,100,186,0.260709,38400,0.747396,0,11,77.0833,0
8x4x12,100,187,0.231479,38400,0.747396,0,11,77.0833,0
8x4x12,100,188,0.20267,38400,0.747396,0,11,77.0833,0
8x4x12,100,189,0.138339,38400,0.747396,0,11,77.0833,0
8x4x12,100,190,0.12671,38400,0.747396,0,11,77.0833,0
8x4x12,100,191,0.128919,38400,0.747396,0,11,77.0833,0
8x4x12,100,192,0.13247,38400,0.747396,0,11,77.0833,0
8x4x12,100,193,0.128069,38400,0.747396,0,11,77.0833,0
8x4x12,100,194,0.12874,38400,0.747396,0,11,77.0833,0
8x4x12,100,195,0.126189,38400,0.747396,0,11,77.0833,0
8x4x12,100,196,0.12858,38400,0.747396,0,11,77.0833,0
8x4x12,100,197,0.126469,38400,0.747396,0,11,77.0833,0
8x4x12,100,198,0.12606,38400,0.747396,0,11,77.0833,0
8x4x12,100,199,0.126619,38400,0.747396,0,11,77.0833,0
8x4x12,100,200,0.12969,38400,0.747396,0,11,77.0833,0
8x4x12,100,201,0.128139,38400,0.747396,0,11,77.0833,0
8x4x12,100,202,0.12877,38400,0.747396,0,11,77.0833,0
8x4x12,100,203,0.128569,38400,0.747396,0,11,77.0833,0
8x4x12,100,204,0.12985,38400,0.747396,0,11,77.0833,0
8x4x12,100,205,0.128029,38400,0.747396,0,11,77.0833,0
8x4x12,100,206,0.12827,38400,0.747396,0,11,77.0833,0
8x4x12,100,207,0.127409,38400,0.747396,0,11,77.0833,0
8x4x12,100,208,0.14163,38400,0.747396,0,11,77.0833,0
8x4x12,100,209,0.129729,38400,0.747396,0,11,77.0833,0
8x4x12,100,210,0.12855,38400,0.747396,0,11,77.0833,0
8x4x12,100,211,0.126559,38400,0.747396,0,11,77.0833,0
8x4x12,100,212,0.18852,38400,0.747396,0,11,77.0833,0
8x4x12,100,213,0.126969,38400,0.747396,0,11,77.0833,0
8x4x12,100,214,0.14876,38400,0.747396,0,11,77.0833,0
8x4x12,100,215,0.204579,38400,0.747396,0,11,77.0833,0
8x4x12,100,216,0.133789,38400,0.747396,0,11,77.0833,0
8x4x12,100,217,0.15979,38400,0.747396,0,11,77.0833,0
8x4x12,100,218,0.219519,38400,0.747396,0,11,77.0833,0
8x4x12,100,219,0.12859,38400,0.747396,0,11,77.0833,0
8x4x12,100,220,0.146329,38400,0.747396,0,11,77.0833,0
8x4x12,100,221,0.13441,38400,0.747396,0,11,77.0833,0
8x4x12,100,222,0.156519,38400,0.747396,0,11,77.0833,0
8x4x12,100,223,0.12626,38400,0.747396,0,11,77.0833,0
8x4x12,100,224,0.130399,38400,0.747396,0,11,77.0833,0
8x4x12,100,225,0.185889,38400,0.747396,0,11,77.0833,0
8x4x12,100,226,0.13797,38400,0.747396,0,11,77.0833,0
8x4x12,100,227,0.161819,38400,0.747396,0,11,77.0833,0
8x4x12,100,228,0.237419,38400,0.747396,0,11,77.0833,0
8x4x12,100,229,0.13873,38400,0.747396,0,11,77.0833,0
8x4x12,100,230,0.159989,38400,0.747396,0,11,77.0833,0
8x4x12,100,231,0.13651,38400,0.747396,0,11,77.0833,0
8x4x12,100,232,0.148379,38400,0.747396,0,11,77.0833,0
8x4x12,100,233,0.1258,38400,0.747396,0,11,77.0833,0
8x4x12,100,234,0.134639,38400,0.747396,0,11,77.0833,0
8x4x12,100,235,0.12731,38400,0.747396,0,11,77.0833,0
8x4x12,100,236,0.126169,38400,0.747396,0,11,77.0833,0
8x4x12,100,237,0.12672,38400,0.747396,0,11,77.0833,0
8x4x12,100,238,0.127209,38400,0.747396,0,11,77.0833,0
8x4x12,100,239,0.12591,38400,0.747396,0,11,77.0833,0
8x4x12,100,240,0.123859,38400,0.747396,0,11,77.0833,0
8x4x12,100,241,0.1556,38400,0.747396,0,11,77.0833,0
8x4x12,100,242,0.142149,38400,0.747396,0,11,77.0833,0
8x4x12,100,243,0.13612,38400,0.747396,0,11,77.0833,0
8x4x12,100,244,0.126359,38400,0.747396,0,11,77.0833,0
8x4x12,100,245,0.12751,38400,0.747396,0,11,77.0833,0
8x4x12,100,246,0.123909,38400,0.747396,0,11,77.0833,0
8x4x12,100,247,0.12731,38400,0.747396,0,11,77.0833,0
8x4x12,100,248,0.126099,38400,0.747396,0,11,77.0833,0
8x4x12,100,249,0.14639,38400,0.747396,0,11,77.0833,0
8x4x12,100,250,0.150049,38400,0.747396,0,11,77.0833,0
8x4x12,100,251,0.16872,38400,0.747396,0,11,77.0833,0
8x4x12,100,252,0.135159,38400,0.747396,0,11,77.0833,0
8x4x12,100,253,0.13232,38400,0.747396,0,11,77.0833,0
8x4x12,100,254,0.135009,38400,0.747396,0,11,77.0833,0
8x4x12,100,255,0.12674,38400,0.747396,0,11,77.0833,0
8x4x12,100,256,0.160049,38400,0.747396,0,11,77.0833,0
8x4x12,100,257,0.145339,38400,0.747396,0,11,77.0833,0
8x4x12,100,258,0.17007,38400,0.747396,0,11,77.0833,0
8x4x12,100,259,0.130559,38400,0.747396,0,11,77.0833,0
8x4x12,100,260,0.12803,38400,0.747396,0,11,77.0833,0
8x4x12,100,261,0.130949,38400,0.747396,0,11,77.0833,0
8x4x12,100,262,0.12949,38400,0.747396,0,11,77.0833,0
8x4x12,100,263,0.139189,38400,0.747396,0,11,77.0833,0
8x4x12,100,264,0.1281,38400,0.747396,0,11,77.0833,0
8x4x12,100,265,0.130969,38400,0.747396,0,11,77.0833,0
8x4x12,100,266,0.13002,38400,0.747396,0,11,77.0833,0
8x4x12,100,267,0.12887,38400,0.747396,0,11,77.0833,0
8x4x12,100,268,0.129829,38400,0.747396,0,11,77.0833,0
8x4x12,100,269,0.1458,38400,0.747396,0,11,77.0833,0
8x4x12,100,270,0.132769,38400,0.747396,0,11,77.0833,0
8x4x12,100,271,0.12912,38400,0.747396,0,11,77.0833,0
8x4x12,100,272,0.127849,38400,0.747396,0,11,77.0833,0
8x4x12,100,273,0.12971,38400,0.747396,0,11,77.0833,0
8x4x12,100,274,0.130789,38400,0.747396,0,11,77.0833,0
8x4x12,100,275,0.15463,38400,0.747396,0,11,77.0833,0
8x4x12,100,276,0.132869,38400,0.747396,0,11,77.0833,0
8x4x12,100,277,0.178969,38400,0.747396,0,11,77.0833,0
8x4x12,100,278,0.12927,38400,0.747396,0,11,77.0833,0
8x4x12,100,279,0.129679,38400,0.747396,0,11,77.0833,0
8x4x12,100,280,0.12866,38400,0.747396,0,11,77.0833,0
8x4x12,100,281,0.158659,38400,0.747396,0,11,77.0833,0
8x4x12,100,282,0.14111,38400,0.747396,0,11,77.0833,0
8x4x12,100,283,0.144459,38400,0.747396,0,11,77.0833,0
8x4x12,100,284,0.192449,38400,0.747396,0,11,77.0833,0
8x4x12,100,285,0.12965,38400,0.747396,0,11,77.0833,0
8x4x12,100,286,0.169149,38400,0.747396,0,11,77.0833,0
8x4x12,100,287,0.217879,38400,0.747396,0,11,77.0833,0
8x4x12,100,288,0.18045,38400,0.747396,0,11,77.0833,0
8x4x12,100,289,0.138969,38400,0.747396,0,11,77.0833,0
8x4x12,100,290,0.232049,38400,0.747396,0,11,77.0833,0
8x4x12,100,291,0.12996,38400,0.747396,0,11,77.0833,0
8x4x12,100,292,0.12967,38400,0.747396,0,11,77.0833,0
8x4x12,100,293,0.13759,38400,0.747396,0,11,77.0833,0
8x4x12,100,294,0.15073,38400,0.747396,0,11,77.0833,0
8x4x12,100,295,0.131619,38400,0.747396,0,11,77.0833,0
8x4x12,100,296,0.13057,38400,0.747396,0,11,77.0833,0
8x4x12,100,297,0.134829,38400,0.747396,0,11,77.0833,0
8x4x12,100,298,0.13043,38400,0.747396,0,11,77.0833,0
8x4x12,100,299,0.131829,38400,0.747396,0,11,77.0833,0
8x4x12,100,300,0.13087,38400,0.747396,0,11,77.0833,0
8x4x12,100,301,0.130819,38400,0.747396,0,11,77.0833,0
8x4x12,100,302,0.1445,38400,0.747396,0,11,77.0833,0
8x4x12,100,303,0.148899,38400,0.747396,0,11,77.0833,0
8x4x12,100,304,0.136259,38400,0.747396,0,11,77.0833,0
8x4x12,100,305,0.13092,38400,0.747396,0,11,77.0833,0
8x4x12,100,306,0.128839,38400,0.747396,0,11,77.0833,0
8x4x12,100,307,0.12516,38400,0.747396,0,11,77.0833,0
8x4x12,100,308,0.129229,38400,0.747396,0,11,77.0833,0
8x4x12,100,309,0.12462,38400,0.747396,0,11,77.0833,0
8x4x12,100,310,0.127129,38400,0.747396,0,11,77.0833,0
8x4x12,100,311,0.12752,38400,0.747396,0,11,77.0833,0
8x4x12,100,312,0.129119,38400,0.747396,0,11,77.0833,0
8x4x12,100,313,0.1311,38400,0.747396,0,11,77.0833,0
8x4x12,100,314,0.127589,38400,0.747396,0,11,77.0833,0
8x4x12,100,315,0.13156,38400,0.747396,0,11,77.0833,0
8x4x12,100,316,0.128189,38400,0.747396,0,11,77.0833,0
8x4x12,100,317,0.15824,38400,0.747396,0,11,77.0833,0
8x4x12,100,318,0.127079,38400,0.747396,0,11,77.0833,0
8x4x12,100,319,0.13592,38400,0.747396,0,11,77.0833,0
8x4x12,100,320,0.130189,38400,0.747396,0,11,77.0833,0
8x4x12,100,321,0.12978,38400,0.747396,0,11,77.0833,0
8x4x12,100,322,0.12989,38400,0.747396,0,11,77.0833,0
8x4x12,100,323,0.138969,38400,0.747396,0,11,77.0833,0
8x4x12,100,324,0.13339,38400,0.747396,0,11,77.0833,0
8x4x12,100,325,0.127749,38400,0.747396,0,11,77.0833,0
8x4x12,100,326,0.12803,38400,0.747396,0,11,77.0833,0
8x4x12,100,327,0.130089,38400,0.747396,0,11,77.0833,0
8x4x12,100,328,0.16627,38400,0.747396,0,11,77.0833,0
8x4x12,100,329,0.195069,38400,0.747396,0,11,77.0833,0
8x4x12,100,330,0.141679,38400,0.747396,0,11,77.0833,0
8x4x12,100,331,0.16324,38400,0.747396,0,11,77.0833,0
8x4x12,100,332,0.134929,38400,0.747396,0,11,77.0833,0
8x4x12,100,333,0.13525,38400,0.747396,0,11,77.0833,0
8x4x12,100,334,0.138809,38400,0.747396,0,11,77.0833,0
8x4x12,100,335,0.259769,38400,0.747396,0,11,77.0833,0
8x4x12,100,336,0.12695,38400,0.747396,0,11,77.0833,0
8x4x12,100,337,0.128209,38400,0.747396,0,11,77.0833,0
8x4x12,100,338,0.155339,38400,0.747396,0,11,77.0833,0
8x4x12,100,339,0.1941,38400,0.747396,0,11,77.0833,0
8x4x12,100,340,0.140179,38400,0.747396,0,11,77.0833,0
8x4x12,100,341,0.13146,38400,0.747396,0,11,77.0833,0
8x4x12,100,342,0.155799,38400,0.747396,0,11,77.0833,0
8x4x12,100,343,0.168319,38400,0.747396,0,11,77.0833,0
8x4x12,100,344,0.1585,38400,0.747396,0,11,77.0833,0
8x4x12,100,345,0.132399,38400,0.747396,0,11,77.0833,0
8x4x12,100,346,0.16758,38400,0.747396,0,11,77.0833,0
8x4x12,100,347,0.146869,38400,0.747396,0,11,77.0833,0
8x4x12,100,348,0.21004,38400,0.747396,0,11,77.0833,0
8x4x12,100,349,0.131829,38400,0.747396,0,11,77.0833,0
8x4x12,100,350,0.13276,38400,0.747396,0,11,77.0833,0
8x4x12,100,351,0.132829,38400,0.747396,0,11,77.0833,0
8x4x12,100,352,0.13314,38400,0.747396,0,11,77.0833,0
8x4x12,100,353,0.128229,38400,0.747396,0,11,77.0833,0
8x4x12,100,354,0.1293,38400,0.747396,0,11,77.0833,0
8x4x12,100,355,0.129319,38400,0.747396,0,11,77.0833,0
8x4x12,100,356,0.13018,38400,0.747396,0,11,77.0833,0
8x4x12,100,357,0.130029,38400,0.747396,0,11,77.0833,0
8x4x12,100,358,0.12893,38400,0.747396,0,11,77.0833,0
8x4x12,100,359,0.131199,38400,0.747396,0,11,77.0833,0
8x4x12,100,360,0.133,38400,0.747396,0,11,77.0833,0
8x4x12,100,361,0.130179,38400,0.747396,0,11,77.0833,0
8x4x12,100,362,0.17956,38400,0.747396,0,11,77.0833,0
8x4x12,100,363,0.170949,38400,0.747396,0,11,77.0833,0
8x4x12,100,364,0.127769,38400,0.747396,0,11,77.0833,0
8x4x12,100,365,0.13138,38400,0.747396,0,11,77.0833,0
8x4x12,100,366,0.141449,38400,0.747396,0,11,77.0833,0
8x4x12,100,367,0.13596,38400,0.747396,0,11,77.0833,0
8x4x12,100,368,0.155579,38400,0.747396,0,11,77.0833,0
8x4x12,100,369,0.245179,38400,0.747396,0,11,77.0833,0
8x4x12,100,370,0.248059,38400,0.747396,0,11,77.0833,0
8x4x12,100,371,0.17345,38400,0.747396,0,11,77.0833,0
8x4x12,100,372,0.140319,38400,0.747396,0,11,77.0833,0
8x4x12,100,373,0.13129,38400,0.747396,0,11,77.0833,0
8x4x12,100,374,0.129959,38400,0.747396,0,11,77.0833,0
8x4x12,100,375,0.13114,38400,0.747396,0,11,77.0833,0
8x4x12,100,376,0.132809,38400,0.747396,0,11,77.0833,0
8x4x12,100,377,0.13085,38400,0.747396,0,11,77.0833,0
8x4x12,100,378,0.133659,38400,0.747396,0,11,77.0833,0
8x4x12,100,379,0.13775,38400,0.747396,0,11,77.0833,0
8x4x12,100,380,0.129439,38400,0.747396,0,11,77.0833,0
8x4x12,100,381,0.13159,38400,0.747396,0,11,77.0833,0
8x4x12,100,382,0.128039,38400,0.747396,0,11,77.0833,0
8x4x12,100,383,0.12894,38400,0.747396,0,11,77.0833,0
8x4x12,100,384,0.131629,38400,0.747396,0,11,77.0833,0
8x4x12,100,385,0.1291,38400,0.747396,0,11,77.0833,0
8x4x12,100,386,0.129859,38400,0.747396,0,11,77.0833,0
8x4x12,100,387,0.1351,38400,0.747396,0,11,77.0833,0
8x4x12,100,388,0.132759,38400,0.747396,0,11,77.0833,0
8x4x12,100,389,0.12921,38400,0.747396,0,11,77.0833,0
8x4x12,100,390,0.133109,38400,0.747396,0,11,77.0833,0
8x4x12,100,391,0.17937,38400,0.747396,0,11,77.0833,0
8x4x12,100,392,0.131289,38400,0.747396,0,11,77.0833,0
8x4x12,100,393,0.12783,38400,0.747396,0,11,77.0833,0
8x4x12,100,394,0.135769,38400,0.747396,0,11,77.0833,0
8x4x12,100,395,0.14846,38400,0.747396,0,11,77.0833,0
8x4x12,100,396,0.175409,38400,0.747396,0,11,77.0833,0
8x4x12,100,397,0.132829,38400,0.747396,0,11,77.0833,0
8x4x12,100,398,0.13145,38400,0.747396,0,11,77.0833,0
8x4x12,100,399,0.157509,38400,0.747396,0,11,77.0833,0
8x4x12,100,400,0.13092,38400,0.747396,0,11,77.0833,0
8x4x12,100,401,0.134969,38400,0.747396,0,11,77.0833,0
8x4x12,100,402,0.13041,38400,0.747396,0,11,77.0833,0
8x4x12,100,403,0.179359,38400,0.747396,0,11,77.0833,0
8x4x12,100,404,0.16029,38400,0.747396,0,11,77.0833,0
8x4x12,100,405,0.130539,38400,0.747396,0,11,77.0833,0
8x4x12,100,406,0.15347,38400,0.747396,0,11,77.0833,0
8x4x12,100,407,0.188619,38400,0.747396,0,11,77.0833,0
8x4x12,100,408,0.13302,38400,0.747396,0,11,77.0833,0
8x4x12,100,409,0.132689,38400,0.747396,0,11,77.0833,0
8x4x12,100,410,0.13242,38400,0.747396,0,11,77.0833,0
8x4x12,100,411,0.132089,38400,0.747396,0,11,77.0833,0
8x4x12,100,412,0.13315,38400,0.747396,0,11,77.0833,0
8x4x12,100,413,0.132129,38400,0.747396,0,11,77.0833,0
8x4x12,100,414,0.159639,38400,0.747396,0,11,77.0833,0
8x4x12,100,415,0.13049,38400,0.747396,0,11,77.0833,0
8x4x12,100,416,0.132029,38400,0.747396,0,11,77.0833,0
8x4x12,100,417,0.13212,38400,0.747396,0,11,77.0833,0
8x4x12,100,418,0.130789,38400,0.747396,0,11,77.0833,0
8x4x12,100,419,0.13338,38400,0.747396,0,11,77.0833,0
8x4x12,100,420,0.131489,38400,0.747396,0,11,77.0833,0
8x4x12,100,421,0.13262,38400,0.747396,0,11,77.0833,0
8x4x12,100,422,0.133499,38400,0.747396,0,11,77.0833,0
8x4x12,100,423,0.13116,38400,0.747396,0,11,77.0833,0
8x4x12,100,424,0.133259,38400,0.747396,0,11,77.0833,0
8x4x12,100,425,0.13363,38400,0.747396,0,11,77.0833,0
8x4x12,100,426,0.129719,38400,0.747396,0,11,77.0833,0
8x4x12,100,427,0.13316,38400,0.747396,0,11,77.0833,0
8x4x12,100,428,0.138729,38400,0.747396,0,11,77.0833,0
8x4x12,100,429,0.1354,38400,0.747396,0,11,77.0833,0
8x4x12,100,430,0.128509,38400,0.747396,0,11,77.0833,0
8x4x12,100,431,0.1319,38400,0.747396,0,11,77.0833,0
8x4x12,100,432,0.131689,38400,0.747396,0,11,77.0833,0
8x4x12,100,433,0.12924,38400,0.747396,0,11,77.0833,0
8x4x12,100,434,0.1305,38400,0.747396,0,11,77.0833,0
8x4x12,100,435,0.131199,38400,0.747396,0,11,77.0833,0
8x4x12,100,436,0.1315,38400,0.747396,0,11,77.0833,0
8x4x12,100,437,0.134389,38400,0.747396,0,11,77.0833,0
8x4x12,100,438,0.13192,38400,0.747396,0,11,77.0833,0
8x4x12,100,439,0.133739,38400,0.747396,0,11,77.0833,0
8x4x12,100,440,0.13174,38400,0.747396,0,11,77.0833,0
8x4x12,100,441,0.131299,38400,0.747396,0,11,77.0833,0
8x4x12,100,442,0.12978,38400,0.747396,0,11,77.0833,0
8x4x12,100,443,0.142279,38400,0.747396,0,11,77.0833,0
8x4x12,100,444,0.168049,38400,0.747396,0,11,77.0833,0
8x4x12,100,445,0.13061,38400,0.747396,0,11,77.0833,0
8x4x12,100,446,0.252499,38400,0.747396,0,11,77.0833,0
8x4x12,100,447,0.130769,38400,0.747396,0,11,77.0833,0
8x4x12,100,448,0.137,38400,0.747396,0,11,77.0833,0
8x4x12,100,449,0.201709,38400,0.747396,0,11,77.0833,0
8x4x12,100,450,0.203929,38400,0.747396,0,11,77.0833,0
8x4x12,100,451,0.15573,38400,0.747396,0,11,77.0833,0
8x4x12,100,452,0.164979,38400,0.747396,0,11,77.0833,0
8x4x12,100,453,0.193369,38400,0.747396,0,11,77.0833,0
8x4x12,100,454,0.14802,38400,0.747396,0,11,77.0833,0
8x4x12,100,455,0.137609,38400,0.747396,0,11,77.0833,0
8x4x12,100,456,0.16458,38400,0.747396,0,11,77.0833,0
8x4x12,100,457,0.143989,38400,0.747396,0,11,77.0833,0
8x4x12,100,458,0.1975,38400,0.747396,0,11,77.0833,0
8x4x12,100,459,0.134109,38400,0.747396,0,11,77.0833,0
8x4x12,100,460,0.229239,38400,0.747396,0,11,77.0833,0
8x4x12,100,461,0.14051,38400,0.747396,0,11,77.0833,0
8x4x12,100,462,0.134539,38400,0.747396,0,11,77.0833,0
8x4x12,100,463,0.17219,38400,0.747396,0,11,77.0833,0
8x4x12,100,464,0.161729,38400,0.747396,0,11,77.0833,0
8x4x12,100,465,0.202149,38400,0.747396,0,11,77.0833,0
8x4x12,100,466,0.13385,38400,0.747396,0,11,77.0833,0
8x4x12,100,467,0.130969,38400,0.747396,0,11,77.0833,0
8x4x12,100,468,0.14128,38400,0.747396,0,11,77.0833,0
8x4x12,100,469,0.129519,38400,0.747396,0,11,77.0833,0
8x4x12,100,470,0.209029,38400,0.747396,0,11,77.0833,0
8x4x12,100,471,0.248369,38400,0.747396,0,11,77.0833,0
8x4x12,100,472,0.252379,38400,0.747396,0,11,77.0833,0
8x4x12,100,473,0.264729,38400,0.747396,0,11,77.0833,0
8x4x12,100,474,0.257939,38400,0.747396,0,11,77.0833,0
8x4x12,100,475,0.253619,38400,0.747396,0,11,77.0833,0
8x4x12,100,476,0.17371,38400,0.747396,0,11,77.0833,0
8x4x12,100,477,0.209889,38400,0.747396,0,11,77.0833,0
8x4x12,100,478,0.213619,38400,0.747396,0,11,77.0833,0
8x4x12,100,479,0.17598,38400,0.747396,0,11,77.0833,0
8x4x12,100,480,0.132849,38400,0.747396,0,11,77.0833,0
8x4x12,100,481,0.13224,38400,0.747396,0,11,77.0833,0
8x4x12,100,482,0.132039,38400,0.747396,0,11,77.0833,0
8x4x12,100,483,0.13862,38400,0.747396,0,11,77.0833,0
8x4x12,100,484,0.129979,38400,0.747396,0,11,77.0833,0
8x4x12,100,485,0.13011,38400,0.747396,0,11,77.0833,0
8x4x12,100,486,0.129809,38400,0.747396,0,11,77.0833,0
8x4x12,100,487,0.13189,38400,0.747396,0,11,77.0833,0
8x4x12,100,488,0.129429,38400,0.747396,0,11,77.0833,0
8x4x12,100,489,0.13807,38400,0.747396,0,11,77.0833,0
8x4x12,100,490,0.162429,38400,0.747396,0,11,77.0833,0
8x4x12,100,491,0.1323,38400,0.747396,0,11,77.0833,0
8x4x12,100,492,0.130979,38400,0.747396,0,11,77.0833,0
8x4x12,100,493,0.13438,38400,0.747396,0,11,77.0833,0
8x4x12,100,494,0.14574,38400,0.747396,0,11,77.0833,0
8x4x12,100,495,0.130369,38400,0.747396,0,11,77.0833,0
8x4x12,100,496,0.14602,38400,0.747396,0,11,77.0833,0
8x4x12,100,497,0.142639,38400,0.747396,0,11,77.0833,0
8x4x12,100,498,0.13592,38400,0.747396,0,11,77.0833,0
8x4x12,100,499,0.134179,38400,0.747396,0,11,77.0833,0
8x4x12,100,500,0.19049,38400,0.747396,0,11,77.0833,0
8x4x12,100,501,0.134079,38400,0.747396,0,11,77.0833,0
8x4x12,100,502,0.13095,38400,0.747396,0,11,77.0833,0
8x4x12,100,503,0.129789,38400,0.747396,0,11,77.0833,0
8x4x12,100,504,0.248749,38400,0.747396,0,11,77.0833,0
8x4x12,100,505,0.13104,38400,0.747396,0,11,77.0833,0
8x4x12,100,506,0.129329,38400,0.747396,0,11,77.0833,0
8x4x12,100,507,0.13259,38400,0.747396,0,11,77.0833,0
8x4x12,100,508,0.198449,38400,0.747396,0,11,77.0833,0
8x4x12,100,509,0.13878,38400,0.747396,0,11,77.0833,0
8x4x12,100,510,0.133429,38400,0.747396,0,11,77.0833,0
8x4x12,100,511,0.205939,38400,0.747396,0,11,77.0833,0
8x4x12,100,512,0.15531,38400,0.747396,0,11,77.0833,0
8x4x12,100,513,0.160769,38400,0.747396,0,11,77.0833,0
8x4x12,100,514,0.13365,38400,0.747396,0,11,77.0833,0
8x4x12,100,515,0.208549,38400,0.747396,0,11,77.0833,0
8x4x12,100,516,0.131649,38400,0.747396,0,11,77.0833,0
8x4x12,100,517,0.14076,38400,0.747396,0,11,77.0833,0
8x4x12,100,518,0.134709,38400,0.747396,0,11,77.0833,0
8x4x12,100,519,0.13474,38400,0.747396,0,11,77.0833,0
8x4x12,100,520,0.149609,38400,0.747396,0,11,77.0833,0
8x4x12,100,521,0.14958,38400,0.747396,0,11,77.0833,0
8x4x12,100,522,0.135199,38400,0.747396,0,11,77.0833,0
8x4x12,100,523,0.13394,38400,0.747396,0,11,77.0833,0
8x4x12,100,524,0.147729,38400,0.747396,0,11,77.0833,0
8x4x12,100,525,0.134029,38400,0.747396,0,11,77.0833,0
8x4x12,100,526,0.13252,38400,0.747396,0,11,77.0833,0
8x4x12,100,527,0.146749,38400,0.747396,0,11,77.0833,0
8x4x12,100,528,0.13225,38400,0.747396,0,11,77.0833,0
8x4x12,100,529,0.134219,38400,0.747396,0,11,77.0833,0
8x4x12,100,530,0.13117,38400,0.747396,0,11,77.0833,0
8x4x12,100,531,0.159979,38400,0.747396,0,11,77.0833,0
8x4x12,100,532,0.13153,38400,0.747396,0,11,77.0833,0
8x4x12,100,533,0.131649,38400,0.747396,0,11,77.0833,0
8x4x12,100,534,0.13267,38400,0.747396,0,11,77.0833,0
8x4x12,100,535,0.160249,38400,0.747396,0,11,77.0833,0
8x4x12,100,536,0.13924,38400,0.747396,0,11,77.0833,0
8x4x12,100,537,0.133719,38400,0.747396,0,11,77.0833,0
8x4x12,100,538,0.13498,38400,0.747396,0,11,77.0833,0
8x4x12,100,539,0.140249,38400,0.747396,0,11,77.0833,0
8x4x12,100,540,0.12974,38400,0.747396,0,11,77.0833,0
8x4x12,100,541,0.164009,38400,0.747396,0,11,77.0833,0
8x4x12,100,542,0.18037,38400,0.747396,0,11,77.0833,0
8x4x12,100,543,0.137619,38400,0.747396,0,11,77.0833,0
8x4x12,100,544,0.14146,38400,0.747396,0,11,77.0833,0
8x4x12,100,545,0.144559,38400,0.747396,0,11,77.0833,0
8x4x12,100,546,0.148799,38400,0.747396,0,11,77.0833,0
8x4x12,100,547,0.17707,38400,0.747396,0,11,77.0833,0
8x4x12,100,548,0.129879,38400,0.747396,0,11,77.0833,0
8x4x12,100,549,0.211369,38400,0.747396,0,11,77.0833,0
8x4x12,100,550,0.1402,38400,0.747396,0,11,77.0833,0
8x4x12,100,551,0.242969,38400,0.747396,0,11,77.0833,0
8x4x12,100,552,0.129009,38400,0.747396,0,11,77.0833,0
8x4x12,100,553,0.13218,38400,0.747396,0,11,77.0833,0
8x4x12,100,554,0.156519,38400,0.747396,0,11,77.0833,0
8x4x12,100,555,0.2006,38400,0.747396,0,11,77.0833,0
8x4x12,100,556,0.130659,38400,0.747396,0,11,77.0833,0
8x4x12,100,557,0.13692,38400,0.747396,0,11,77.0833,0
8x4x12,100,558,0.152269,38400,0.747396,0,11,77.0833,0
8x4x12,100,559,0.13802,38400,0.747396,0,11,77.0833,0
8x4x12,100,560,0.129489,38400,0.747396,0,11,77.0833,0
8x4x12,100,561,0.12864,38400,0.747396,0,11,77.0833,0
8x4x12,100,562,0.131319,38400,0.747396,0,11,77.0833,0
8x4x12,100,563,0.13062,38400,0.747396,0,11,77.0833,0
8x4x12,100,564,0.232099,38400,0.747396,0,11,77.0833,0
8x4x12,100,565,0.200419,38400,0.747396,0,11,77.0833,0
8x4x12,100,566,0.13335,38400,0.747396,0,11,77.0833,0
8x4x12,100,567,0.158649,38400,0.747396,0,11,77.0833,0
8x4x12,100,568,0.13221,38400,0.747396,0,11,77.0833,0
8x4x12,100,569,0.131979,38400,0.747396,0,11,77.0833,0
8x4x12,100,570,0.175529,38400,0.747396,0,11,77.0833,0
8x4x12,100,571,0.224349,38400,0.747396,0,11,77.0833,0
8x4x12,100,572,0.19114,38400,0.747396,0,11,77.0833,0
8x4x12,100,573,0.160199,38400,0.747396,0,11,77.0833,0
8x4x12,100,574,0.13632,38400,0.747396,0,11,77.0833,0
8x4x12,100,575,0.145599,38400,0.747396,0,11,77.0833,0
8x4x12,100,576,0.143169,38400,0.747396,0,11,77.0833,0
8x4x12,100,577,0.24612,38400,0.747396,0,11,77.0833,0
8x4x12,100,578,0.231409,38400,0.747396,0,11,77.0833,0
8x4x12,100,579,0.141099,38400,0.747396,0,11,77.0833,0
8x4x12,100,580,0.13354,38400,0.747396,0,11,77.0833,0
8x4x12,100,581,0.132509,38400,0.747396,0,11,77.0833,0
8x4x12,100,582,0.167769,38400,0.747396,0,11,77.0833,0
8x4x12,100,583,0.13229,38400,0.747396,0,11,77.0833,0
8x4x12,100,584,0.1285,38400,0.747396,0,11,77.0833,0
8x4x12,100,585,0.133389,38400,0.747396,0,11,77.0833,0
8x4x12,100,586,0.13337,38400,0.747396,0,11,77.0833,0
8x4x12,100,587,0.133399,38400,0.747396,0,11,77.0833,0
8x4x12,100,588,0.13291,38400,0.747396,0,11,77.0833,0
8x4x12,100,589,0.150079,38400,0.747396,0,11,77.0833,0
8x4x12,100,590,0.13435,38400,0.747396,0,11,77.0833,0
8x4x12,100,591,0.133559,38400,0.747396,0,11,77.0833,0
8x4x12,100,592,0.13305,38400,0.747396,0,11,77.0833,0
8x4x12,100,593,0.132339,38400,0.747396,0,11,77.0833,0
8x4x12,100,594,0.13171,38400,0.747396,0,11,77.0833,0
8x4x12,100,595,0.133119,38400,0.747396,0,11,77.0833,0
8x4x12,100,596,0.1367,38400,0.747396,0,11,77.0833,0
8x4x12,100,597,0.132549,38400,0.747396,0,11,77.0833,0
8x4x12,100,598,0.13373,38400,0.747396,0,11,77.0833,0
8x4x12,100,599,0.134779,38400,0.747396,0,11,77.0833,0
8x4x12,100,600,0.13056,38400,0.747396,0,11,77.0833,0
8x4x12,100,601,0.132759,38400,0.747396,0,11,77.0833,0
8x4x12,100,602,0.13271,38400,0.747396,0,11,77.0833,0
8x4x12,100,603,0.192549,38400,0.747396,0,11,77.0833,0
8x4x12,100,604,0.140709,38400,0.747396,0,11,77.0833,0
8x4x12,100,605,0.1342,38400,0.747396,0,11,77.0833,0
8x4x12,100,606,0.133599,38400,0.747396,0,11,77.0833,0
8x4x12,100,607,0.13087,38400,0.747396,0,11,77.0833,0
8x4x12,100,608,0.1302,38400,0.747396,0,11,77.0833,0
8x4x12,100,609,0.193709,38400,0.747396,0,11,77.0833,0
8x4x12,100,610,0.212669,38400,0.747396,0,11,77.0833,0
8x4x12,100,611,0.1359,38400,0.747396,0,11,77.0833,0
8x4x12,100,612,0.189459,38400,0.747396,0,11,77.0833,0
8x4x12,100,613,0.133209,38400,0.747396,0,11,77.0833,0
8x4x12,100,614,0.16691,38400,0.747396,0,11,77.0833,0
8x4x12,100,615,0.132229,38400,0.747396,0,11,77.0833,0
8x4x12,100,616,0.163889,38400,0.747396,0,11,77.0833,0
8x4x12,100,617,0.13323,38400,0.747396,0,11,77.0833,0
8x4x12,100,618,0.175709,38400,0.747396,0,11,77.0833,0
8x4x12,100,619,0.16217,38400,0.747396,0,11,77.0833,0
8x4x12,100,620,0.186569,38400,0.747396,0,11,77.0833,0
8x4x12,100,621,0.194249,38400,0.747396,0,11,77.0833,0
8x4x12,100,622,0.176429,38400,0.747396,0,11,77.0833,0
8x4x12,100,623,0.13237,38400,0.747396,0,11,77.0833,0
8x4x12,100,624,0.135299,38400,0.747396,0,11,77.0833,0
8x4x12,100,625,0.13449,38400,0.747396,0,11,77.0833,0
8x4x12,100,626,0.134869,38400,0.747396,0,11,77.0833,0
8x4x12,100,627,0.13286,38400,0.747396,0,11,77.0833,0
8x4x12,100,628,0.133429,38400,0.747396,0,11,77.0833,0
8x4x12,100,629,0.13635,38400,0.747396,0,11,77.0833,0
8x4x12,100,630,0.128119,38400,0.747396,0,11,77.0833,0
8x4x12,100,631,0.18236,38400,0.747396,0,11,77.0833,0
8x4x12,100,632,0.237509,38400,0.747396,0,11,77.0833,0
8x4x12,100,633,0.236239,38400,0.747396,0,11,77.0833,0
8x4x12,100,634,0.241119,38400,0.747396,0,11,77.0833,0
8x4x12,100,635,0.21505,38400,0.747396,0,11,77.0833,0
8x4x12,100,636,0.129029,38400,0.747396,0,11,77.0833,0
8x4x12,100,637,0.12731,38400,0.747396,0,11,77.0833,0
8x4x12,100,638,0.129159,38400,0.747396,0,11,77.0833,0
8x4x12,100,639,0.13056,38400,0.747396,0,11,77.0833,0
8x4x12,100,640,0.129069,38400,0.747396,0,11,77.0833,0
8x4x12,100,641,0.13554,38400,0.747396,0,11,77.0833,0
8x4x12,100,642,0.129689,38400,0.747396,0,11,77.0833,0
8x4x12,100,643,0.144709,38400,0.747396,0,11,77.0833,0
8x4x12,100,644,0.2055,38400,0.747396,0,11,77.0833,0
8x4x12,100,645,0.255469,38400,0.747396,0,11,77.0833,0
8x4x12,100,646,0.250359,38400,0.747396,0,11,77.0833,0
8x4x12,100,647,0.215949,38400,0.747396,0,11,77.0833,0
8x4x12,100,648,0.132559,38400,0.747396,0,11,77.0833,0
8x4x12,100,649,0.13551,38400,0.747396,0,11,77.0833,0
8x4x12,100,650,0.130589,38400,0.747396,0,11,77.0833,0
8x4x12,100,651,0.13721,38400,0.747396,0,11,77.0833,0
8x4x12,100,652,0.135089,38400,0.747396,0,11,77.0833,0
8x4x12,100,653,0.12893,38400,0.747396,0,11,77.0833,0
8x4x12,100,654,0.168509,38400,0.747396,0,11,77.0833,0
8x4x12,100,655,0.12926,38400,0.747396,0,11,77.0833,0
8x4x12,100,656,0.226489,38400,0.747396,0,11,77.0833,0
8x4x12,100,657,0.12651,38400,0.747396,0,11,77.0833,0
8x4x12,100,658,0.130819,38400,0.747396,0,11,77.0833,0
8x4x12,100,659,0.15793,38400,0.747396,0,11,77.0833,0
8x4x12,100,660,0.155319,38400,0.747396,0,11,77.0833,0
8x4x12,100,661,0.175969,38400,0.747396,0,11,77.0833,0
8x4x12,100,662,0.12695,38400,0.747396,0,11,77.0833,0
8x4x12,100,663,0.127949,38400,0.747396,0,11,77.0833,0
8x4x12,100,664,0.12967,38400,0.747396,0,11,77.0833,0
8x4x12,100,665,0.153569,38400,0.747396,0,11,77.0833,0
8x4x12,100,666,0.13399,38400,0.747396,0,11,77.0833,0
8x4x12,100,667,0.126519,38400,0.747396,0,11,77.0833,0
8x4x12,100,668,0.12977,38400,0.747396,0,11,77.0833,0
8x4x12,100,669,0.133149,38400,0.747396,0,11,77.0833,0
8x4x12,100,670,0.15204,38400,0.747396,0,11,77.0833,0
8x4x12,100,671,0.128169,38400,0.747396,0,11,77.0833,0
8x4x12,100,672,0.13275,38400,0.747396,0,11,77.0833,0
8x4x12,100,673,0.133429,38400,0.747396,0,11,77.0833,0
8x4x12,100,674,0.1303,38400,0.747396,0,11,77.0833,0
8x4x12,100,675,0.128649,38400,0.747396,0,11,77.0833,0
8x4x12,100,676,0.12762,38400,0.747396,0,11,77.0833,0
8x4x12,100,677,0.128579,38400,0.747396,0,11,77.0833,0
8x4x12,100,678,0.15907,38400,0.747396,0,11,77.0833,0
8x4x12,100,679,0.131829,38400,0.747396,0,11,77.0833,0
8x4x12,100,680,0.13654,38400,0.747396,0,11,77.0833,0
8x4x12,100,681,0.156079,38400,0.747396,0,11,77.0833,0
8x4x12,100,682,0.13649,38400,0.747396,0,11,77.0833,0
8x4x12,100,683,0.225639,38400,0.747396,0,11,77.0833,0
8x4x12,100,684,0.128739,38400,0.747396,0,11,77.0833,0
8x4x12,100,685,0.12849,38400,0.747396,0,11,77.0833,0
8x4x12,100,686,0.131049,38400,0.747396,0,11,77.0833,0
8x4x12,100,687,0.13208,38400,0.747396,0,11,77.0833,0
8x4x12,100,688,0.131599,38400,0.747396,0,11,77.0833,0
8x4x12,100,689,0.13033,38400,0.747396,0,11,77.0833,0
8x4x12,100,690,0.128809,38400,0.747396,0,11,77.0833,0
8x4x12,100,691,0.12954,38400,0.747396,0,11,77.0833,0
8x4x12,100,692,0.131089,38400,0.747396,0,11,77.0833,0
8x4x12,100,693,0.12859,38400,0.747396,0,11,77.0833,0
8x4x12,100,694,0.129059,38400,0.747396,0,11,77.0833,0
8x4x12,100,695,0.13381,38400,0.747396,0,11,77.0833,0
8x4x12,100,696,0.137699,38400,0.747396,0,11,77.0833,0
8x4x12,100,697,0.13036,38400,0.747396,0,11,77.0833,0
8x4x12,100,698,0.129459,38400,0.747396,0,11,77.0833,0
8x4x12,100,699,0.14497,38400,0.747396,0,11,77.0833,0
8x4x12,100,700,0.128269,38400,0.747396,0,11,77.0833,0
8x4x12,100,701,0.12867,38400,0.747396,0,11,77.0833,0
8x4x12,100,702,0.135949,38400,0.747396,0,11,77.0833,0
8x4x12,100,703,0.13072,38400,0.747396,0,11,77.0833,0
8x4x12,100,704,0.130689,38400,0.747396,0,11,77.0833,0
8x4x12,100,705,0.13254,38400,0.747396,0,11,77.0833,0
8x4x12,100,706,0.130979,38400,0.747396,0,11,77.0833,0
8x4x12,100,707,0.12881,38400,0.747396,0,11,77.0833,0
8x4x12,100,708,0.131779,38400,0.747396,0,11,77.0833,0
8x4x12,100,709,0.13214,38400,0.747396,0,11,77.0833,0
8x4x12,100,710,0.137029,38400,0.747396,0,11,77.0833,0
8x4x12,100,711,0.13016,38400,0.747396,0,11,77.0833,0
8x4x12,100,712,0.131429,38400,0.747396,0,11,77.0833,0
8x4x12,100,713,0.12978,38400,0.747396,0,11,77.0833,0
8x4x12,100,714,0.1446,38400,0.747396,0,11,77.0833,0
8x4x12,100,715,0.129969,38400,0.747396,0,11,77.0833,0
8x4x12,100,716,0.13246,38400,0.747396,0,11,77.0833,0
8x4x12,100,717,0.136849,38400,0.747396,0,11,77.0833,0
8x4x12,100,718,0.12962,38400,0.747396,0,11,77.0833,0
8x4x12,100,719,0.158419,38400,0.747396,0,11,77.0833,0
8x4x12,100,720,0.12893,38400,0.747396,0,11,77.0833,0
8x4x12,100,721,0.192609,38400,0.747396,0,11,77.0833,0
8x4x12,100,722,0.130589,38400,0.747396,0,11,77.0833,0
8x4x12,100,723,0.12865,38400,0.747396,0,11,77.0833,0
8x4x12,100,724,0.142089,38400,0.747396,0,11,77.0833,0
8x4x12,100,725,0.15968,38400,0.747396,0,11,77.0833,0
8x4x12,100,726,0.186519,38400,0.747396,0,11,77.0833,0
8x4x12,100,727,0.240899,38400,0.747396,0,11,77.0833,0
8x4x12,100,728,0.244169,38400,0.747396,0,11,77.0833,0
8x4x12,100,729,0.181459,38400,0.747396,0,11,77.0833,0
8x4x12,100,730,0.18345,38400,0.747396,0,11,77.0833,0
8x4x12,100,731,0.176999,38400,0.747396,0,11,77.0833,0
8x4x12,100,732,0.131959,38400,0.747396,0,11,77.0833,0
8x4x12,100,733,0.1332,38400,0.747396,0,11,77.0833,0
8x4x12,100,734,0.138689,38400,0.747396,0,11,77.0833,0
8x4x12,100,735,0.13694,38400,0.747396,0,11,77.0833,0
8x4x12,100,736,0.127499,38400,0.747396,0,11,77.0833,0
8x4x12,100,737,0.1301,38400,0.747396,0,11,77.0833,0
8x4x12,100,738,0.13168,38400,0.747396,0,11,77.0833,0
8x4x12,100,739,0.131989,38400,0.747396,0,11,77.0833,0
8x4x12,100,740,0.1296,38400,0.747396,0,11,77.0833,0
8x4x12,100,741,0.131559,38400,0.747396,0,11,77.0833,0
8x4x12,100,742,0.17278,38400,0.747396,0,11,77.0833,0
8x4x12,100,743,0.137279,38400,0.747396,0,11,77.0833,0
8x4x12,100,744,0.175709,38400,0.747396,0,11,77.0833,0
8x4x12,100,745,0.12703,38400,0.747396,0,11,77.0833,0
8x4x12,100,746,0.128279,38400,0.747396,0,11,77.0833,0
8x4x12,100,747,0.15753,38400,0.747396,0,11,77.0833,0
8x4x12,100,748,0.221649,38400,0.747396,0,11,77.0833,0
8x4x12,100,749,0.137759,38400,0.747396,0,11,77.0833,0
8x4x12,100,750,0.13124,38400,0.747396,0,11,77.0833,0
8x4x12,100,751,0.130569,38400,0.747396,0,11,77.0833,0
8x4x12,100,752,0.16641,38400,0.747396,0,11,77.0833,0
8x4x12,100,753,0.177269,38400,0.747396,0,11,77.0833,0
8x4x12,100,754,0.14883,38400,0.747396,0,11,77.0833,0
8x4x12,100,755,0.144289,38400,0.747396,0,11,77.0833,0
8x4x12,100,756,0.148169,38400,0.747396,0,11,77.0833,0
8x4x12,100,757,0.13794,38400,0.747396,0,11,77.0833,0
8x4x12,100,758,0.252169,38400,0.747396,0,11,77.0833,0
8x4x12,100,759,0.203149,38400,0.747396,0,11,77.0833,0
8x4x12,100,760,0.13903,38400,0.747396,0,11,77.0833,0
8x4x12,100,761,0.137119,38400,0.747396,0,11,77.0833,0
8x4x12,100,762,0.12786,38400,0.747396,0,11,77.0833,0
8x4x12,100,763,0.132149,38400,0.747396,0,11,77.0833,0
8x4x12,100,764,0.13197,38400,0.747396,0,11,77.0833,0
8x4x12,100,765,0.133489,38400,0.747396,0,11,77.0833,0
8x4x12,100,766,0.13291,38400,0.747396,0,11,77.0833,0
8x4x12,100,767,0.132399,38400,0.747396,0,11,77.0833,0
8x4x12,100,768,0.20296,38400,0.747396,0,11,77.0833,0
8x4x12,100,769,0.129709,38400,0.747396,0,11,77.0833,0
8x4x12,100,770,0.1307,38400,0.747396,0,11,77.0833,0
8x4x12,100,771,0.131099,38400,0.747396,0,11,77.0833,0
8x4x12,100,772,0.13205,38400,0.747396,0,11,77.0833,0
8x4x12,100,773,0.131039,38400,0.747396,0,11,77.0833,0
8x4x12,100,774,0.303879,38400,0.747396,0,11,77.0833,0
8x4x12,100,775,0.130779,38400,0.747396,0,11,77.0833,0
8x4x12,100,776,0.15922,38400,0.747396,0,11,77.0833,0
8x4x12,100,777,0.131669,38400,0.747396,0,11,77.0833,0
8x4x12,100,778,0.13214,38400,0.747396,0,11,77.0833,0
8x4x12,100,779,0.164929,38400,0.747396,0,11,77.0833,0
8x4x12,100,780,0.1403,38400,0.747396,0,11,77.0833,0
8x4x12,100,781,0.142139,38400,0.747396,0,11,77.0833,0
8x4x12,100,782,0.156929,38400,0.747396,0,11,77.0833,0
8x4x12,100,783,0.12934,38400,0.747396,0,11,77.0833,0
8x4x12,100,784,0.166399,38400,0.747396,0,11,77.0833,0
8x4x12,100,785,0.13514,38400,0.747396,0,11,77.0833,0
8x4x12,100,786,0.131119,38400,0.747396,0,11,77.0833,0
8x4x12,100,787,0.17473,38400,0.747396,0,11,77.0833,0
8x4x12,100,788,0.190929,38400,0.747396,0,11,77.0833,0
8x4x12,100,789,0.173469,38400,0.747396,0,11,77.0833,0
8x4x12,100,790,0.13278,38400,0.747396,0,11,77.0833,0
8x4x12,100,791,0.132329,38400,0.747396,0,11,77.0833,0
8x4x12,100,792,0.14556,38400,0.747396,0,11,77.0833,0
8x4x12,100,793,0.126509,38400,0.747396,0,11,77.0833,0
8x4x12,100,794,0.12975,38400,0.747396,0,11,77.0833,0
8x4x12,100,795,0.13687,38400,0.747396,0,11,77.0833,0
8x4x12,100,796,0.132089,38400,0.747396,0,11,77.0833,0
8x4x12,100,797,0.13205,38400,0.747396,0,11,77.0833,0
8x4x12,100,798,0.129709,38400,0.747396,0,11,77.0833,0
8x4x12,100,799,0.13136,38400,0.747396,0,11,77.0833,0
8x4x12,100,800,0.12766,38400,0.747396,0,11,77.0833,0
8x4x12,100,801,0.133509,38400,0.747396,0,11,77.0833,0
8x4x12,100,802,0.13681,38400,0.747396,0,11,77.0833,0
8x4x12,100,803,0.126729,38400,0.747396,0,11,77.0833,0
8x4x12,100,804,0.13188,38400,0.747396,0,11,77.0833,0
8x4x12,100,805,0.128949,38400,0.747396,0,11,77.0833,0
8x4x12,100,806,0.14089,38400,0.747396,0,11,77.0833,0
8x4x12,100,807,0.129209,38400,0.747396,0,11,77.0833,0
8x4x12,100,808,0.13174,38400,0.747396,0,11,77.0833,0
8x4x12,100,809,0.129749,38400,0.747396,0,11,77.0833,0
8x4x12,100,810,0.13173,38400,0.747396,0,11,77.0833,0
8x4x12,100,811,0.127139,38400,0.747396,0,11,77.0833,0
8x4x12,100,812,0.13778,38400,0.747396,0,11,77.0833,0
8x4x12,100,813,0.125769,38400,0.747396,0,11,77.0833,0
8x4x12,100,814,0.12979,38400,0.747396,0,11,77.0833,0
8x4x12,100,815,0.126969,38400,0.747396,0,11,77.0833,0
8x4x12,100,816,0.13016,38400,0.747396,0,11,77.0833,0
8x4x12,100,817,0.134689,38400,0.747396,0,11,77.0833,0
8x4x12,100,818,0.12905,38400,0.747396,0,11,77.0833,0
8x4x12,100,819,0.12932,38400,0.747396,0,11,77.0833,0
8x4x12,100,820,0.126919,38400,0.747396,0,11,77.0833,0
8x4x12,100,821,0.1271,38400,0.747396,0,11,77.0833,0
8x4x12,100,822,0.128599,38400,0.747396,0,11,77.0833,0
8x4x12,100,823,0.14006,38400,0.747396,0,11,77.0833,0
8x4x12,100,824,0.128719,38400,0.747396,0,11,77.0833,0
8x4x12,100,825,0.13588,38400,0.747396,0,11,77.0833,0
8x4x12,100,826,0.141189,38400,0.747396,0,11,77.0833,0
8x4x12,100,827,0.12858,38400,0.747396,0,11,77.0833,0
8x4x12,100,828,0.129879,38400,0.747396,0,11,77.0833,0
8x4x12,100,829,0.15194,38400,0.747396,0,11,77.0833,0
8x4x12,100,830,0.128459,38400,0.747396,0,11,77.0833,0
8x4x12,100,831,0.12572,38400,0.747396,0,11,77.0833,0
8x4x12,100,832,0.139129,38400,0.747396,0,11,77.0833,0
8x4x12,100,833,0.12976,38400,0.747396,0,11,77.0833,0
8x4x12,100,834,0.217809,38400,0.747396,0,11,77.0833,0
8x4x12,100,835,0.131489,38400,0.747396,0,11,77.0833,0
8x4x12,100,836,0.13973,38400,0.747396,0,11,77.0833,0
8x4x12,100,837,0.163229,38400,0.747396,0,11,77.0833,0
8x4x12,100,838,0.13128,38400,0.747396,0,11,77.0833,0
8x4x12,100,839,0.196799,38400,0.747396,0,11,77.0833,0
8x4x12,100,840,0.127069,38400,0.747396,0,11,77.0833,0
8x4x12,100,841,0.16211,38400,0.747396,0,11,77.0833,0
8x4x12,100,842,0.144589,38400,0.747396,0,11,77.0833,0
8x4x12,100,843,0.17551,38400,0.747396,0,11,77.0833,0
8x4x12,100,844,0.127439,38400,0.747396,0,11,77.0833,0
8x4x12,100,845,0.13198,38400,0.747396,0,11,77.0833,0
8x4x12,100,846,0.153789,38400,0.747396,0,11,77.0833,0
8x4x12,100,847,0.13069,38400,0.747396,0,11,77.0833,0
8x4x12,100,848,0.153239,38400,0.747396,0,11,77.0833,0
8x4x12,100,849,0.1786,38400,0.747396,0,11,77.0833,0
8x4x12,100,850,0.12873,38400,0.747396,0,11,77.0833,0
8x4x12,100,851,0.12686,38400,0.747396,0,11,77.0833,0
8x4x12,100,852,0.135579,38400,0.747396,0,11,77.0833,0
8x4x12,100,853,0.12869,38400,0.747396,0,11,77.0833,0
8x4x12,100,854,0.127559,38400,0.747396,0,11,77.0833,0
8x4x12,100,855,0.12875,38400,0.747396,0,11,77.0833,0
8x4x12,100,856,0.141059,38400,0.747396,0,11,77.0833,0
8x4x12,100,857,0.12674,38400,0.747396,0,11,77.0833,0
8x4x12,100,858,0.128629,38400,0.747396,0,11,77.0833,0
8x4x12,100,859,0.12727,38400,0.747396,0,11,77.0833,0
8x4x12,100,860,0.131749,38400,0.747396,0,11,77.0833,0
8x4x12,100,861,0.12938,38400,0.747396,0,11,77.0833,0
8x4x12,100,862,0.143709,38400,0.747396,0,11,77.0833,0
8x4x12,100,863,0.190259,38400,0.747396,0,11,77.0833,0
8x4x12,100,864,0.12835,38400,0.747396,0,11,77.0833,0
8x4x12,100,865,0.127069,38400,0.747396,0,11,77.0833,0
8x4x12,100,866,0.14605,38400,0.747396,0,11,77.0833,0
8x4x12,100,867,0.140439,38400,0.747396,0,11,77.0833,0
8x4x12,100,868,0.12817,38400,0.747396,0,11,77.0833,0
8x4x12,100,869,0.127699,38400,0.747396,0,11,77.0833,0
8x4x12,100,870,0.12862,38400,0.747396,0,11,77.0833,0
8x4x12,100,871,0.132699,38400,0.747396,0,11,77.0833,0
8x4x12,100,872,0.128,38400,0.747396,0,11,77.0833,0
8x4x12,100,873,0.129309,38400,0.747396,0,11,77.0833,0
8x4x12,100,874,0.13048,38400,0.747396,0,11,77.0833,0
8x4x12,100,875,0.136859,38400,0.747396,0,11,77.0833,0
8x4x12,100,876,0.13963,38400,0.747396,0,11,77.0833,0
8x4x12,100,877,0.169419,38400,0.747396,0,11,77.0833,0
8x4x12,100,878,0.12761,38400,0.747396,0,11,77.0833,0
8x4x12,100,879,0.124549,38400,0.747396,0,11,77.0833,0
8x4x12,100,880,0.12672,38400,0.747396,0,11,77.0833,0
8x4x12,100,881,0.13227,38400,0.747396,0,11,77.0833,0
8x4x12,100,882,0.128109,38400,0.747396,0,11,77.0833,0
8x4x12,100,883,0.13368,38400,0.747396,0,11,77.0833,0
8x4x12,100,884,0.126899,38400,0.747396,0,11,77.0833,0
8x4x12,100,885,0.12655,38400,0.747396,0,11,77.0833,0
8x4x12,100,886,0.152999,38400,0.747396,0,11,77.0833,0
8x4x12,100,887,0.127269,38400,0.747396,0,11,77.0833,0
8x4x12,100,888,0.25567,38400,0.747396,0,11,77.0833,0
8x4x12,100,889,0.12674,38400,0.747396,0,11,77.0833,0
8x4x12,100,890,0.139439,38400,0.747396,0,11,77.0833,0
8x4x12,100,891,0.17494,38400,0.747396,0,11,77.0833,0
8x4x12,100,892,0.201019,38400,0.747396,0,11,77.0833,0
8x4x12,100,893,0.12641,38400,0.747396,0,11,77.0833,0
8x4x12,100,894,0.129359,38400,0.747396,0,11,77.0833,0
8x4x12,100,895,0.13208,38400,0.747396,0,11,77.0833,0
8x4x12,100,896,0.161399,38400,0.747396,0,11,77.0833,0
8x4x12,100,897,0.127899,38400,0.747396,0,11,77.0833,0
8x4x12,100,898,0.12692,38400,0.747396,0,11,77.0833,0
8x4x12,100,899,0.125669,38400,0.747396,0,11,77.0833,0
8x4x12,100,900,0.12417,38400,0.747396,0,11,77.0833,0
8x4x12,100,901,0.127949,38400,0.747396,0,11,77.0833,0
8x4x12,100,902,0.17175,38400,0.747396,0,11,77.0833,0
8x4x12,100,903,0.161229,38400,0.747396,0,11,77.0833,0
8x4x12,100,904,0.13376,38400,0.747396,0,11,77.0833,0
8x4x12,100,905,0.125499,38400,0.747396,0,11,77.0833,0
8x4x12,100,906,0.15425,38400,0.747396,0,11,77.0833,0
8x4x12,100,907,0.123469,38400,0.747396,0,11,77.0833,0
8x4x12,100,908,0.25591,38400,0.747396,0,11,77.0833,0
8x4x12,100,909,0.128509,38400,0.747396,0,11,77.0833,0
8x4x12,100,910,0.162499,38400,0.747396,0,11,77.0833,0
8x4x12,100,911,0.13439,38400,0.747396,0,11,77.0833,0
8x4x12,100,912,0.126489,38400,0.747396,0,11,77.0833,0
8x4x12,100,913,0.12909,38400,0.747396,0,11,77.0833,0
8x4x12,100,914,0.128739,38400,0.747396,0,11,77.0833,0
8x4x12,100,915,0.16871,38400,0.747396,0,11,77.0833,0
8x4x12,100,916,0.127709,38400,0.747396,0,11,77.0833,0
8x4x12,100,917,0.12588,38400,0.747396,0,11,77.0833,0
8x4x12,100,918,0.125469,38400,0.747396,0,11,77.0833,0
8x4x12,100,919,0.12517,38400,0.747396,0,11,77.0833,0
8x4x12,100,920,0.129219,38400,0.747396,0,11,77.0833,0
8x4x12,100,921,0.13052,38400,0.747396,0,11,77.0833,0
8x4x12,100,922,0.153649,38400,0.747396,0,11,77.0833,0
8x4x12,100,923,0.14389,38400,0.747396,0,11,77.0833,0
8x4x12,100,924,0.138249,38400,0.747396,0,11,77.0833,0
8x4x12,100,925,0.1254,38400,0.747396,0,11,77.0833,0
8x4x12,100,926,0.129159,38400,0.747396,0,11,77.0833,0
8x4x12,100,927,0.13287,38400,0.747396,0,11,77.0833,0
8x4x12,100,928,0.125799,38400,0.747396,0,11,77.0833,0
8x4x12,100,929,0.12611,38400,0.747396,0,11,77.0833,0
8x4x12,100,930,0.131659,38400,0.747396,0,11,77.0833,0
8x4x12,100,931,0.1296,38400,0.747396,0,11,77.0833,0
8x4x12,100,932,0.127369,38400,0.747396,0,11,77.0833,0
8x4x12,100,933,0.13233,38400,0.747396,0,11,77.0833,0
8x4x12,100,934,0.129389,38400,0.747396,0,11,77.0833,0
8x4x12,100,935,0.12758,38400,0.747396,0,11,77.0833,0
8x4x12,100,936,0.145749,38400,0.747396,0,11,77.0833,0
8x4x12,100,937,0.13077,38400,0.747396,0,11,77.0833,0
8x4x12,100,938,0.128459,38400,0.747396,0,11,77.0833,0
8x4x12,100,939,0.12974,38400,0.747396,0,11,77.0833,0
8x4x12,100,940,0.128689,38400,0.747396,0,11,77.0833,0
8x4x12,100,941,0.13146,38400,0.747396,0,11,77.0833,0
8x4x12,100,942,0.135479,38400,0.747396,0,11,77.0833,0
8x4x12,100,943,0.14643,38400,0.747396,0,11,77.0833,0
8x4x12,100,944,0.129329,38400,0.747396,0,11,77.0833,0
8x4x12,100,945,0.13105,38400,0.747396,0,11,77.0833,0
8x4x12,100,946,0.128809,38400,0.747396,0,11,77.0833,0
8x4x12,100,947,0.1558,38400,0.747396,0,11,77.0833,0
8x4x12,100,948,0.175749,38400,0.747396,0,11,77.0833,0
8x4x12,100,949,0.15206,38400,0.747396,0,11,77.0833,0
8x4x12,100,950,0.130399,38400,0.747396,0,11,77.0833,0
8x4x12,100,951,0.181389,38400,0.747396,0,11,77.0833,0
8x4x12,100,952,0.13289,38400,0.747396,0,11,77.0833,0
8x4x12,100,953,0.124579,38400,0.747396,0,11,77.0833,0
8x4x12,100,954,0.17889,38400,0.747396,0,11,77.0833,0
8x4x12,100,955,0.172949,38400,0.747396,0,11,77.0833,0
8x4x12,100,956,0.12914,38400,0.747396,0,11,77.0833,0
8x4x12,100,957,0.131699,38400,0.747396,0,11,77.0833,0
8x4x12,100,958,0.16438,38400,0.747396,0,11,77.0833,0
8x4x12,100,959,0.127749,38400,0.747396,0,11,77.0833,0
8x4x12,100,960,0.16308,38400,0.747396,0,11,77.0833,0
8x4x12,100,961,0.128189,38400,0.747396,0,11,77.0833,0
8x4x12,100,962,0.12757,38400,0.747396,0,11,77.0833,0
8x4x12,100,963,0.172249,38400,0.747396,0,11,77.0833,0
8x4x12,100,964,0.177839,38400,0.747396,0,11,77.0833,0
8x4x12,100,965,0.15976,38400,0.747396,0,11,77.0833,0
8x4x12,100,966,0.127889,38400,0.747396,0,11,77.0833,0
8x4x12,100,967,0.12649,38400,0.747396,0,11,77.0833,0
8x4x12,100,968,0.125229,38400,0.747396,0,11,77.0833,0
8x4x12,100,969,0.13161,38400,0.747396,0,11,77.0833,0
8x4x12,100,970,0.143559,38400,0.747396,0,11,77.0833,0
8x4x12,100,971,0.12669,38400,0.747396,0,11,77.0833,0
8x4x12,100,972,0.133599,38400,0.747396,0,11,77.0833,0
8x4x12,100,973,0.12659,38400,0.747396,0,11,77.0833,0
8x4x12,100,974,0.129569,38400,0.747396,0,11,77.0833,0
8x4x12,100,975,0.12764,38400,0.747396,0,11,77.0833,0
8x4x12,100,976,0.127079,38400,0.747396,0,11,77.0833,0
8x4x12,100,977,0.12718,38400,0.747396,0,11,77.0833,0
8x4x12,100,978,0.129269,38400,0.747396,0,11,77.0833,0
8x4x12,100,979,0.14255,38400,0.747396,0,11,77.0833,0
8x4x12,100,980,0.164679,38400,0.747396,0,11,77.0833,0
8x4x12,100,981,0.182169,38400,0.747396,0,11,77.0833,0
8x4x12,100,982,0.12872,38400,0.747396,0,11,77.0833,0
8x4x12,100,983,0.12917,38400,0.747396,0,11,77.0833,0
8x4x12,100,984,0.130569,38400,0.747396,0,11,77.0833,0
8x4x12,100,985,0.16549,38400,0.747396,0,11,77.0833,0
8x4x12,100,986,0.137959,38400,0.747396,0,11,77.0833,0
8x4x12,100,987,0.13292,38400,0.747396,0,11,77.0833,0
8x4x12,100,988,0.130749,38400,0.747396,0,11,77.0833,0
8x4x12,100,989,0.13335,38400,0.747396,0,11,77.0833,0
8x4x12,100,990,0.130209,38400,0.747396,0,11,77.0833,0
8x4x12,100,991,0.12821,38400,0.747396,0,11,77.0833,0
8x4x12,100,992,0.127129,38400,0.747396,0,11,77.0833,0
8x4x12,100,993,0.13756,38400,0.747396,0,11,77.0833,0
8x4x12,100,994,0.151909,38400,0.747396,0,11,77.0833,0
8x4x12,100,995,0.130979,38400,0.747396,0,11,77.0833,0
8x4x12,100,996,0.14214,38400,0.747396,0,11,77.0833,0
8x4x12,100,997,0.128599,38400,0.747396,0,11,77.0833,0
8x4x12,100,998,0.12979,38400,0.747396,0,11,77.0833,0
8x4x12,100,999,0.127469,38400,0.747396,0,11,77.0833,0
8x4x12,1000,0,1.73952,384000,8.98177,1,107,49.7396,0
8x4x12,1000,1,1.54317,384000,8.98177,1,107,49.7396,0
8x4x12,1000,2,1.61349,384000,8.98177,1,107,49.7396,0
8x4x12,1000,3,1.36091,384000,8.98177,1,107,49.7396,0
8x4x12,1000,4,1.42114,384000,8.98177,1,107,49.7396,0
8x4x12,1000,5,1.49302,384000,8.98177,1,107,49.7396,0
8x4x12,1000,6,2.33527,384000,8.98177,1,107,49.7396,0
8x4x12,1000,7,1.60133,384000,8.98177,1,107,49.7396,0
8x4x12,1000,8,1.52485,384000,8.98177,1,107,49.7396,0
8x4x12,1000,9,1.5891,384000,8.98177,1,107,49.7396,0
8x4x12,1000,10,1.43074,384000,8.98177,1,107,49.7396,0
8x4x12,1000,11,2.37333,384000,8.98177,1,107,49.7396,0
8x4x12,1000,12,1.57557,384000,8.98177,1,107,49.7396,0
8x4x12,1000,13,1.39799,384000,8.98177,1,107,49.7396,0
8x4x12,1000,14,1.41036,384000,8.98177,1,107,49.7396,0
8x4x12,1000,15,1.35008,384000,8.98177,1,107,49.7396,0
8x4x12,1000,16,2.42101,384000,8.98177,1,107,49.7396,0
8x4x12,1000,17,1.62835,384000,8.98177,1,107,49.7396,0
8x4x12,1000,18,1.87253,384000,8.98177,1,107,49.7396,0
8x4x12,1000,19,1.53581,384000,8.98177,1,107,49.7396,0
8x4x12,1000,20,2.18007,384000,8.98177,1,107,49.7396,0
8x4x12,1000,21,2.09797,384000,8.98177,1,107,49.7396,0
8x4x12,1000,22,1.38416,384000,8.98177,1,107,49.7396,0
8x4x12,1000,23,1.45863,384000,8.98177,1,107,49.7396,0
8x4x12,1000,24,1.35872,384000,8.98177,1,107,49.7396,0
8x4x12,1000,25,1.65932,384000,8.98177,1,107,49.7396,0
8x4x12,1000,26,2.09637,384000,8.98177,1,107,49.7396,0
8x4x12,1000,27,1.42138,384000,8.98177,1,107,49.7396,0
8x4x12,1000,28,1.37892,384000,8.98177,1,107,49.7396,0
8x4x12,1000,29,1.43392,384000,8.98177,1,107,49.7396,0
8x4x12,1000,30,1.61031,384000,8.98177,1,107,49.7396,0
8x4x12,1000,31,1.46908,384000,8.98177,1,107,49.7396,0
8x4x12,1000,32,1.49013,384000,8.98177,1,107,49.7396,0
8x4x12,1000,33,1.35732,384000,8.98177,1,107,49.7396,0
8x4x12,1000,34,1.35681,384000,8.98177,1,107,49.7396,0
8x4x12,1000,35,1.35435,384000,8.98177,1,107,49.7396,0
8x4x12,1000,36,1.51895,384000,8.98177,1,107,49.7396,0
8x4x12,1000,37,1.4794,384000,8.98177,1,107,49.7396,0
8x4x12,1000,38,1.63193,384000,8.98177,1,107,49.7396,0
8x4x12,1000,39,1.42127,384000,8.98177,1,107,49.7396,0
8x4x12,1000,40,2.03141,384000,8.98177,1,107,49.7396,0
8x4x12,1000,41,1.53861,384000,8.98177,1,107,49.7396,0
8x4x12,1000,42,1.62717,384000,8.98177,1,107,49.7396,0
8x4x12,1000,43,1.48847,384000,8.98177,1,107,49.7396,0
8x4x12,1000,44,1.37438,384000,8.98177,1,107,49.7396,0
8x4x12,1000,45,1.36166,384000,8.98177,1,107,49.7396,0
8x4x12,1000,46,1.34014,384000,8.98177,1,107,49.7396,0
8x4x12,1000,47,1.62286,384000,8.98177,1,107,49.7396,0
8x4x12,1000,48,1.48514,384000,8.98177,1,107,49.7396,0
8x4x12,1000,49,1.51866,384000,8.98177,1,107,49.7396,0
8x4x12,1000,50,1.72617,384000,8.98177,1,107,49.7396,0
8x4x12,1000,51,1.45356,384000,8.98177,1,107,49.7396,0
8x4x12,1000,52,1.63044,384000,8.98177,1,107,49.7396,0
8x4x12,1000,53,1.52349,384000,8.98177,1,107,49.7396,0
8x4x12,1000,54,1.77828,384000,8.98177,1,107,49.7396,0
8x4x12,1000,55,1.37992,384000,8.98177,1,107,49.7396,0
8x4x12,1000,56,1.37878,384000,8.98177,1,107,49.7396,0
8x4x12,1000,57,1.35569,384000,8.98177,1,107,49.7396,0
8x4x12,1000,58,1.44607,384000,8.98177,1,107,49.7396,0
8x4x12,1000,59,1.58083,384000,8.98177,1,107,49.7396,0
8x4x12,1000,60,1.48961,384000,8.98177,1,107,49.7396,0
8x4x12,1000,61,1.67967,384000,8.98177,1,107,49.7396,0
8x4x12,1000,62,1.35915,384000,8.98177,1,107,49.7396,0
8x4x12,1000,63,1.53726,384000,8.98177,1,107,49.7396,0
8x4x12,1000,64,1.65673,384000,8.98177,1,107,49.7396,0
8x4x12,1000,65,1.66432,384000,8.98177,1,107,49.7396,0
8x4x12,1000,66,1.46667,384000,8.98177,1,107,49.7396,0
8x4x12,1000,67,1.36996,384000,8.98177,1,107,49.7396,0
8x4x12,1000,68,1.7534,384000,8.98177,1,107,49.7396,0
8x4x12,1000,69,1.52618,384000,8.98177,1,107,49.7396,0
8x4x12,1000,70,1.50541,384000,8.98177,1,107,49.7396,0
8x4x12,1000,71,1.50934,384000,8.98177,1,107,49.7396,0
8x4x12,1000,72,1.45452,384000,8.98177,1,107,49.7396,0
8x4x12,1000,73,1.38915,384000,8.98177,1,107,49.7396,0
8x4x12,1000,74,1.71684,384000,8.98177,1,107,49.7396,0
8x4x12,1000,75,1.59537,384000,8.98177,1,107,49.7396,0
8x4x12,1000,76,2.33335,384000,8.98177,1,107,49.7396,0
8x4x12,1000,77,2.35291,384000,8.98177,1,107,49.7396,0
8x4x12,1000,78,1.76787,384000,8.98177,1,107,49.7396,0
8x4x12,1000,79,2.58004,384000,8.98177,1,107,49.7396,0
8x4x12,1000,80,1.4449,384000,8.98177,1,107,49.7396,0
8x4x12,1000,81,1.35964,384000,8.98177,1,107,49.7396,0
8x4x12,1000,82,1.38926,384000,8.98177,1,107,49.7396,0
8x4x12,1000,83,2.13058,384000,8.98177,1,107,49.7396,0
8x4x12,1000,84,2.07974,384000,8.98177,1,107,49.7396,0
8x4x12,1000,85,1.85105,384000,8.98177,1,107,49.7396,0
8x4x12,1000,86,1.79996,384000,8.98177,1,107,49.7396,0
8x4x12,1000,87,1.57297,384000,8.98177,1,107,49.7396,0
8x4x12,1000,88,1.65812,384000,8.98177,1,107,49.7396,0
8x4x12,1000,89,1.92055,384000,8.98177,1,107,49.7396,0
8x4x12,1000,90,1.45051,384000,8.98177,1,107,49.7396,0
8x4x12,1000,91,1.52863,384000,8.98177,1,107,49.7396,0
8x4x12,1000,92,1.50884,384000,8.98177,1,107,49.7396,0
8x4x12,1000,93,1.78082,384000,8.98177,1,107,49.7396,0
8x4x12,1000,94,2.0497,384000,8.98177,1,107,49.7396,0
8x4x12,1000,95,1.37238,384000,8.98177,1,107,49.7396,0
8x4x12,1000,96,1.5493,384000,8.98177,1,107,49.7396,0
8x4x12,1000,97,1.45603,384000,8.98177,1,107,49.7396,0
8x4x12,1000,98,1.55815,384000,8.98177,1,107,49.7396,0
8x4x12,1000,99,1.73054,384000,8.98177,1,107,49.7396,0
8x4x12,1000,100,1.35988,384000,8.98177,1,107,49.7396,0
8x4x12,1000,101,1.72704,384000,8.98177,1,107,49.7396,0
8x4x12,1000,102,2.23579,384000,8.98177,1,107,49.7396,0
8x4x12,1000,103,1.5614,384000,8.98177,1,107,49.7396,0
8x4x12,1000,104,2.48376,384000,8.98177,1,107,49.7396,0
8x4x12,1000,105,1.5753,384000,8.98177,1,107,49.7396,0
8x4x12,1000,106,1.41191,384000,8.98177,1,107,49.7396,0
8x4x12,1000,107,1.6902,384000,8.98177,1,107,49.7396,0
8x4x12,1000,108,1.90271,384000,8.98177,1,107,49.7396,0
8x4x12,1000,109,2.13001,384000,8.98177,1,107,49.7396,0
8x4x12,1000,110,1.39718,384000,8.98177,1,107,49.7396,0
8x4x12,1000,111,1.39451,384000,8.98177,1,107,49.7396,0
8x4x12,1000,112,1.63895,384000,8.98177,1,107,49.7396,0
8x4x12,1000,113,1.58312,384000,8.98177,1,107,49.7396,0
8x4x12,1000,114,1.95574,384000,8.98177,1,107,49.7396,0
8x4x12,1000,115,1.44338,384000,8.98177,1,107,49.7396,0
8x4x12,1000,116,1.48835,384000,8.98177,1,107,49.7396,0
8x4x12,1000,117,1.39864,384000,8.98177,1,107,49.7396,0
8x4x12,1000,118,2.70547,384000,8.98177,1,107,49.7396,0
8x4x12,1000,119,1.6369,384000,8.98177,1,107,49.7396,0
8x4x12,1000,120,1.40051,384000,8.98177,1,107,49.7396,0
8x4x12,1000,121,1.49066,384000,8.98177,1,107,49.7396,0
8x4x12,1000,122,2.57914,384000,8.98177,1,107,49.7396,0
8x4x12,1000,123,1.9856,384000,8.98177,1,107,49.7396,0
8x4x12,1000,124,1.4388,384000,8.98177,1,107,49.7396,0
8x4x12,1000,125,1.36048,384000,8.98177,1,107,49.7396,0
8x4x12,1000,126,1.38933,384000,8.98177,1,107,49.7396,0
8x4x12,1000,127,1.65735,384000,8.98177,1,107,49.7396,0
8x4x12,1000,128,2.62885,384000,8.98177,1,107,49.7396,0
8x4x12,1000,129,2.20512,384000,8.98177,1,107,49.7396,0
8x4x12,1000,130,1.3888,384000,8.98177,1,107,49.7396,0
8x4x12,1000,131,1.78173,384000,8.98177,1,107,49.7396,0
8x4x12,1000,132,1.99823,384000,8.98177,1,107,49.7396,0
8x4x12,1000,133,2.05105,384000,8.98177,1,107,49.7396,0
8x4x12,1000,134,1.35264,384000,8.98177,1,107,49.7396,0
8x4x12,1000,135,1.43266,384000,8.98177,1,107,49.7396,0
8x4x12,1000,136,1.53068,384000,8.98177,1,107,49.7396,0
8x4x12,1000,137,1.40448,384000,8.98177,1,107,49.7396,0
8x4x12,1000,138,1.38739,384000,8.98177,1,107,49.7396,0
8x4x12,1000,139,2.58732,384000,8.98177,1,107,49.7396,0
8x4x12,1000,140,1.49472,384000,8.98177,1,107,49.7396,0
8x4x12,1000,141,1.94462,384000,8.98177,1,107,49.7396,0
8x4x12,1000,142,2.47762,384000,8.98177,1,107,49.7396,0
8x4x12,1000,143,1.52545,384000,8.98177,1,107,49.7396,0
8x4x12,1000,144,1.91854,384000,8.98177,1,107,49.7396,0
8x4x12,1000,145,1.57563,384000,8.98177,1,107,49.7396,0
8x4x12,1000,146,2.28539,384000,8.98177,1,107,49.7396,0
8x4x12,1000,147,2.06634,384000,8.98177,1,107,49.7396,0
8x4x12,1000,148,1.35986,384000,8.98177,1,107,49.7396,0
8x4x12,1000,149,1.47154,384000,8.98177,1,107,49.7396,0
8x4x12,1000,150,1.61999,384000,8.98177,1,107,49.7396,0
8x4x12,1000,151,2.30075,384000,8.98177,1,107,49.7396,0
8x4x12,1000,152,1.54025,384000,8.98177,1,107,49.7396,0
8x4x12,1000,153,1.78534,384000,8.98177,1,107,49.7396,0
8x4x12,1000,154,1.90784,384000,8.98177,1,107,49.7396,0
8x4x12,1000,155,1.51391,384000,8.98177,1,107,49.7396,0
8x4x12,1000,156,1.4947,384000,8.98177,1,107,49.7396,0
8x4x12,1000,157,1.49068,384000,8.98177,1,107,49.7396,0
8x4x12,1000,158,1.4265,384000,8.98177,1,107,49.7396,0
8x4x12,1000,159,1.41365,384000,8.98177,1,107,49.7396,0
8x4x12,1000,160,1.72487,384000,8.98177,1,107,49.7396,0
8x4x12,1000,161,1.51675,384000,8.98177,1,107,49.7396,0
8x4x12,1000,162,1.42063,384000,8.98177,1,107,49.7396,0
8x4x12,1000,163,2.10833,384000,8.98177,1,107,49.7396,0
8x4x12,1000,164,1.71956,384000,8.98177,1,107,49.7396,0
8x4x12,1000,165,1.81203,384000,8.98177,1,107,49.7396,0
8x4x12,1000,166,2.3849,384000,8.98177,1,107,49.7396,0
8x4x12,1000,167,1.54737,384000,8.98177,1,107,49.7396,0
8x4x12,1000,168,1.39131,384000,8.98177,1,107,49.7396,0
8x4x12,1000,169,1.98729,384000,8.98177,1,107,49.7396,0
8x4x12,1000,170,2.33376,384000,8.98177,1,107,49.7396,0
8x4x12,1000,171,1.55153,384000,8.98177,1,107,49.7396,0
8x4x12,1000,172,1.40135,384000,8.98177,1,107,49.7396,0
8x4x12,1000,173,1.7858,384000,8.98177,1,107,49.7396,0
8x4x12,1000,174,1.93772,384000,8.98177,1,107,49.7396,0
8x4x12,1000,175,2.10455,384000,8.98177,1,107,49.7396,0
8x4x12,1000,176,1.41556,384000,8.98177,1,107,49.7396,0
8x4x12,1000,177,1.42197,384000,8.98177,1,107,49.7396,0
8x4x12,1000,178,2.20516,384000,8.98177,1,107,49.7396,0
8x4x12,1000,179,1.90689,384000,8.98177,1,107,49.7396,0
8x4x12,1000,180,1.77682,384000,8.98177,1,107,49.7396,0
8x4x12,1000,181,1.45415,384000,8.98177,1,107,49.7396,0
8x4x12,1000,182,1.39453,384000,8.98177,1,107,49.7396,0
8x4x12,1000,183,1.37488,384000,8.98177,1,107,49.7396,0
8x4x12,1000,184,1.42793,384000,8.98177,1,107,49.7396,0
8x4x12,1000,185,1.61027,384000,8.98177,1,107,49.7396,0
8x4x12,1000,186,1.50372,384000,8.98177,1,107,49.7396,0
8x4x12,1000,187,1.38155,384000,8.98177,1,107,49.7396,0
8x4x12,1000,188,1.54507,384000,8.98177,1,107,49.7396,0
8x4x12,1000,189,1.78674,384000,8.98177,1,107,49.7396,0
8x4x12,1000,190,1.76048,384000,8.98177,1,107,49.7396,0
8x4x12,1000,191,1.55679,384000,8.98177,1,107,49.7396,0
8x4x12,1000,192,1.44503,384000,8.98177,1,107,49.7396,0
8x4x12,1000,193,1.87298,384000,8.98177,1,107,49.7396,0
8x4x12,1000,194,1.50136,384000,8.98177,1,107,49.7396,0
8x4x12,1000,195,1.65719,384000,8.98177,1,107,49.7396,0
8x4x12,1000,196,1.7281,384000,8.98177,1,107,49.7396,0
8x4x12,1000,197,1.3659,384000,8.98177,1,107,49.7396,0
8x4x12,1000,198,1.79691,384000,8.98177,1,107,49.7396,0
8x4x12,1000,199,1.86576,384000,8.98177,1,107,49.7396,0
8x4x12,1000,200,1.49581,384000,8.98177,1,107,49.7396,0
8x4x12,1000,201,1.53025,384000,8.98177,1,107,49.7396,0
8x4x12,1000,202,1.43465,384000,8.98177,1,107,49.7396,0
8x4x12,1000,203,1.4338,384000,8.98177,1,107,49.7396,0
8x4x12,1000,204,1.49562,384000,8.98177,1,107,49.7396,0
8x4x12,1000,205,1.65397,384000,8.98177,1,107,49.7396,0
8x4x12,1000,206,1.62465,384000,8.98177,1,107,49.7396,0
8x4x12,1000,207,1.36217,384000,8.98177,1,107,49.7396,0
8x4x12,1000,208,1.53509,384000,8.98177,1,107,49.7396,0
8x4x12,1000,209,1.69767,384000,8.98177,1,107,49.7396,0
8x4x12,1000,210,1.66434,384000,8.98177,1,107,49.7396,0
8x4x12,1000,211,1.52708,384000,8.98177,1,107,49.7396,0
8x4x12,1000,212,1.5399,384000,8.98177,1,107,49.7396,0
8x4x12,1000,213,1.44097,384000,8.98177,1,107,49.7396,0
8x4x12,1000,214,1.63997,384000,8.98177,1,107,49.7396,0
8x4x12,1000,215,1.50089,384000,8.98177,1,107,49.7396,0
8x4x12,1000,216,1.59846,384000,8.98177,1,107,49.7396,0
8x4x12,1000,217,1.54564,384000,8.98177,1,107,49.7396,0
8x4x12,1000,218,1.48889,384000,8.98177,1,107,49.7396,0
8x4x12,1000,219,1.73738,384000,8.98177,1,107,49.7396,0
8x4x12,1000,220,1.4604,384000,8.98177,1,107,49.7396,0
8x4x12,1000,221,1.60858,384000,8.98177,1,107,49.7396,0
8x4x12,1000,222,1.64986,384000,8.98177,1,107,49.7396,0
8x4x12,1000,223,1.52331,384000,8.98177,1,107,49.7396,0
8x4x12,1000,224,1.5695,384000,8.98177,1,107,49.7396,0
8x4x12,1000,225,1.44598,384000,8.98177,1,107,49.7396,0
8x4x12,1000,226,1.449,384000,8.98177,1,107,49.7396,0
8x4x12,1000,227,1.51253,384000,8.98177,1,107,49.7396,0
8x4x12,1000,228,1.49624,384000,8.98177,1,107,49.7396,0
8x4x12,1000,229,1.3379,384000,8.98177,1,107,49.7396,0
8x4x12,1000,230,1.39826,384000,8.98177,1,107,49.7396,0
8x4x12,1000,231,1.375,384000,8.98177,1,107,49.7396,0
8x4x12,1000,232,1.63348,384000,8.98177,1,107,49.7396,0
8x4x12,1000,233,1.55559,384000,8.98177,1,107,49.7396,0
8x4x12,1000,234,1.36794,384000,8.98177,1,107,49.7396,0
8x4x12,1000,235,2.07004,384000,8.98177,1,107,49.7396,0
8x4x12,1000,236,2.0435,384000,8.98177,1,107,49.7396,0
8x4x12,1000,237,2.68847,384000,8.98177,1,107,49.7396,0
8x4x12,1000,238,1.6945,384000,8.98177,1,107,49.7396,0
8x4x12,1000,239,1.42119,384000,8.98177,1,107,49.7396,0
8x4x12,1000,240,1.40079,384000,8.98177,1,107,49.7396,0
8x4x12,1000,241,1.53561,384000,8.98177,1,107,49.7396,0
8x4x12,1000,242,1.55098,384000,8.98177,1,107,49.7396,0
8x4x12,1000,243,1.49585,384000,8.98177,1,107,49.7396,0
8x4x12,1000,244,1.51293,384000,8.98177,1,107,49.7396,0
8x4x12,1000,245,1.57388,384000,8.98177,1,107,49.7396,0
8x4x12,1000,246,2.19632,384000,8.98177,1,107,49.7396,0
8x4x12,1000,247,1.5341,384000,8.98177,1,107,49.7396,0
8x4x12,1000,248,1.57759,384000,8.98177,1,107,49.7396,0
8x4x12,1000,249,1.35155,384000,8.98177,1,107,49.7396,0
8x4x12,1000,250,1.37228,384000,8.98177,1,107,49.7396,0
8x4x12,1000,251,1.40873,384000,8.98177,1,107,49.7396,0
8x4x12,1000,252,1.59748,384000,8.98177,1,107,49.7396,0
8x4x12,1000,253,1.5229,384000,8.98177,1,107,49.7396,0
8x4x12,1000,254,1.8236,384000,8.98177,1,107,49.7396,0
8x4x12,1000,255,1.49252,384000,8.98177,1,107,49.7396,0
8x4x12,1000,256,1.46862,384000,8.98177,1,107,49.7396,0
8x4x12,1000,257,1.45232,384000,8.98177,1,107,49.7396,0
8x4x12,1000,258,1.72362,384000,8.98177,1,107,49.7396,0
8x4x12,1000,259,1.57646,384000,8.98177,1,107,49.7396,0
8x4x12,1000,260,1.68142,384000,8.98177,1,107,49.7396,0
8x4x12,1000,261,1.39002,384000,8.98177,1,107,49.7396,0
8x4x12,1000,262,1.47247,384000,8.98177,1,107,49.7396,0
8x4x12,1000,263,1.62196,384000,8.98177,1,107,49.7396,0
8x4x12,1000,264,2.15374,384000,8.98177,1,107,49.7396,0
8x4x12,1000,265,1.50799,384000,8.98177,1,107,49.7396,0
8x4x12,1000,266,1.4257,384000,8.98177,1,107,49.7396,0
8x4x12,1000,267,1.57635,384000,8.98177,1,107,49.7396,0
8x4x12,1000,268,1.55279,384000,8.98177,1,107,49.7396,0
8x4x12,1000,269,1.68145,384000,8.98177,1,107,49.7396,0
8x4x12,1000,270,1.54801,384000,8.98177,1,107,49.7396,0
8x4x12,1000,271,1.39718,384000,8.98177,1,107,49.7396,0
8x4x12,1000,272,1.36458,384000,8.98177,1,107,49.7396,0
8x4x12,1000,273,1.62378,384000,8.98177,1,107,49.7396,0
8x4x12,1000,274,1.97645,384000,8.98177,1,107,49.7396,0
8x4x12,1000,275,1.6434,384000,8.98177,1,107,49.7396,0
8x4x12,1000,276,1.43249,384000,8.98177,1,107,49.7396,0
8x4x12,1000,277,1.4522,384000,8.98177,1,107,49.7396,0
8x4x12,1000,278,1.38685,384000,8.98177,1,107,49.7396,0
8x4x12,1000,279,1.52302,384000,8.98177,1,107,49.7396,0
8x4x12,1000,280,1.72943,384000,8.98177,1,107,49.7396,0
8x4x12,1000,281,1.46909,384000,8.98177,1,107,49.7396,0
8x4x12,1000,282,1.48897,384000,8.98177,1,107,49.7396,0
8x4x12,1000,283,1.40082,384000,8.98177,1,107,49.7396,0
8x4x12,1000,284,1.64546,384000,8.98177,1,107,49.7396,0
8x4x12,1000,285,1.55837,384000,8.98177,1,107,49.7396,0
8x4x12,1000,286,1.4834,384000,8.98177,1,107,49.7396,0
8x4x12,1000,287,1.45363,384000,8.98177,1,107,49.7396,0
8x4x12,1000,288,1.39167,384000,8.98177,1,107,49.7396,0
8x4x12,1000,289,1.34396,384000,8.98177,1,107,49.7396,0
8x4x12,1000,290,1.83375,384000,8.98177,1,107,49.7396,0
8x4x12,1000,291,1.62481,384000,8.98177,1,107,49.7396,0
8x4x12,1000,292,1.34767,384000,8.98177,1,107,49.7396,0
8x4x12,1000,293,1.35064,384000,8.98177,1,107,49.7396,0
8x4x12,1000,294,1.44199,384000,8.98177,1,107,49.7396,0
8x4x12,1000,295,1.61338,384000,8.98177,1,107,49.7396,0
8x4x12,1000,296,1.55589,384000,8.98177,1,107,49.7396,0
8x4x12,1000,297,1.37513,384000,8.98177,1,107,49.7396,0
8x4x12,1000,298,1.39621,384000,8.98177,1,107,49.7396,0
8x4x12,1000,299,1.33598,384000,8.98177,1,107,49.7396,0
8x4x12,1000,300,1.34803,384000,8.98177,1,107,49.7396,0
8x4x12,1000,301,1.5696,384000,8.98177,1,107,49.7396,0
8x4x12,1000,302,1.57531,384000,8.98177,1,107,49.7396,0
8x4x12,1000,303,1.68634,384000,8.98177,1,107,49.7396,0
8x4x12,1000,304,1.43617,384000,8.98177,1,107,49.7396,0
8x4x12,1000,305,1.34384,384000,8.98177,1,107,49.7396,0
8x4x12,1000,306,1.68181,384000,8.98177,1,107,49.7396,0
8x4x12,1000,307,1.57311,384000,8.98177,1,107,49.7396,0
8x4x12,1000,308,1.63952,384000,8.98177,1,107,49.7396,0
8x4x12,1000,309,1.63665,384000,8.98177,1,107,49.7396,0
8x4x12,1000,310,1.33998,384000,8.98177,1,107,49.7396,0
8x4x12,1000,311,1.38206,384000,8.98177,1,107,49.7396,0
8x4x12,1000,312,1.50672,384000,8.98177,1,107,49.7396,0
8x4x12,1000,313,1.54359,384000,8.98177,1,107,49.7396,0
8x4x12,1000,314,1.51907,384000,8.98177,1,107,49.7396,0
8x4x12,1000,315,1.42461,384000,8.98177,1,107,49.7396,0
8x4x12,1000,316,1.42778,384000,8.98177,1,107,49.7396,0
8x4x12,1000,317,1.59514,384000,8.98177,1,107,49.7396,0
8x4x12,1000,318,1.42761,384000,8.98177,1,107,49.7396,0
8x4x12,1000,319,1.50005,384000,8.98177,1,107,49.7396,0
8x4x12,1000,320,1.46787,384000,8.98177,1,107,49.7396,0
8x4x12,1000,321,1.38518,384000,8.98177,1,107,49.7396,0
8x4x12,1000,322,1.3785,384000,8.98177,1,107,49.7396,0
8x4x12,1000,323,1.40775,384000,8.98177,1,107,49.7396,0
8x4x12,1000,324,1.90784,384000,8.98177,1,107,49.7396,0
8x4x12,1000,325,1.51314,384000,8.98177,1,107,49.7396,0
8x4x12,1000,326,1.37834,384000,8.98177,1,107,49.7396,0
8x4x12,1000,327,1.34681,384000,8.98177,1,107,49.7396,0
8x4x12,1000,328,1.58397,384000,8.98177,1,107,49.7396,0
8x4x12,1000,329,1.52706,384000,8.98177,1,107,49.7396,0
8x4x12,1000,330,1.69286,384000,8.98177,1,107,49.7396,0
8x4x12,1000,331,1.50209,384000,8.98177,1,107,49.7396,0
8x4x12,1000,332,1.43232,384000,8.98177,1,107,49.7396,0
8x4x12,1000,333,1.40256,384000,8.98177,1,107,49.7396,0
8x4x12,1000,334,1.53143,384000,8.98177,1,107,49.7396,0
8x4x12,1000,335,2.01031,384000,8.98177,1,107,49.7396,0
8x4x12,1000,336,1.33766,384000,8.98177,1,107,49.7396,0
8x4x12,1000,337,1.35461,384000,8.98177,1,107,49.7396,0
8x4x12,1000,338,1.35152,384000,8.98177,1,107,49.7396,0
8x4x12,1000,339,1.43281,384000,8.98177,1,107,49.7396,0
8x4x12,1000,340,1.85406,384000,8.98177,1,107,49.7396,0
8x4x12,1000,341,1.80677,384000,8.98177,1,107,49.7396,0
8x4x12,1000,342,1.37905,384000,8.98177,1,107,49.7396,0
8x4x12,1000,343,1.3818,384000,8.98177,1,107,49.7396,0
8x4x12,1000,344,1.41814,384000,8.98177,1,107,49.7396,0
8x4x12,1000,345,1.573,384000,8.98177,1,107,49.7396,0
8x4x12,1000,346,1.91896,384000,8.98177,1,107,49.7396,0
8x4x12,1000,347,1.44002,384000,8.98177,1,107,49.7396,0
8x4x12,1000,348,1.46646,384000,8.98177,1,107,49.7396,0
8x4x12,1000,349,1.41099,384000,8.98177,1,107,49.7396,0
8x4x12,1000,350,1.64397,384000,8.98177,1,107,49.7396,0
8x4x12,1000,351,1.85187,384000,8.98177,1,107,49.7396,0
8x4x12,1000,352,1.40782,384000,8.98177,1,107,49.7396,0
8x4x12,1000,353,1.65225,384000,8.98177,1,107,49.7396,0
8x4x12,1000,354,1.66099,384000,8.98177,1,107,49.7396,0
8x4x12,1000,355,1.92082,384000,8.98177,1,107,49.7396,0
8x4x12,1000,356,2.11952,384000,8.98177,1,107,49.7396,0
8x4x12,1000,357,1.42239,384000,8.98177,1,107,49.7396,0
8x4x12,1000,358,1.40092,384000,8.98177,1,107,49.7396,0
8x4x12,1000,359,1.44677,384000,8.98177,1,107,49.7396,0
8x4x12,1000,360,1.65654,384000,8.98177,1,107,49.7396,0
8x4x12,1000,361,2.12007,384000,8.98177,1,107,49.7396,0
8x4x12,1000,362,1.44136,384000,8.98177,1,107,49.7396,0
8x4x12,1000,363,1.44656,384000,8.98177,1,107,49.7396,0
8x4x12,1000,364,1.36676,384000,8.98177,1,107,49.7396,0
8x4x12,1000,365,1.46131,384000,8.98177,1,107,49.7396,0
8x4x12,1000,366,1.57974,384000,8.98177,1,107,49.7396,0
8x4x12,1000,367,1.51335,384000,8.98177,1,107,49.7396,0
8x4x12,1000,368,1.36217,384000,8.98177,1,107,49.7396,0
8x4x12,1000,369,1.39569,384000,8.98177,1,107,49.7396,0
8x4x12,1000,370,1.39708,384000,8.98177,1,107,49.7396,0
8x4x12,1000,371,1.81914,384000,8.98177,1,107,49.7396,0
8x4x12,1000,372,1.53368,384000,8.98177,1,107,49.7396,0
8x4x12,1000,373,1.39165,384000,8.98177,1,107,49.7396,0
8x4x12,1000,374,1.34503,384000,8.98177,1,107,49.7396,0
8x4x12,1000,375,1.38373,384000,8.98177,1,107,49.7396,0
8x4x12,1000,376,1.33769,384000,8.98177,1,107,49.7396,0
8x4x12,1000,377,1.55311,384000,8.98177,1,107,49.7396,0
8x4x12,1000,378,1.57488,384000,8.98177,1,107,49.7396,0
8x4x12,1000,379,1.3958,384000,8.98177,1,107,49.7396,0
8x4x12,1000,380,1.38193,384000,8.98177,1,107,49.7396,0
8x4x12,1000,381,1.4442,384000,8.98177,1,107,49.7396,0
8x4x12,1000,382,1.62182,384000,8.98177,1,107,49.7396,0
8x4x12,1000,383,1.51694,384000,8.98177,1,107,49.7396,0
8x4x12,1000,384,1.47971,384000,8.98177,1,107,49.7396,0
8x4x12,1000,385,1.35537,384000,8.98177,1,107,49.7396,0
8x4x12,1000,386,1.3685,384000,8.98177,1,107,49.7396,0
8x4x12,1000,387,1.37142,384000,8.98177,1,107,49.7396,0
8x4x12,1000,388,1.57661,384000,8.98177,1,107,49.7396,0
8x4x12,1000,389,1.50133,384000,8.98177,1,107,49.7396,0
8x4x12,1000,390,1.49766,384000,8.98177,1,107,49.7396,0
8x4x12,1000,391,1.38075,384000,8.98177,1,107,49.7396,0
8x4x12,1000,392,1.59922,384000,8.98177,1,107,49.7396,0
8x4x12,1000,393,1.93266,384000,8.98177,1,107,49.7396,0
8x4x12,1000,394,1.53935,384000,8.98177,1,107,49.7396,0
8x4x12,1000,395,2.10303,384000,8.98177,1,107,49.7396,0
8x4x12,1000,396,2.60762,384000,8.98177,1,107,49.7396,0
8x4x12,1000,397,2.59444,384000,8.98177,1,107,49.7396,0
8x4x12,1000,398,2.87829,384000,8.98177,1,107,49.7396,0
8x4x12,1000,399,1.4409,384000,8.98177,1,107,49.7396,0
8x4x12,1000,400,1.86215,384000,8.98177,1,107,49.7396,0
8x4x12,1000,401,1.64982,384000,8.98177,1,107,49.7396,0
8x4x12,1000,402,1.42973,384000,8.98177,1,107,49.7396,0
8x4x12,1000,403,1.55781,384000,8.98177,1,107,49.7396,0
8x4x12,1000,404,1.33662,384000,8.98177,1,107,49.7396,0
8x4x12,1000,405,1.3984,384000,8.98177,1,107,49.7396,0
8x4x12,1000,406,1.38801,384000,8.98177,1,107,49.7396,0
8x4x12,1000,407,1.42105,384000,8.98177,1,107,49.7396,0
8x4x12,1000,408,1.47791,384000,8.98177,1,107,49.7396,0
8x4x12,1000,409,1.48896,384000,8.98177,1,107,49.7396,0
8x4x12,1000,410,1.44758,384000,8.98177,1,107,49.7396,0
8x4x12,1000,411,1.66959,384000,8.98177,1,107,49.7396,0
8x4x12,1000,412,1.45514,384000,8.98177,1,107,49.7396,0
8x4x12,1000,413,1.73052,384000,8.98177,1,107,49.7396,0
8x4x12,1000,414,1.5995,384000,8.98177,1,107,49.7396,0
8x4x12,1000,415,1.35685,384000,8.98177,1,107,49.7396,0
8x4x12,1000,416,1.40046,384000,8.98177,1,107,49.7396,0
8x4x12,1000,417,1.78499,384000,8.98177,1,107,49.7396,0
8x4x12,1000,418,1.52225,384000,8.98177,1,107,49.7396,0
8x4x12,1000,419,1.54616,384000,8.98177,1,107,49.7396,0
8x4x12,1000,420,1.52632,384000,8.98177,1,107,49.7396,0
8x4x12,1000,421,1.78567,384000,8.98177,1,107,49.7396,0
8x4x12,1000,422,1.38595,384000,8.98177,1,107,49.7396,0
8x4x12,1000,423,1.68869,384000,8.98177,1,107,49.7396,0
8x4x12,1000,424,2.03868,384000,8.98177,1,107,49.7396,0
8x4x12,1000,425,1.39637,384000,8.98177,1,107,49.7396,0
8x4x12,1000,426,1.40731,384000,8.98177,1,107,49.7396,0
8x4x12,1000,427,1.36433,384000,8.98177,1,107,49.7396,0
8x4x12,1000,428,1.39907,384000,8.98177,1,107,49.7396,0
8x4x12,1000,429,1.4383,384000,8.98177,1,107,49.7396,0
8x4x12,1000,430,1.54588,384000,8.98177,1,107,49.7396,0
8x4x12,1000,431,1.5594,384000,8.98177,1,107,49.7396,0
8x4x12,1000,432,1.66788,384000,8.98177,1,107,49.7396,0
8x4x12,1000,433,1.45429,384000,8.98177,1,107,49.7396,0
8x4x12,1000,434,1.6624,384000,8.98177,1,107,49.7396,0
8x4x12,1000,435,1.53329,384000,8.98177,1,107,49.7396,0
8x4x12,1000,436,1.39639,384000,8.98177,1,107,49.7396,0
8x4x12,1000,437,1.39247,384000,8.98177,1,107,49.7396,0
8x4x12,1000,438,1.35874,384000,8.98177,1,107,49.7396,0
8x4x12,1000,439,1.38462,384000,8.98177,1,107,49.7396,0
8x4x12,1000,440,1.43884,384000,8.98177,1,107,49.7396,0
8x4x12,1000,441,1.54287,384000,8.98177,1,107,49.7396,0
8x4x12,1000,442,1.43863,384000,8.98177,1,107,49.7396,0
8x4x12,1000,443,1.94007,384000,8.98177,1,107,49.7396,0
8x4x12,1000,444,1.43724,384000,8.98177,1,107,49.7396,0
8x4x12,1000,445,1.79947,384000,8.98177,1,107,49.7396,0
8x4x12,1000,446,1.64861,384000,8.98177,1,107,49.7396,0
8x4x12,1000,447,1.39996,384000,8.98177,1,107,49.7396,0
8x4x12,1000,448,1.38783,384000,8.98177,1,107,49.7396,0
8x4x12,1000,449,1.35989,384000,8.98177,1,107,49.7396,0
8x4x12,1000,450,1.3722,384000,8.98177,1,107,49.7396,0
8x4x12,1000,451,1.42044,384000,8.98177,1,107,49.7396,0
8x4x12,1000,452,1.54343,384000,8.98177,1,107,49.7396,0
8x4x12,1000,453,1.49529,384000,8.98177,1,107,49.7396,0
8x4x12,1000,454,1.3995,384000,8.98177,1,107,49.7396,0
8x4x12,1000,455,1.43592,384000,8.98177,1,107,49.7396,0
8x4x12,1000,456,1.43512,384000,8.98177,1,107,49.7396,0
8x4x12,1000,457,2.23151,384000,8.98177,1,107,49.7396,0
8x4x12,1000,458,1.56318,384000,8.98177,1,107,49.7396,0
8x4x12,1000,459,1.38488,384000,8.98177,1,107,49.7396,0
8x4x12,1000,460,1.40465,384000,8.98177,1,107,49.7396,0
8x4x12,1000,461,1.3968,384000,8.98177,1,107,49.7396,0
8x4x12,1000,462,1.49218,384000,8.98177,1,107,49.7396,0
8x4x12,1000,463,1.62563,384000,8.98177,1,107,49.7396,0
8x4x12,1000,464,1.58645,384000,8.98177,1,107,49.7396,0
8x4x12,1000,465,1.46259,384000,8.98177,1,107,49.7396,0
8x4x12,1000,466,1.36027,384000,8.98177,1,107,49.7396,0
8x4x12,1000,467,1.65766,384000,8.98177,1,107,49.7396,0
8x4x12,1000,468,1.56884,384000,8.98177,1,107,49.7396,0
8x4x12,1000,469,1.49056,384000,8.98177,1,107,49.7396,0
8x4x12,1000,470,1.35667,384000,8.98177,1,107,49.7396,0
8x4x12,1000,471,1.38017,384000,8.98177,1,107,49.7396,0
8x4x12,1000,472,1.38599,384000,8.98177,1,107,49.7396,0
8x4x12,1000,473,1.42797,384000,8.98177,1,107,49.7396,0
8x4x12,1000,474,1.82525,384000,8.98177,1,107,49.7396,0
8x4x12,1000,475,1.57978,384000,8.98177,1,107,49.7396,0
8x4x12,1000,476,1.48041,384000,8.98177,1,107,49.7396,0
8x4x12,1000,477,1.37649,384000,8.98177,1,107,49.7396,0
8x4x12,1000,478,1.6536,384000,8.98177,1,107,49.7396,0
8x4x12,1000,479,1.51785,384000,8.98177,1,107,49.7396,0
8x4x12,1000,480,1.69918,384000,8.98177,1,107,49.7396,0
8x4x12,1000,481,1.48119,384000,8.98177,1,107,49.7396,0
8x4x12,1000,482,1.81705,384000,8.98177,1,107,49.7396,0
8x4x12,1000,483,1.43933,384000,8.98177,1,107,49.7396,0
8x4x12,1000,484,1.4309,384000,8.98177,1,107,49.7396,0
8x4x12,1000,485,1.51243,384000,8.98177,1,107,49.7396,0
8x4x12,1000,486,1.66169,384000,8.98177,1,107,49.7396,0
8x4x12,1000,487,1.43343,384000,8.98177,1,107,49.7396,0
8x4x12,1000,488,1.51384,384000,8.98177,1,107,49.7396,0
8x4x12,1000,489,1.63477,384000,8.98177,1,107,49.7396,0
8x4x12,1000,490,1.60328,384000,8.98177,1,107,49.7396,0
8x4x12,1000,491,1.53769,384000,8.98177,1,107,49.7396,0
8x4x12,1000,492,1.69923,384000,8.98177,1,107,49.7396,0
8x4x12,1000,493,1.50479,384000,8.98177,1,107,49.7396,0
8x4x12,1000,494,1.5563,384000,8.98177,1,107,49.7396,0
8x4x12,1000,495,1.56924,384000,8.98177,1,107,49.7396,0
8x4x12,1000,496,1.52913,384000,8.98177,1,107,49.7396,0
8x4x12,1000,497,1.83351,384000,8.98177,1,107,49.7396,0
8x4x12,1000,498,1.45545,384000,8.98177,1,107,49.7396,0
8x4x12,1000,499,2.15106,384000,8.98177,1,107,49.7396,0
8x4x12,1000,500,1.95605,384000,8.98177,1,107,49.7396,0
8x4x12,1000,501,1.51738,384000,8.98177,1,107,49.7396,0
8x4x12,1000,502,2.15738,384000,8.98177,1,107,49.7396,0
8x4x12,1000,503,1.77058,384000,8.98177,1,107,49.7396,0
8x4x12,1000,504,1.48044,384000,8.98177,1,107,49.7396,0
8x4x12,1000,505,1.5776,384000,8.98177,1,107,49.7396,0
8x4x12,1000,506,1.74885,384000,8.98177,1,107,49.7396,0
8x4x12,1000,507,2.3065,384000,8.98177,1,107,49.7396,0
8x4x12,1000,508,1.68153,384000,8.98177,1,107,49.7396,0
8x4x12,1000,509,1.48313,384000,8.98177,1,107,49.7396,0
8x4x12,1000,510,1.77892,384000,8.98177,1,107,49.7396,0
8x4x12,1000,511,1.6239,384000,8.98177,1,107,49.7396,0
8x4x12,1000,512,2.19662,384000,8.98177,1,107,49.7396,0
8x4x12,1000,513,1.63907,384000,8.98177,1,107,49.7396,0
8x4x12,1000,514,1.57986,384000,8.98177,1,107,49.7396,0
8x4x12,1000,515,1.56298,384000,8.98177,1,107,49.7396,0
8x4x12,1000,516,1.39383,384000,8.98177,1,107,49.7396,0
8x4x12,1000,517,1.36709,384000,8.98177,1,107,49.7396,0
8x4x12,1000,518,1.52313,384000,8.98177,1,107,49.7396,0
8x4x12,1000,519,1.51361,384000,8.98177,1,107,49.7396,0
8x4x12,1000,520,1.54082,384000,8.98177,1,107,49.7396,0
8x4x12,1000,521,1.39467,384000,8.98177,1,107,49.7396,0
8x4x12,1000,522,1.59453,384000,8.98177,1,107,49.7396,0
8x4x12,1000,523,1.49883,384000,8.98177,1,107,49.7396,0
8x4x12,1000,524,1.67789,384000,8.98177,1,107,49.7396,0
8x4x12,1000,525,1.71807,384000,8.98177,1,107,49.7396,0
8x4x12,1000,526,1.81024,384000,8.98177,1,107,49.7396,0
8x4x12,1000,527,1.42098,384000,8.98177,1,107,49.7396,0
8x4x12,1000,528,1.42938,384000,8.98177,1,107,49.7396,0
8x4x12,1000,529,1.6142,384000,8.98177,1,107,49.7396,0
8x4x12,1000,530,1.52564,384000,8.98177,1,107,49.7396,0
8x4x12,1000,531,1.50418,384000,8.98177,1,107,49.7396,0
8x4x12,1000,532,1.38312,384000,8.98177,1,107,49.7396,0
8x4x12,1000,533,1.65589,384000,8.98177,1,107,49.7396,0
8x4x12,1000,534,2.47852,384000,8.98177,1,107,49.7396,0
8x4x12,1000,535,2.39961,384000,8.98177,1,107,49.7396,0
8x4x12,1000,536,1.87538,384000,8.98177,1,107,49.7396,0
8x4x12,1000,537,1.38158,384000,8.98177,1,107,49.7396,0
8x4x12,1000,538,1.43067,384000,8.98177,1,107,49.7396,0
8x4x12,1000,539,1.61067,384000,8.98177,1,107,49.7396,0
8x4x12,1000,540,1.67822,384000,8.98177,1,107,49.7396,0
8x4x12,1000,541,1.45449,384000,8.98177,1,107,49.7396,0
8x4x12,1000,542,1.77575,384000,8.98177,1,107,49.7396,0
8x4x12,1000,543,1.40585,384000,8.98177,1,107,49.7396,0
8x4x12,1000,544,1.46023,384000,8.98177,1,107,49.7396,0
8x4x12,1000,545,1.66447,384000,8.98177,1,107,49.7396,0
8x4x12,1000,546,1.41584,384000,8.98177,1,107,49.7396,0
8x4x12,1000,547,1.35245,384000,8.98177,1,107,49.7396,0
8x4x12,1000,548,1.40078,384000,8.98177,1,107,49.7396,0
8x4x12,1000,549,1.59683,384000,8.98177,1,107,49.7396,0
8x4x12,1000,550,1.57877,384000,8.98177,1,107,49.7396,0
8x4x12,1000,551,1.65006,384000,8.98177,1,107,49.7396,0
8x4x12,1000,552,1.41189,384000,8.98177,1,107,49.7396,0
8x4x12,1000,553,1.68897,384000,8.98177,1,107,49.7396,0
8x4x12,1000,554,1.41852,384000,8.98177,1,107,49.7396,0
8x4x12,1000,555,2.03453,384000,8.98177,1,107,49.7396,0
8x4x12,1000,556,1.71255,384000,8.98177,1,107,49.7396,0
8x4x12,1000,557,1.40641,384000,8.98177,1,107,49.7396,0
8x4x12,1000,558,1.40167,384000,8.98177,1,107,49.7396,0
8x4x12,1000,559,1.38971,384000,8.98177,1,107,49.7396,0
8x4x12,1000,560,1.59452,384000,8.98177,1,107,49.7396,0
8x4x12,1000,561,1.5803,384000,8.98177,1,107,49.7396,0
8x4x12,1000,562,1.49074,384000,8.98177,1,107,49.7396,0
8x4x12,1000,563,1.50486,384000,8.98177,1,107,49.7396,0
8x4x12,1000,564,1.40555,384000,8.98177,1,107,49.7396,0
8x4x12,1000,565,1.36221,384000,8.98177,1,107,49.7396,0
8x4x12,1000,566,1.47872,384000,8.98177,1,107,49.7396,0
8x4x12,1000,567,1.66004,384000,8.98177,1,107,49.7396,0
8x4x12,1000,568,1.71521,384000,8.98177,1,107,49.7396,0
8x4x12,1000,569,1.43866,384000,8.98177,1,107,49.7396,0
8x4x12,1000,570,1.4127,384000,8.98177,1,107,49.7396,0
8x4x12,1000,571,1.62541,384000,8.98177,1,107,49.7396,0
8x4x12,1000,572,1.55745,384000,8.98177,1,107,49.7396,0
8x4x12,1000,573,2.03665,384000,8.98177,1,107,49.7396,0
8x4x12,1000,574,1.67834,384000,8.98177,1,107,49.7396,0
8x4x12,1000,575,1.4673,384000,8.98177,1,107,49.7396,0
8x4x12,1000,576,1.50009,384000,8.98177,1,107,49.7396,0
8x4x12,1000,577,1.70116,384000,8.98177,1,107,49.7396,0
8x4x12,1000,578,1.83883,384000,8.98177,1,107,49.7396,0
8x4x12,1000,579,1.45056,384000,8.98177,1,107,49.7396,0
8x4x12,1000,580,1.39052,384000,8.98177,1,107,49.7396,0
8x4x12,1000,581,2.2007,384000,8.98177,1,107,49.7396,0
8x4x12,1000,582,2.39866,384000,8.98177,1,107,49.7396,0
8x4x12,1000,583,1.56454,384000,8.98177,1,107,49.7396,0
8x4x12,1000,584,1.98166,384000,8.98177,1,107,49.7396,0
8x4x12,1000,585,1.54276,384000,8.98177,1,107,49.7396,0
8x4x12,1000,586,1.61524,384000,8.98177,1,107,49.7396,0
8x4x12,1000,587,1.88755,384000,8.98177,1,107,49.7396,0
8x4x12,1000,588,1.47184,384000,8.98177,1,107,49.7396,0
8x4x12,1000,589,1.39785,384000,8.98177,1,107,49.7396,0
8x4x12,1000,590,1.45572,384000,8.98177,1,107,49.7396,0
8x4x12,1000,591,1.64663,384000,8.98177,1,107,49.7396,0
8x4x12,1000,592,1.67808,384000,8.98177,1,107,49.7396,0
8x4x12,1000,593,1.42828,384000,8.98177,1,107,49.7396,0
8x4x12,1000,594,2.02527,384000,8.98177,1,107,49.7396,0
8x4x12,1000,595,1.49307,384000,8.98177,1,107,49.7396,0
8x4x12,1000,596,1.43723,384000,8.98177,1,107,49.7396,0
8x4x12,1000,597,1.53625,384000,8.98177,1,107,49.7396,0
8x4x12,1000,598,1.69312,384000,8.98177,1,107,49.7396,0
8x4x12,1000,599,2.12228,384000,8.98177,1,107,49.7396,0
8x4x12,1000,600,1.49892,384000,8.98177,1,107,49.7396,0
8x4x12,1000,601,1.95958,384000,8.98177,1,107,49.7396,0
8x4x12,1000,602,1.72203,384000,8.98177,1,107,49.7396,0
8x4x12,1000,603,1.65786,384000,8.98177,1,107,49.7396,0
8x4x12,1000,604,2.41951,384000,8.98177,1,107,49.7396,0
8x4x12,1000,605,1.85258,384000,8.98177,1,107,49.7396,0
8x4x12,1000,606,1.95791,384000,8.98177,1,107,49.7396,0
8x4x12,1000,607,1.52291,384000,8.98177,1,107,49.7396,0
8x4x12,1000,608,1.39448,384000,8.98177,1,107,49.7396,0
8x4x12,1000,609,1.43234,384000,8.98177,1,107,49.7396,0
8x4x12,1000,610,1.58396,384000,8.98177,1,107,49.7396,0
8x4x12,1000,611,2.29691,384000,8.98177,1,107,49.7396,0
8x4x12,1000,612,1.5631,384000,8.98177,1,107,49.7396,0
8x4x12,1000,613,1.58386,384000,8.98177,1,107,49.7396,0
8x4x12,1000,614,1.40341,384000,8.98177,1,107,49.7396,0
8x4x12,1000,615,1.39367,384000,8.98177,1,107,49.7396,0
8x4x12,1000,616,1.48928,384000,8.98177,1,107,49.7396,0
8x4x12,1000,617,1.69312,384000,8.98177,1,107,49.7396,0
8x4x12,1000,618,1.37888,384000,8.98177,1,107,49.7396,0
8x4x12,1000,619,1.39367,384000,8.98177,1,107,49.7396,0
8x4x12,1000,620,1.38909,384000,8.98177,1,107,49.7396,0
8x4x12,1000,621,1.94007,384000,8.98177,1,107,49.7396,0
8x4x12,1000,622,1.89564,384000,8.98177,1,107,49.7396,0
8x4x12,1000,623,1.61353,384000,8.98177,1,107,49.7396,0
8x4x12,1000,624,1.38167,384000,8.98177,1,107,49.7396,0
8x4x12,1000,625,1.34159,384000,8.98177,1,107,49.7396,0
8x4x12,1000,626,1.40169,384000,8.98177,1,107,49.7396,0
8x4x12,1000,627,1.47809,384000,8.98177,1,107,49.7396,0
8x4x12,1000,628,1.39966,384000,8.98177,1,107,49.7396,0
8x4x12,1000,629,1.35393,384000,8.98177,1,107,49.7396,0
8x4x12,1000,630,1.41861,384000,8.98177,1,107,49.7396,0
8x4x12,1000,631,1.36834,384000,8.98177,1,107,49.7396,0
8x4x12,1000,632,1.58956,384000,8.98177,1,107,49.7396,0
8x4x12,1000,633,1.42036,384000,8.98177,1,107,49.7396,0
8x4x12,1000,634,1.58531,384000,8.98177,1,107,49.7396,0
8x4x12,1000,635,1.3392,384000,8.98177,1,107,49.7396,0
8x4x12,1000,636,1.33391,384000,8.98177,1,107,49.7396,0
8x4x12,1000,637,1.39028,384000,8.98177,1,107,49.7396,0
8x4x12,1000,638,1.54027,384000,8.98177,1,107,49.7396,0
8x4x12,1000,639,1.87089,384000,8.98177,1,107,49.7396,0
8x4x12,1000,640,1.42504,384000,8.98177,1,107,49.7396,0
8x4x12,1000,641,1.37365,384000,8.98177,1,107,49.7396,0
8x4x12,1000,642,1.37838,384000,8.98177,1,107,49.7396,0
8x4x12,1000,643,1.60993,384000,8.98177,1,107,49.7396,0
8x4x12,1000,644,1.5256,384000,8.98177,1,107,49.7396,0
8x4x12,1000,645,1.60917,384000,8.98177,1,107,49.7396,0
8x4x12,1000,646,1.38017,384000,8.98177,1,107,49.7396,0
8x4x12,1000,647,1.40569,384000,8.98177,1,107,49.7396,0
8x4x12,1000,648,1.43436,384000,8.98177,1,107,49.7396,0
8x4x12,1000,649,1.49136,384000,8.98177,1,107,49.7396,0
8x4x12,1000,650,1.84236,384000,8.98177,1,107,49.7396,0
8x4x12,1000,651,2.18185,384000,8.98177,1,107,49.7396,0
8x4x12,1000,652,1.37725,384000,8.98177,1,107,49.7396,0
8x4x12,1000,653,1.49323,384000,8.98177,1,107,49.7396,0
8x4x12,1000,654,1.5991,384000,8.98177,1,107,49.7396,0
8x4x12,1000,655,1.60038,384000,8.98177,1,107,49.7396,0
8x4x12,1000,656,1.36589,384000,8.98177,1,107,49.7396,0
8x4x12,1000,657,1.37349,384000,8.98177,1,107,49.7396,0
8x4x12,1000,658,1.34801,384000,8.98177,1,107,49.7396,0
8x4x12,1000,659,1.36096,384000,8.98177,1,107,49.7396,0
8x4x12,1000,660,1.47254,384000,8.98177,1,107,49.7396,0
8x4x12,1000,661,1.913,384000,8.98177,1,107,49.7396,0
8x4x12,1000,662,1.46287,384000,8.98177,1,107,49.7396,0
8x4x12,1000,663,1.39341,384000,8.98177,1,107,49.7396,0
8x4x12,1000,664,1.37035,384000,8.98177,1,107,49.7396,0
8x4x12,1000,665,1.62038,384000,8.98177,1,107,49.7396,0
8x4x12,1000,666,1.63898,384000,8.98177,1,107,49.7396,0
8x4x12,1000,667,1.37296,384000,8.98177,1,107,49.7396,0
8x4x12,1000,668,1.39453,384000,8.98177,1,107,49.7396,0
8x4x12,1000,669,1.44079,384000,8.98177,1,107,49.7396,0
8x4x12,1000,670,1.35702,384000,8.98177,1,107,49.7396,0
8x4x12,1000,671,1.46761,384000,8.98177,1,107,49.7396,0
8x4x12,1000,672,2.08996,384000,8.98177,1,107,49.7396,0
8x4x12,1000,673,1.40654,384000,8.98177,1,107,49.7396,0
8x4x12,1000,674,1.36969,384000,8.98177,1,107,49.7396,0
8x4x12,1000,675,1.35274,384000,8.98177,1,107,49.7396,0
8x4x12,1000,676,1.84193,384000,8.98177,1,107,49.7396,0
8x4x12,1000,677,2.1217,384000,8.98177,1,107,49.7396,0
8x4x12,1000,678,1.42793,384000,8.98177,1,107,49.7396,0
8x4x12,1000,679,1.4686,384000,8.98177,1,107,49.7396,0
8x4x12,1000,680,1.39868,384000,8.98177,1,107,49.7396,0
8x4x12,1000,681,1.4286,384000,8.98177,1,107,49.7396,0
8x4x12,1000,682,1.85975,384000,8.98177,1,107,49.7396,0
8x4x12,1000,683,2.43818,384000,8.98177,1,107,49.7396,0
8x4x12,1000,684,2.44826,384000,8.98177,1,107,49.7396,0
8x4x12,1000,685,1.67614,384000,8.98177,1,107,49.7396,0
8x4x12,1000,686,1.37623,384000,8.98177,1,107,49.7396,0
8x4x12,1000,687,1.50896,384000,8.98177,1,107,49.7396,0
8x4x12,1000,688,1.59854,384000,8.98177,1,107,49.7396,0
8x4x12,1000,689,1.35723,384000,8.98177,1,107,49.7396,0
8x4x12,1000,690,1.38462,384000,8.98177,1,107,49.7396,0
8x4x12,1000,691,1.77945,384000,8.98177,1,107,49.7396,0
8x4x12,1000,692,2.32772,384000,8.98177,1,107,49.7396,0
8x4x12,1000,693,1.38142,384000,8.98177,1,107,49.7396,0
8x4x12,1000,694,1.38932,384000,8.98177,1,107,49.7396,0
8x4x12,1000,695,1.4553,384000,8.98177,1,107,49.7396,0
8x4x12,1000,696,1.67677,384000,8.98177,1,107,49.7396,0
8x4x12,1000,697,1.77976,384000,8.98177,1,107,49.7396,0
8x4x12,1000,698,1.39617,384000,8.98177,1,107,49.7396,0
8x4x12,1000,699,1.34734,384000,8.98177,1,107,49.7396,0
8x4x12,1000,700,1.35326,384000,8.98177,1,107,49.7396,0
8x4x12,1000,701,1.34871,384000,8.98177,1,107,49.7396,0
8x4x12,1000,702,1.56894,384000,8.98177,1,107,49.7396,0
8x4x12,1000,703,1.62565,384000,8.98177,1,107,49.7396,0
8x4x12,1000,704,1.40165,384000,8.98177,1,107,49.7396,0
8x4x12,1000,705,1.37281,384000,8.98177,1,107,49.7396,0
8x4x12,1000,706,1.51331,384000,8.98177,1,107,49.7396,0
8x4x12,1000,707,1.60721,384000,8.98177,1,107,49.7396,0
8x4x12,1000,708,1.62743,384000,8.98177,1,107,49.7396,0
8x4x12,1000,709,1.50155,384000,8.98177,1,107,49.7396,0
8x4x12,1000,710,1.70903,384000,8.98177,1,107,49.7396,0
8x4x12,1000,711,1.60136,384000,8.98177,1,107,49.7396,0
8x4x12,1000,712,1.76055,384000,8.98177,1,107,49.7396,0
8x4x12,1000,713,1.7729,384000,8.98177,1,107,49.7396,0
8x4x12,1000,714,1.45932,384000,8.98177,1,107,49.7396,0
8x4x12,1000,715,1.35418,384000,8.98177,1,107,49.7396,0
8x4x12,1000,716,1.50727,384000,8.98177,1,107,49.7396,0
8x4x12,1000,717,1.53648,384000,8.98177,1,107,49.7396,0
8x4x12,1000,718,1.74538,384000,8.98177,1,107,49.7396,0
8x4x12,1000,719,1.68927,384000,8.98177,1,107,49.7396,0
8x4x12,1000,720,1.36404,384000,8.98177,1,107,49.7396,0
8x4x12,1000,721,1.35986,384000,8.98177,1,107,49.7396,0
8x4x12,1000,722,1.34452,384000,8.98177,1,107,49.7396,0
8x4x12,1000,723,1.43855,384000,8.98177,1,107,49.7396,0
8x4x12,1000,724,2.1437,384000,8.98177,1,107,49.7396,0
8x4x12,1000,725,1.41712,384000,8.98177,1,107,49.7396,0
8x4x12,1000,726,1.46331,384000,8.98177,1,107,49.7396,0
8x4x12,1000,727,1.47189,384000,8.98177,1,107,49.7396,0
8x4x12,1000,728,1.93066,384000,8.98177,1,107,49.7396,0
8x4x12,1000,729,1.53848,384000,8.98177,1,107,49.7396,0
8x4x12,1000,730,1.47451,384000,8.98177,1,107,49.7396,0
8x4x12,1000,731,1.40011,384000,8.98177,1,107,49.7396,0
8x4x12,1000,732,1.36591,384000,8.98177,1,107,49.7396,0
8x4x12,1000,733,1.35716,384000,8.98177,1,107,49.7396,0
8x4x12,1000,734,1.46517,384000,8.98177,1,107,49.7396,0
8x4x12,1000,735,1.8298,384000,8.98177,1,107,49.7396,0
8x4x12,1000,736,1.38816,384000,8.98177,1,107,49.7396,0
8x4x12,1000,737,1.3754,384000,8.98177,1,107,49.7396,0
8x4x12,1000,738,1.90899,384000,8.98177,1,107,49.7396,0
8x4x12,1000,739,2.7491,384000,8.98177,1,107,49.7396,0
8x4x12,1000,740,1.86301,384000,8.98177,1,107,49.7396,0
8x4x12,1000,741,1.42989,384000,8.98177,1,107,49.7396,0
8x4x12,1000,742,1.40563,384000,8.98177,1,107,49.7396,0
8x4x12,1000,743,1.36811,384000,8.98177,1,107,49.7396,0
8x4x12,1000,744,2.29554,384000,8.98177,1,107,49.7396,0
8x4x12,1000,745,1.62265,384000,8.98177,1,107,49.7396,0
8x4x12,1000,746,1.45103,384000,8.98177,1,107,49.7396,0
8x4x12,1000,747,2.06769,384000,8.98177,1,107,49.7396,0
8x4x12,1000,748,2.09552,384000,8.98177,1,107,49.7396,0
8x4x12,1000,749,2.17824,384000,8.98177,1,107,49.7396,0
8x4x12,1000,750,1.40715,384000,8.98177,1,107,49.7396,0
8x4x12,1000,751,1.374,384000,8.98177,1,107,49.7396,0
8x4x12,1000,752,1.3816,384000,8.98177,1,107,49.7396,0
8x4x12,1000,753,1.42968,384000,8.98177,1,107,49.7396,0
8x4x12,1000,754,2.29054,384000,8.98177,1,107,49.7396,0
8x4x12,1000,755,1.4303,384000,8.98177,1,107,49.7396,0
8x4x12,1000,756,1.35851,384000,8.98177,1,107,49.7396,0
8x4x12,1000,757,1.37525,384000,8.98177,1,107,49.7396,0
8x4x12,1000,758,1.37859,384000,8.98177,1,107,49.7396,0
8x4x12,1000,759,2.57537,384000,8.98177,1,107,49.7396,0
8x4x12,1000,760,1.41872,384000,8.98177,1,107,49.7396,0
8x4x12,1000,761,1.41369,384000,8.98177,1,107,49.7396,0
8x4x12,1000,762,2.00455,384000,8.98177,1,107,49.7396,0
8x4x12,1000,763,1.9656,384000,8.98177,1,107,49.7396,0
8x4x12,1000,764,2.28919,384000,8.98177,1,107,49.7396,0
8x4x12,1000,765,1.38436,384000,8.98177,1,107,49.7396,0
8x4x12,1000,766,1.37989,384000,8.98177,1,107,49.7396,0
8x4x12,1000,767,1.40764,384000,8.98177,1,107,49.7396,0
8x4x12,1000,768,2.10113,384000,8.98177,1,107,49.7396,0
8x4x12,1000,769,2.24509,384000,8.98177,1,107,49.7396,0
8x4x12,1000,770,1.39979,384000,8.98177,1,107,49.7396,0
8x4x12,1000,771,1.38861,384000,8.98177,1,107,49.7396,0
8x4x12,1000,772,1.38996,384000,8.98177,1,107,49.7396,0
8x4x12,1000,773,1.45114,384000,8.98177,1,107,49.7396,0
8x4x12,1000,774,1.85081,384000,8.98177,1,107,49.7396,0
8x4x12,1000,775,1.78782,384000,8.98177,1,107,49.7396,0
8x4x12,1000,776,1.39726,384000,8.98177,1,107,49.7396,0
8x4x12,1000,777,1.52645,384000,8.98177,1,107,49.7396,0
8x4x12,1000,778,1.6201,384000,8.98177,1,107,49.7396,0
8x4x12,1000,779,1.62213,384000,8.98177,1,107,49.7396,0
8x4x12,1000,780,1.72173,384000,8.98177,1,107,49.7396,0
8x4x12,1000,781,2.18011,384000,8.98177,1,107,49.7396,0
8x4x12,1000,782,1.53301,384000,8.98177,1,107,49.7396,0
8x4x12,1000,783,1.47873,384000,8.98177,1,107,49.7396,0
8x4x12,1000,784,1.86442,384000,8.98177,1,107,49.7396,0
8x4x12,1000,785,1.79265,384000,8.98177,1,107,49.7396,0
8x4x12,1000,786,1.79897,384000,8.98177,1,107,49.7396,0
8x4x12,1000,787,1.59224,384000,8.98177,1,107,49.7396,0
8x4x12,1000,788,1.6034,384000,8.98177,1,107,49.7396,0
8x4x12,1000,789,1.76436,384000,8.98177,1,107,49.7396,0
8x4x12,1000,790,1.39428,384000,8.98177,1,107,49.7396,0
8x4x12,1000,791,1.38766,384000,8.98177,1,107,49.7396,0
8x4x12,1000,792,1.40963,384000,8.98177,1,107,49.7396,0
8x4x12,1000,793,1.44528,384000,8.98177,1,107,49.7396,0
8x4x12,1000,794,1.84641,384000,8.98177,1,107,49.7396,0
8x4x12,1000,795,1.45306,384000,8.98177,1,107,49.7396,0
8x4x12,1000,796,1.3776,384000,8.98177,1,107,49.7396,0
8x4x12,1000,797,1.66094,384000,8.98177,1,107,49.7396,0
8x4x12,1000,798,1.56405,384000,8.98177,1,107,49.7396,0
8x4x12,1000,799,1.49909,384000,8.98177,1,107,49.7396,0
8x4x12,1000,800,1.8351,384000,8.98177,1,107,49.7396,0
8x4x12,1000,801,1.77021,384000,8.98177,1,107,49.7396,0
8x4x12,1000,802,1.41267,384000,8.98177,1,107,49.7396,0
8x4x12,1000,803,1.4088,384000,8.98177,1,107,49.7396,0
8x4x12,1000,804,1.52862,384000,8.98177,1,107,49.7396,0
8x4x12,1000,805,1.76241,384000,8.98177,1,107,49.7396,0
8x4x12,1000,806,1.68509,384000,8.98177,1,107,49.7396,0
8x4x12,1000,807,1.74907,384000,8.98177,1,107,49.7396,0
8x4x12,1000,808,1.49481,384000,8.98177,1,107,49.7396,0
8x4x12,1000,809,1.61321,384000,8.98177,1,107,49.7396,0
8x4x12,1000,810,1.85417,384000,8.98177,1,107,49.7396,0
8x4x12,1000,811,1.42826,384000,8.98177,1,107,49.7396,0
8x4x12,1000,812,1.41023,384000,8.98177,1,107,49.7396,0
8x4x12,1000,813,1.34892,384000,8.98177,1,107,49.7396,0
8x4x12,1000,814,1.38544,384000,8.98177,1,107,49.7396,0
8x4x12,1000,815,1.84893,384000,8.98177,1,107,49.7396,0
8x4x12,1000,816,1.63537,384000,8.98177,1,107,49.7396,0
8x4x12,1000,817,1.52437,384000,8.98177,1,107,49.7396,0
8x4x12,1000,818,1.39641,384000,8.98177,1,107,49.7396,0
8x4x12,1000,819,1.43399,384000,8.98177,1,107,49.7396,0
8x4x12,1000,820,1.53479,384000,8.98177,1,107,49.7396,0
8x4x12,1000,821,1.71159,384000,8.98177,1,107,49.7396,0
8x4x12,1000,822,1.40758,384000,8.98177,1,107,49.7396,0
8x4x12,1000,823,1.56045,384000,8.98177,1,107,49.7396,0
8x4x12,1000,824,1.46916,384000,8.98177,1,107,49.7396,0
8x4x12,1000,825,1.41844,384000,8.98177,1,107,49.7396,0
8x4x12,1000,826,2.27784,384000,8.98177,1,107,49.7396,0
8x4x12,1000,827,1.98093,384000,8.98177,1,107,49.7396,0
8x4x12,1000,828,1.41036,384000,8.98177,1,107,49.7396,0
8x4x12,1000,829,1.38189,384000,8.98177,1,107,49.7396,0
8x4x12,1000,830,1.72405,384000,8.98177,1,107,49.7396,0
8x4x12,1000,831,1.73109,384000,8.98177,1,107,49.7396,0
8x4x12,1000,832,1.48859,384000,8.98177,1,107,49.7396,0
8x4x12,1000,833,1.38444,384000,8.98177,1,107,49.7396,0
8x4x12,1000,834,1.38868,384000,8.98177,1,107,49.7396,0
8x4x12,1000,835,1.40929,384000,8.98177,1,107,49.7396,0
8x4x12,1000,836,1.50596,384000,8.98177,1,107,49.7396,0
8x4x12,1000,837,1.73808,384000,8.98177,1,107,49.7396,0
8x4x12,1000,838,1.36008,384000,8.98177,1,107,49.7396,0
8x4x12,1000,839,1.40284,384000,8.98177,1,107,49.7396,0
8x4x12,1000,840,1.37082,384000,8.98177,1,107,49.7396,0
8x4x12,1000,841,1.6007,384000,8.98177,1,107,49.7396,0
8x4x12,1000,842,2.02134,384000,8.98177,1,107,49.7396,0
8x4x12,1000,843,1.73268,384000,8.98177,1,107,49.7396,0
8x4x12,1000,844,1.45435,384000,8.98177,1,107,49.7396,0
8x4x12,1000,845,1.38291,384000,8.98177,1,107,49.7396,0
8x4x12,1000,846,1.49255,384000,8.98177,1,107,49.7396,0
8x4x12,1000,847,1.57589,384000,8.98177,1,107,49.7396,0
8x4x12,1000,848,1.57686,384000,8.98177,1,107,49.7396,0
8x4x12,1000,849,1.43971,384000,8.98177,1,107,49.7396,0
8x4x12,1000,850,1.33836,384000,8.98177,1,107,49.7396,0
8x4x12,1000,851,1.52281,384000,8.98177,1,107,49.7396,0
8x4x12,1000,852,1.58711,384000,8.98177,1,107,49.7396,0
8x4x12,1000,853,1.93348,384000,8.98177,1,107,49.7396,0
8x4x12,1000,854,2.04281,384000,8.98177,1,107,49.7396,0
8x4x12,1000,855,1.47002,384000,8.98177,1,107,49.7396,0
8x4x12,1000,856,1.53153,384000,8.98177,1,107,49.7396,0
8x4x12,1000,857,1.58837,384000,8.98177,1,107,49.7396,0
8x4x12,1000,858,1.41911,384000,8.98177,1,107,49.7396,0
8x4x12,1000,859,1.51292,384000,8.98177,1,107,49.7396,0
8x4x12,1000,860,1.41582,384000,8.98177,1,107,49.7396,0
8x4x12,1000,861,1.36628,384000,8.98177,1,107,49.7396,0
8x4x12,1000,862,1.50056,384000,8.98177,1,107,49.7396,0
8x4x12,1000,863,1.65945,384000,8.98177,1,107,49.7396,0
8x4x12,1000,864,1.66731,384000,8.98177,1,107,49.7396,0
8x4x12,1000,865,1.44269,384000,8.98177,1,107,49.7396,0
8x4x12,1000,866,1.40006,384000,8.98177,1,107,49.7396,0
8x4x12,1000,867,1.47632,384000,8.98177,1,107,49.7396,0
8x4x12,1000,868,1.53367,384000,8.98177,1,107,49.7396,0
8x4x12,1000,869,1.61828,384000,8.98177,1,107,49.7396,0
8x4x12,1000,870,1.36091,384000,8.98177,1,107,49.7396,0
8x4x12,1000,871,1.46594,384000,8.98177,1,107,49.7396,0
8x4x12,1000,872,1.39711,384000,8.98177,1,107,49.7396,0
8x4x12,1000,873,1.52393,384000,8.98177,1,107,49.7396,0
8x4x12,1000,874,1.47734,384000,8.98177,1,107,49.7396,0
8x4x12,1000,875,2.08368,384000,8.98177,1,107,49.7396,0
8x4x12,1000,876,1.43264,384000,8.98177,1,107,49.7396,0
8x4x12,1000,877,1.3927,384000,8.98177,1,107,49.7396,0
8x4x12,1000,878,1.39518,384000,8.98177,1,107,49.7396,0
8x4x12,1000,879,1.54324,384000,8.98177,1,107,49.7396,0
8x4x12,1000,880,1.69316,384000,8.98177,1,107,49.7396,0
8x4x12,1000,881,1.37949,384000,8.98177,1,107,49.7396,0
8x4x12,1000,882,1.39196,384000,8.98177,1,107,49.7396,0
8x4x12,1000,883,1.38659,384000,8.98177,1,107,49.7396,0
8x4x12,1000,884,1.56373,384000,8.98177,1,107,49.7396,0
8x4x12,1000,885,2.32285,384000,8.98177,1,107,49.7396,0
8x4x12,1000,886,1.72517,384000,8.98177,1,107,49.7396,0
8x4x12,1000,887,1.39455,384000,8.98177,1,107,49.7396,0
8x4x12,1000,888,1.41165,384000,8.98177,1,107,49.7396,0
8x4x12,1000,889,1.51723,384000,8.98177,1,107,49.7396,0
8x4x12,1000,890,1.57079,384000,8.98177,1,107,49.7396,0
8x4x12,1000,891,1.51987,384000,8.98177,1,107,49.7396,0
8x4x12,1000,892,1.33916,384000,8.98177,1,107,49.7396,0
8x4x12,1000,893,1.37912,384000,8.98177,1,107,49.7396,0
8x4x12,1000,894,1.39777,384000,8.98177,1,107,49.7396,0
8x4x12,1000,895,1.58149,384000,8.98177,1,107,49.7396,0
8x4x12,1000,896,2.02366,384000,8.98177,1,107,49.7396,0
8x4x12,1000,897,1.42478,384000,8.98177,1,107,49.7396,0
8x4x12,1000,898,1.43993,384000,8.98177,1,107,49.7396,0
8x4x12,1000,899,1.46843,384000,8.98177,1,107,49.7396,0
8x4x12,1000,900,1.53715,384000,8.98177,1,107,49.7396,0
8x4x12,1000,901,2.2391,384000,8.98177,1,107,49.7396,0
8x4x12,1000,902,1.57309,384000,8.98177,1,107,49.7396,0
8x4x12,1000,903,1.37198,384000,8.98177,1,107,49.7396,0
8x4x12,1000,904,1.39156,384000,8.98177,1,107,49.7396,0
8x4x12,1000,905,1.50324,384000,8.98177,1,107,49.7396,0
8x4x12,1000,906,1.56184,384000,8.98177,1,107,49.7396,0
8x4x12,1000,907,1.62589,384000,8.98177,1,107,49.7396,0
8x4x12,1000,908,1.5014,384000,8.98177,1,107,49.7396,0
8x4x12,1000,909,1.3823,384000,8.98177,1,107,49.7396,0
8x4x12,1000,910,1.39566,384000,8.98177,1,107,49.7396,0
8x4x12,1000,911,1.50883,384000,8.98177,1,107,49.7396,0
8x4x12,1000,912,1.59425,384000,8.98177,1,107,49.7396,0
8x4x12,1000,913,1.44195,384000,8.98177,1,107,49.7396,0
8x4x12,1000,914,1.40705,384000,8.98177,1,107,49.7396,0
8x4x12,1000,915,1.38794,384000,8.98177,1,107,49.7396,0
8x4x12,1000,916,1.50735,384000,8.98177,1,107,49.7396,0
8x4x12,1000,917,1.51022,384000,8.98177,1,107,49.7396,0
8x4x12,1000,918,1.8352,384000,8.98177,1,107,49.7396,0
8x4x12,1000,919,1.39158,384000,8.98177,1,107,49.7396,0
8x4x12,1000,920,1.38761,384000,8.98177,1,107,49.7396,0
8x4x12,1000,921,1.34527,384000,8.98177,1,107,49.7396,0
8x4x12,1000,922,1.56309,384000,8.98177,1,107,49.7396,0
8x4x12,1000,923,1.58414,384000,8.98177,1,107,49.7396,0
8x4x12,1000,924,1.6409,384000,8.98177,1,107,49.7396,0
8x4x12,1000,925,1.35835,384000,8.98177,1,107,49.7396,0
8x4x12,1000,926,1.38933,384000,8.98177,1,107,49.7396,0
8x4x12,1000,927,1.50626,384000,8.98177,1,107,49.7396,0
8x4x12,1000,928,1.54949,384000,8.98177,1,107,49.7396,0
8x4x12,1000,929,1.90493,384000,8.98177,1,107,49.7396,0
8x4x12,1000,930,1.41427,384000,8.98177,1,107,49.7396,0
8x4x12,1000,931,1.37133,384000,8.98177,1,107,49.7396,0
8x4x12,1000,932,1.66466,384000,8.98177,1,107,49.7396,0
8x4x12,1000,933,1.81626,384000,8.98177,1,107,49.7396,0
8x4x12,1000,934,1.55855,384000,8.98177,1,107,49.7396,0
8x4x12,1000,935,1.39182,384000,8.98177,1,107,49.7396,0
8x4x12,1000,936,1.37024,384000,8.98177,1,107,49.7396,0
8x4x12,1000,937,1.35969,384000,8.98177,1,107,49.7396,0
8x4x12,1000,938,1.51194,384000,8.98177,1,107,49.7396,0
8x4x12,1000,939,1.75586,384000,8.98177,1,107,49.7396,0
8x4x12,1000,940,1.48408,384000,8.98177,1,107,49.7396,0
8x4x12,1000,941,1.38836,384000,8.98177,1,107,49.7396,0
8x4x12,1000,942,1.36757,384000,8.98177,1,107,49.7396,0
8x4x12,1000,943,1.57923,384000,8.98177,1,107,49.7396,0
8x4x12,1000,944,1.52168,384000,8.98177,1,107,49.7396,0
8x4x12,1000,945,1.50975,384000,8.98177,1,107,49.7396,0
8x4x12,1000,946,1.55456,384000,8.98177,1,107,49.7396,0
8x4x12,1000,947,1.35584,384000,8.98177,1,107,49.7396,0
8x4x12,1000,948,1.34161,384000,8.98177,1,107,49.7396,0
8x4x12,1000,949,1.4201,384000,8.98177,1,107,49.7396,0
8x4x12,1000,950,1.68421,384000,8.98177,1,107,49.7396,0
8x4x12,1000,951,1.50884,384000,8.98177,1,107,49.7396,0
8x4x12,1000,952,1.36163,384000,8.98177,1,107,49.7396,0
8x4x12,1000,953,1.3618,384000,8.98177,1,107,49.7396,0
8x4x12,1000,954,1.36604,384000,8.98177,1,107,49.7396,0
8x4x12,1000,955,1.3565,384000,8.98177,1,107,49.7396,0
8x4x12,1000,956,1.5252,384000,8.98177,1,107,49.7396,0
8x4x12,1000,957,1.46519,384000,8.98177,1,107,49.7396,0
8x4x12,1000,958,1.40698,384000,8.98177,1,107,49.7396,0
8x4x12,1000,959,1.49076,384000,8.98177,1,107,49.7396,0
8x4x12,1000,960,1.50847,384000,8.98177,1,107,49.7396,0
8x4x12,1000,961,1.60547,384000,8.98177,1,107,49.7396,0
8x4x12,1000,962,1.73085,384000,8.98177,1,107,49.7396,0
8x4x12,1000,963,1.35034,384000,8.98177,1,107,49.7396,0
8x4x12,1000,964,1.39939,384000,8.98177,1,107,49.7396,0
8x4x12,1000,965,1.47723,384000,8.98177,1,107,49.7396,0
8x4x12,1000,966,1.44311,384000,8.98177,1,107,49.7396,0
8x4x12,1000,967,1.50545,384000,8.98177,1,107,49.7396,0
8x4x12,1000,968,1.96353,384000,8.98177,1,107,49.7396,0
8x4x12,1000,969,1.5506,384000,8.98177,1,107,49.7396,0
8x4x12,1000,970,1.37992,384000,8.98177,1,107,49.7396,0
8x4x12,1000,971,1.36889,384000,8.98177,1,107,49.7396,0
8x4x12,1000,972,1.62945,384000,8.98177,1,107,49.7396,0
8x4x12,1000,973,1.66657,384000,8.98177,1,107,49.7396,0
8x4x12,1000,974,1.36923,384000,8.98177,1,107,49.7396,0
8x4x12,1000,975,1.48401,384000,8.98177,1,107,49.7396,0
8x4x12,1000,976,1.44356,384000,8.98177,1,107,49.7396,0
8x4x12,1000,977,1.39785,384000,8.98177,1,107,49.7396,0
8x4x12,1000,978,1.48914,384000,8.98177,1,107,49.7396,0
8x4x12,1000,979,1.81735,384000,8.98177,1,107,49.7396,0
8x4x12,1000,980,1.50259,384000,8.98177,1,107,49.7396,0
8x4x12,1000,981,1.48215,384000,8.98177,1,107,49.7396,0
8x4x12,1000,982,1.35904,384000,8.98177,1,107,49.7396,0
8x4x12,1000,983,1.66062,384000,8.98177,1,107,49.7396,0
8x4x12,1000,984,1.49737,384000,8.98177,1,107,49.7396,0
8x4x12,1000,985,1.47437,384000,8.98177,1,107,49.7396,0
8x4x12,1000,986,1.52017,384000,8.98177,1,107,49.7396,0
8x4x12,1000,987,1.46364,384000,8.98177,1,107,49.7396,0
8x4x12,1000,988,1.39179,384000,8.98177,1,107,49.7396,0
8x4x12,1000,989,1.5815,384000,8.98177,1,107,49.7396,0
8x4x12,1000,990,1.57641,384000,8.98177,1,107,49.7396,0
8x4x12,1000,991,1.48371,384000,8.98177,1,107,49.7396,0
8x4x12,1000,992,1.63105,384000,8.98177,1,107,49.7396,0
8x4x12,1000,993,1.41807,384000,8.98177,1,107,49.7396,0
8x4x12,1000,994,1.59528,384000,8.98177,1,107,49.7396,0
8x4x12,1000,995,1.60632,384000,8.98177,1,107,49.7396,0
8x4x12,1000,996,1.467,384000,8.98177,1,107,49.7396,0
8x4x12,1000,997,1.75853,384000,8.98177,1,107,49.7396,0
8x4x12,1000,998,1.39426,384000,8.98177,1,107,49.7396,0
8x4x12,1000,999,1.3778,384000,8.98177,1,107,49.7396,0
16x9x24,100,0,1.1055,345600,0.303241,0,7,82.0891,0
16x9x24,100,1,1.07418,345600,0.303241,0,7,82.0891,0
16x9x24,100,2,1.26701,345600,0.303241,0,7,82.0891,0
16x9x24,100,3,1.27415,345600,0.303241,0,7,82.0891,0
16x9x24,100,4,1.14364,345600,0.303241,0,7,82.0891,0
16x9x24,100,5,1.09767,345600,0.303241,0,7,82.0891,0
16x9x24,100,6,1.08789,345600,0.303241,0,7,82.0891,0
16x9x24,100,7,1.09509,345600,0.303241,0,7,82.0891,0
16x9x24,100,8,1.48501,345600,0.303241,0,7,82.0891,0
16x9x24,100,9,1.35249,345600,0.303241,0,7,82.0891,0
16x9x24,100,10,1.93272,345600,0.303241,0,7,82.0891,0
16x9x24,100,11,2.18979,345600,0.303241,0,7,82.0891,0
16x9x24,100,12,1.7448,345600,0.303241,0,7,82.0891,0
16x9x24,100,13,1.21962,345600,0.303241,0,7,82.0891,0
16x9x24,100,14,1.33998,345600,0.303241,0,7,82.0891,0
16x9x24,100,15,1.48022,345600,0.303241,0,7,82.0891,0
16x9x24,100,16,1.19454,345600,0.303241,0,7,82.0891,0
16x9x24,100,17,1.1033,345600,0.303241,0,7,82.0891,0
16x9x24,100,18,1.12857,345600,0.303241,0,7,82.0891,0
16x9x24,100,19,1.46326,345600,0.303241,0,7,82.0891,0
16x9x24,100,20,1.60291,345600,0.303241,0,7,82.0891,0
16x9x24,100,21,1.68344,345600,0.303241,0,7,82.0891,0
16x9x24,100,22,2.19187,345600,0.303241,0,7,82.0891,0
16x9x24,100,23,1.82649,345600,0.303241,0,7,82.0891,0
16x9x24,100,24,1.19172,345600,0.303241,0,7,82.0891,0
16x9x24,100,25,1.47055,345600,0.303241,0,7,82.0891,0
16x9x24,100,26,1.37312,345600,0.303241,0,7,82.0891,0
16x9x24,100,27,1.35353,345600,0.303241,0,7,82.0891,0
16x9x24,100,28,1.67366,345600,0.303241,0,7,82.0891,0
16x9x24,100,29,1.26056,345600,0.303241,0,7,82.0891,0
16x9x24,100,30,1.51103,345600,0.303241,0,7,82.0891,0
16x9x24,100,31,1.81747,345600,0.303241,0,7,82.0891,0
16x9x24,100,32,1.23331,345600,0.303241,0,7,82.0891,0
16x9x24,100,33,1.10219,345600,0.303241,0,7,82.0891,0
16x9x24,100,34,1.13543,345600,0.303241,0,7,82.0891,0
16x9x24,100,35,1.08607,345600,0.303241,0,7,82.0891,0
16x9x24,100,36,1.11126,345600,0.303241,0,7,82.0891,0
16x9x24,100,37,1.60488,345600,0.303241,0,7,82.0891,0
16x9x24,100,38,1.24231,345600,0.303241,0,7,82.0891,0
16x9x24,100,39,1.11634,345600,0.303241,0,7,82.0891,0
16x9x24,100,40,1.10164,345600,0.303241,0,7,82.0891,0
16x9x24,100,41,1.07466,345600,0.303241,0,7,82.0891,0
16x9x24,100,42,1.08613,345600,0.303241,0,7,82.0891,0
16x9x24,100,43,1.65852,345600,0.303241,0,7,82.0891,0
16x9x24,100,44,1.48238,345600,0.303241,0,7,82.0891,0
16x9x24,100,45,1.18063,345600,0.303241,0,7,82.0891,0
16x9x24,100,46,1.13804,345600,0.303241,0,7,82.0891,0
16x9x24,100,47,1.11552,345600,0.303241,0,7,82.0891,0
16x9x24,100,48,1.08454,345600,0.303241,0,7,82.0891,0
16x9x24,100,49,1.27975,345600,0.303241,0,7,82.0891,0
16x9x24,100,50,1.36224,345600,0.303241,0,7,82.0891,0
16x9x24,100,51,1.13853,345600,0.303241,0,7,82.0891,0
16x9x24,100,52,1.07604,345600,0.303241,0,7,82.0891,0
16x9x24,100,53,1.07931,345600,0.303241,0,7,82.0891,0
16x9x24,100,54,1.07901,345600,0.303241,0,7,82.0891,0
16x9x24,100,55,1.10313,345600,0.303241,0,7,82.0891,0
16x9x24,100,56,1.51398,345600,0.303241,0,7,82.0891,0
16x9x24,100,57,1.58023,345600,0.303241,0,7,82.0891,0
16x9x24,100,58,1.12089,345600,0.303241,0,7,82.0891,0
16x9x24,100,59,1.1826,345600,0.303241,0,7,82.0891,0
16x9x24,100,60,1.11361,345600,0.303241,0,7,82.0891,0
16x9x24,100,61,1.21843,345600,0.303241,0,7,82.0891,0
16x9x24,100,62,1.15613,345600,0.303241,0,7,82.0891,0
16x9x24,100,63,1.50052,345600,0.303241,0,7,82.0891,0
16x9x24,100,64,1.18921,345600,0.303241,0,7,82.0891,0
16x9x24,100,65,1.19781,345600,0.303241,0,7,82.0891,0
16x9x24,100,66,1.12226,345600,0.303241,0,7,82.0891,0
16x9x24,100,67,1.11495,345600,0.303241,0,7,82.0891,0
16x9x24,100,68,1.12499,345600,0.303241,0,7,82.0891,0
16x9x24,100,69,1.07441,345600,0.303241,0,7,82.0891,0
16x9x24,100,70,1.32046,345600,0.303241,0,7,82.0891,0
16x9x24,100,71,1.10941,345600,0.303241,0,7,82.0891,0
16x9x24,100,72,1.08064,345600,0.303241,0,7,82.0891,0
16x9x24,100,73,1.07429,345600,0.303241,0,7,82.0891,0
16x9x24,100,74,1.10422,345600,0.303241,0,7,82.0891,0
16x9x24,100,75,1.33744,345600,0.303241,0,7,82.0891,0
16x9x24,100,76,1.19966,345600,0.303241,0,7,82.0891,0
16x9x24,100,77,1.13187,345600,0.303241,0,7,82.0891,0
16x9x24,100,78,1.34983,345600,0.303241,0,7,82.0891,0
16x9x24,100,79,1.30971,345600,0.303241,0,7,82.0891,0
16x9x24,100,80,1.11979,345600,0.303241,0,7,82.0891,0
16x9x24,100,81,1.18592,345600,0.303241,0,7,82.0891,0
16x9x24,100,82,1.26256,345600,0.303241,0,7,82.0891,0
16x9x24,100,83,1.1607,345600,0.303241,0,7,82.0891,0
16x9x24,100,84,1.36089,345600,0.303241,0,7,82.0891,0
16x9x24,100,85,1.19938,345600,0.303241,0,7,82.0891,0
16x9x24,100,86,1.19087,345600,0.303241,0,7,82.0891,0
16x9x24,100,87,1.20386,345600,0.303241,0,7,82.0891,0
16x9x24,100,88,1.55034,345600,0.303241,0,7,82.0891,0
16x9x24,100,89,1.1922,345600,0.303241,0,7,82.0891,0
16x9x24,100,90,1.40654,345600,0.303241,0,7,82.0891,0
16x9x24,100,91,1.62509,345600,0.303241,0,7,82.0891,0
16x9x24,100,92,1.2288,345600,0.303241,0,7,82.0891,0
16x9x24,100,93,1.16108,345600,0.303241,0,7,82.0891,0
16x9x24,100,94,1.39975,345600,0.303241,0,7,82.0891,0
16x9x24,100,95,1.11252,345600,0.303241,0,7,82.0891,0
16x9x24,100,96,1.30028,345600,0.303241,0,7,82.0891,0
16x9x24,100,97,1.27309,345600,0.303241,0,7,82.0891,0
16x9x24,100,98,1.96126,345600,0.303241,0,7,82.0891,0
16x9x24,100,99,1.20948,345600,0.303241,0,7,82.0891,0
16x9x24,100,100,1.22732,345600,0.303241,0,7,82.0891,0
16x9x24,100,101,1.12655,345600,0.303241,0,7,82.0891,0
16x9x24,100,102,1.67726,345600,0.303241,0,7,82.0891,0
16x9x24,100,103,2.17651,345600,0.303241,0,7,82.0891,0
16x9x24,100,104,2.23925,345600,0.303241,0,7,82.0891,0
16x9x24,100,105,1.1697,345600,0.303241,0,7,82.0891,0
16x9x24,100,106,1.17939,345600,0.303241,0,7,82.0891,0
16x9x24,100,107,1.17098,345600,0.303241,0,7,82.0891,0
16x9x24,100,108,1.30042,345600,0.303241,0,7,82.0891,0
16x9x24,100,109,1.1809,345600,0.303241,0,7,82.0891,0
16x9x24,100,110,1.77258,345600,0.303241,0,7,82.0891,0
16x9x24,100,111,1.22884,345600,0.303241,0,7,82.0891,0
16x9x24,100,112,1.08101,345600,0.303241,0,7,82.0891,0
16x9x24,100,113,1.5696,345600,0.303241,0,7,82.0891,0
16x9x24,100,114,1.22619,345600,0.303241,0,7,82.0891,0
16x9x24,100,115,1.2221,345600,0.303241,0,7,82.0891,0
16x9x24,100,116,1.18159,345600,0.303241,0,7,82.0891,0
16x9x24,100,117,1.21505,345600,0.303241,0,7,82.0891,0
16x9x24,100,118,1.09159,345600,0.303241,0,7,82.0891,0
16x9x24,100,119,1.17293,345600,0.303241,0,7,82.0891,0
16x9x24,100,120,1.40756,345600,0.303241,0,7,82.0891,0
16x9x24,100,121,2.1147,345600,0.303241,0,7,82.0891,0
16x9x24,100,122,1.9818,345600,0.303241,0,7,82.0891,0
16x9x24,100,123,1.58461,345600,0.303241,0,7,82.0891,0
16x9x24,100,124,1.56533,345600,0.303241,0,7,82.0891,0
16x9x24,100,125,1.54029,345600,0.303241,0,7,82.0891,0
16x9x24,100,126,1.26152,345600,0.303241,0,7,82.0891,0
16x9x24,100,127,1.18332,345600,0.303241,0,7,82.0891,0
16x9x24,100,128,1.13972,345600,0.303241,0,7,82.0891,0
16x9x24,100,129,1.47584,345600,0.303241,0,7,82.0891,0
16x9x24,100,130,1.36938,345600,0.303241,0,7,82.0891,0
16x9x24,100,131,1.46105,345600,0.303241,0,7,82.0891,0
16x9x24,100,132,1.27029,345600,0.303241,0,7,82.0891,0
16x9x24,100,133,1.21236,345600,0.303241,0,7,82.0891,0
16x9x24,100,134,1.21285,345600,0.303241,0,7,82.0891,0
16x9x24,100,135,1.15107,345600,0.303241,0,7,82.0891,0
16x9x24,100,136,1.2819,345600,0.303241,0,7,82.0891,0
16x9x24,100,137,1.3142,345600,0.303241,0,7,82.0891,0
16x9x24,100,138,1.23053,345600,0.303241,0,7,82.0891,0
16x9x24,100,139,1.20205,345600,0.303241,0,7,82.0891,0
16x9x24,100,140,1.25724,345600,0.303241,0,7,82.0891,0
16x9x24,100,141,1.25794,345600,0.303241,0,7,82.0891,0
16x9x24,100,142,1.41848,345600,0.303241,0,7,82.0891,0
16x9x24,100,143,2.04316,345600,0.303241,0,7,82.0891,0
16x9x24,100,144,1.41744,345600,0.303241,0,7,82.0891,0
16x9x24,100,145,1.20312,345600,0.303241,0,7,82.0891,0
16x9x24,100,146,1.18041,345600,0.303241,0,7,82.0891,0
16x9x24,100,147,1.10872,345600,0.303241,0,7,82.0891,0
16x9x24,100,148,1.12627,345600,0.303241,0,7,82.0891,0
16x9x24,100,149,1.09245,345600,0.303241,0,7,82.0891,0
16x9x24,100,150,1.0962,345600,0.303241,0,7,82.0891,0
16x9x24,100,151,1.16505,345600,0.303241,0,7,82.0891,0
16x9x24,100,152,1.1729,345600,0.303241,0,7,82.0891,0
16x9x24,100,153,1.22606,345600,0.303241,0,7,82.0891,0
16x9x24,100,154,1.69567,345600,0.303241,0,7,82.0891,0
16x9x24,100,155,1.72187,345600,0.303241,0,7,82.0891,0
16x9x24,100,156,1.16897,345600,0.303241,0,7,82.0891,0
16x9x24,100,157,1.25525,345600,0.303241,0,7,82.0891,0
16x9x24,100,158,1.23083,345600,0.303241,0,7,82.0891,0
16x9x24,100,159,1.22465,345600,0.303241,0,7,82.0891,0
16x9x24,100,160,1.08662,345600,0.303241,0,7,82.0891,0
16x9x24,100,161,1.09213,345600,0.303241,0,7,82.0891,0
16x9x24,100,162,1.14038,345600,0.303241,0,7,82.0891,0
16x9x24,100,163,1.14136,345600,0.303241,0,7,82.0891,0
16x9x24,100,164,1.20688,345600,0.303241,0,7,82.0891,0
16x9x24,100,165,1.14849,345600,0.303241,0,7,82.0891,0
16x9x24,100,166,1.37096,345600,0.303241,0,7,82.0891,0
16x9x24,100,167,1.6561,345600,0.303241,0,7,82.0891,0
16x9x24,100,168,1.1735,345600,0.303241,0,7,82.0891,0
16x9x24,100,169,1.08125,345600,0.303241,0,7,82.0891,0
16x9x24,100,170,1.30922,345600,0.303241,0,7,82.0891,0
16x9x24,100,171,1.19858,345600,0.303241,0,7,82.0891,0
16x9x24,100,172,1.30329,345600,0.303241,0,7,82.0891,0
16x9x24,100,173,1.25676,345600,0.303241,0,7,82.0891,0
16x9x24,100,174,1.18785,345600,0.303241,0,7,82.0891,0
16x9x24,100,175,1.08836,345600,0.303241,0,7,82.0891,0
16x9x24,100,176,1.1027,345600,0.303241,0,7,82.0891,0
16x9x24,100,177,1.11279,345600,0.303241,0,7,82.0891,0
16x9x24,100,178,1.18533,345600,0.303241,0,7,82.0891,0
16x9x24,100,179,1.32057,345600,0.303241,0,7,82.0891,0
16x9x24,100,180,1.60394,345600,0.303241,0,7,82.0891,0
16x9x24,100,181,1.31088,345600,0.303241,0,7,82.0891,0
16x9x24,100,182,2.21228,345600,0.303241,0,7,82.0891,0
16x9x24,100,183,1.36655,345600,0.303241,0,7,82.0891,0
16x9x24,100,184,1.17772,345600,0.303241,0,7,82.0891,0
16x9x24,100,185,1.25102,345600,0.303241,0,7,82.0891,0
16x9x24,100,186,1.10231,345600,0.303241,0,7,82.0891,0
16x9x24,100,187,1.0808,345600,0.303241,0,7,82.0891,0
16x9x24,100,188,1.06796,345600,0.303241,0,7,82.0891,0
16x9x24,100,189,1.12029,345600,0.303241,0,7,82.0891,0
16x9x24,100,190,1.14087,345600,0.303241,0,7,82.0891,0
16x9x24,100,191,1.26008,345600,0.303241,0,7,82.0891,0
16x9x24,100,192,1.8405,345600,0.303241,0,7,82.0891,0
16x9x24,100,193,1.98626,345600,0.303241,0,7,82.0891,0
16x9x24,100,194,1.79763,345600,0.303241,0,7,82.0891,0
16x9x24,100,195,2.45627,345600,0.303241,0,7,82.0891,0
16x9x24,100,196,1.4667,345600,0.303241,0,7,82.0891,0
16x9x24,100,197,1.22171,345600,0.303241,0,7,82.0891,0
16x9x24,100,198,1.12279,345600,0.303241,0,7,82.0891,0
16x9x24,100,199,1.1532,345600,0.303241,0,7,82.0891,0
16x9x24,100,200,1.20025,345600,0.303241,0,7,82.0891,0
16x9x24,100,201,1.82689,345600,0.303241,0,7,82.0891,0
16x9x24,100,202,1.66327,345600,0.303241,0,7,82.0891,0
16x9x24,100,203,1.63704,345600,0.303241,0,7,82.0891,0
16x9x24,100,204,2.2688,345600,0.303241,0,7,82.0891,0
16x9x24,100,205,1.61737,345600,0.303241,0,7,82.0891,0
16x9x24,100,206,1.52451,345600,0.303241,0,7,82.0891,0
16x9x24,100,207,1.51427,345600,0.303241,0,7,82.0891,0
16x9x24,100,208,1.10581,345600,0.303241,0,7,82.0891,0
16x9x24,100,209,1.12299,345600,0.303241,0,7,82.0891,0
16x9x24,100,210,1.08346,345600,0.303241,0,7,82.0891,0
16x9x24,100,211,1.13528,345600,0.303241,0,7,82.0891,0
16x9x24,100,212,1.13508,345600,0.303241,0,7,82.0891,0
16x9x24,100,213,1.98832,345600,0.303241,0,7,82.0891,0
16x9x24,100,214,2.13342,345600,0.303241,0,7,82.0891,0
16x9x24,100,215,2.13984,345600,0.303241,0,7,82.0891,0
16x9x24,100,216,1.35338,345600,0.303241,0,7,82.0891,0
16x9x24,100,217,1.3299,345600,0.303241,0,7,82.0891,0
16x9x24,100,218,1.3765,345600,0.303241,0,7,82.0891,0
16x9x24,100,219,1.11177,345600,0.303241,0,7,82.0891,0
16x9x24,100,220,1.14697,345600,0.303241,0,7,82.0891,0
16x9x24,100,221,1.14102,345600,0.303241,0,7,82.0891,0
16x9x24,100,222,1.33228,345600,0.303241,0,7,82.0891,0
16x9x24,100,223,1.35491,345600,0.303241,0,7,82.0891,0
16x9x24,100,224,1.62154,345600,0.303241,0,7,82.0891,0
16x9x24,100,225,2.38628,345600,0.303241,0,7,82.0891,0
16x9x24,100,226,1.94055,345600,0.303241,0,7,82.0891,0
16x9x24,100,227,1.34843,345600,0.303241,0,7,82.0891,0
16x9x24,100,228,2.02676,345600,0.303241,0,7,82.0891,0
16x9x24,100,229,1.46825,345600,0.303241,0,7,82.0891,0
16x9x24,100,230,1.16899,345600,0.303241,0,7,82.0891,0
16x9x24,100,231,1.14425,345600,0.303241,0,7,82.0891,0
16x9x24,100,232,1.16102,345600,0.303241,0,7,82.0891,0
16x9x24,100,233,1.13492,345600,0.303241,0,7,82.0891,0
16x9x24,100,234,1.2713,345600,0.303241,0,7,82.0891,0
16x9x24,100,235,1.19419,345600,0.303241,0,7,82.0891,0
16x9x24,100,236,1.25486,345600,0.303241,0,7,82.0891,0
16x9x24,100,237,1.10157,345600,0.303241,0,7,82.0891,0
16x9x24,100,238,1.18807,345600,0.303241,0,7,82.0891,0
16x9x24,100,239,1.19609,345600,0.303241,0,7,82.0891,0
16x9x24,100,240,1.69958,345600,0.303241,0,7,82.0891,0
16x9x24,100,241,1.61198,345600,0.303241,0,7,82.0891,0
16x9x24,100,242,1.29691,345600,0.303241,0,7,82.0891,0
16x9x24,100,243,1.37199,345600,0.303241,0,7,82.0891,0
16x9x24,100,244,1.24794,345600,0.303241,0,7,82.0891,0
16x9x24,100,245,1.12326,345600,0.303241,0,7,82.0891,0
16x9x24,100,246,1.12902,345600,0.303241,0,7,82.0891,0
16x9x24,100,247,1.26123,345600,0.303241,0,7,82.0891,0
16x9x24,100,248,1.34749,345600,0.303241,0,7,82.0891,0
16x9x24,100,249,1.37064,345600,0.303241,0,7,82.0891,0
16x9x24,100,250,1.27961,345600,0.303241,0,7,82.0891,0
16x9x24,100,251,1.24952,345600,0.303241,0,7,82.0891,0
16x9x24,100,252,1.90609,345600,0.303241,0,7,82.0891,0
16x9x24,100,253,2.60173,345600,0.303241,0,7,82.0891,0
16x9x24,100,254,1.88144,345600,0.303241,0,7,82.0891,0
16x9x24,100,255,1.5615,345600,0.303241,0,7,82.0891,0
16x9x24,100,256,1.62023,345600,0.303241,0,7,82.0891,0
16x9x24,100,257,1.41256,345600,0.303241,0,7,82.0891,0
16x9x24,100,258,1.40257,345600,0.303241,0,7,82.0891,0
16x9x24,100,259,1.10856,345600,0.303241,0,7,82.0891,0
16x9x24,100,260,1.93386,345600,0.303241,0,7,82.0891,0
16x9x24,100,261,2.28413,345600,0.303241,0,7,82.0891,0
16x9x24,100,262,2.56019,345600,0.303241,0,7,82.0891,0
16x9x24,100,263,2.27086,345600,0.303241,0,7,82.0891,0
16x9x24,100,264,2.07068,345600,0.303241,0,7,82.0891,0
16x9x24,100,265,1.13119,345600,0.303241,0,7,82.0891,0
16x9x24,100,266,1.63024,345600,0.303241,0,7,82.0891,0
16x9x24,100,267,1.26055,345600,0.303241,0,7,82.0891,0
16x9x24,100,268,1.23296,345600,0.303241,0,7,82.0891,0
16x9x24,100,269,1.13653,345600,0.303241,0,7,82.0891,0
16x9x24,100,270,1.13737,345600,0.303241,0,7,82.0891,0
16x9x24,100,271,1.18264,345600,0.303241,0,7,82.0891,0
16x9x24,100,272,1.12809,345600,0.303241,0,7,82.0891,0
16x9x24,100,273,1.30672,345600,0.303241,0,7,82.0891,0
16x9x24,100,274,1.36424,345600,0.303241,0,7,82.0891,0
16x9x24,100,275,1.62403,345600,0.303241,0,7,82.0891,0
16x9x24,100,276,1.24052,345600,0.303241,0,7,82.0891,0
16x9x24,100,277,1.1159,345600,0.303241,0,7,82.0891,0
16x9x24,100,278,1.78402,345600,0.303241,0,7,82.0891,0
16x9x24,100,279,1.19535,345600,0.303241,0,7,82.0891,0
16x9x24,100,280,1.53736,345600,0.303241,0,7,82.0891,0
16x9x24,100,281,1.12893,345600,0.303241,0,7,82.0891,0
16x9x24,100,282,1.11309,345600,0.303241,0,7,82.0891,0
16x9x24,100,283,1.12456,345600,0.303241,0,7,82.0891,0
16x9x24,100,284,1.07562,345600,0.303241,0,7,82.0891,0
16x9x24,100,285,1.27716,345600,0.303241,0,7,82.0891,0
16x9x24,100,286,1.4561,345600,0.303241,0,7,82.0891,0
16x9x24,100,287,2.34454,345600,0.303241,0,7,82.0891,0
16x9x24,100,288,1.51042,345600,0.303241,0,7,82.0891,0
16x9x24,100,289,1.72302,345600,0.303241,0,7,82.0891,0
16x9x24,100,290,2.30875,345600,0.303241,0,7,82.0891,0
16x9x24,100,291,1.94318,345600,0.303241,0,7,82.0891,0
16x9x24,100,292,1.11872,345600,0.303241,0,7,82.0891,0
16x9x24,100,293,1.14319,345600,0.303241,0,7,82.0891,0
16x9x24,100,294,1.14496,345600,0.303241,0,7,82.0891,0
16x9x24,100,295,1.15157,345600,0.303241,0,7,82.0891,0
16x9x24,100,296,1.33361,345600,0.303241,0,7,82.0891,0
16x9x24,100,297,1.43622,345600,0.303241,0,7,82.0891,0
16x9x24,100,298,1.09077,345600,0.303241,0,7,82.0891,0
16x9x24,100,299,1.12049,345600,0.303241,0,7,82.0891,0
16x9x24,100,300,1.26625,345600,0.303241,0,7,82.0891,0
16x9x24,100,301,1.47136,345600,0.303241,0,7,82.0891,0
16x9x24,100,302,2.36638,345600,0.303241,0,7,82.0891,0
16x9x24,100,303,1.60503,345600,0.303241,0,7,82.0891,0
16x9x24,100,304,1.11782,345600,0.303241,0,7,82.0891,0
16x9x24,100,305,1.12828,345600,0.303241,0,7,82.0891,0
16x9x24,100,306,1.15444,345600,0.303241,0,7,82.0891,0
16x9x24,100,307,1.10425,345600,0.303241,0,7,82.0891,0
16x9x24,100,308,1.34774,345600,0.303241,0,7,82.0891,0
16x9x24,100,309,1.48795,345600,0.303241,0,7,82.0891,0
16x9x24,100,310,1.20125,345600,0.303241,0,7,82.0891,0
16x9x24,100,311,1.13834,345600,0.303241,0,7,82.0891,0
16x9x24,100,312,1.11883,345600,0.303241,0,7,82.0891,0
16x9x24,100,313,1.11542,345600,0.303241,0,7,82.0891,0
16x9x24,100,314,1.10572,345600,0.303241,0,7,82.0891,0
16x9x24,100,315,1.26359,345600,0.303241,0,7,82.0891,0
16x9x24,100,316,1.27944,345600,0.303241,0,7,82.0891,0
16x9x24,100,317,1.3963,345600,0.303241,0,7,82.0891,0
16x9x24,100,318,1.15049,345600,0.303241,0,7,82.0891,0
16x9x24,100,319,1.13745,345600,0.303241,0,7,82.0891,0
16x9x24,100,320,1.13834,345600,0.303241,0,7,82.0891,0
16x9x24,100,321,1.13473,345600,0.303241,0,7,82.0891,0
16x9x24,100,322,1.29654,345600,0.303241,0,7,82.0891,0
16x9x24,100,323,1.2991,345600,0.303241,0,7,82.0891,0
16x9x24,100,324,1.1919,345600,0.303241,0,7,82.0891,0
16x9x24,100,325,1.14109,345600,0.303241,0,7,82.0891,0
16x9x24,100,326,1.09043,345600,0.303241,0,7,82.0891,0
16x9x24,100,327,1.11029,345600,0.303241,0,7,82.0891,0
16x9x24,100,328,1.43748,345600,0.303241,0,7,82.0891,0
16x9x24,100,329,1.59588,345600,0.303241,0,7,82.0891,0
16x9x24,100,330,1.4158,345600,0.303241,0,7,82.0891,0
16x9x24,100,331,1.17047,345600,0.303241,0,7,82.0891,0
16x9x24,100,332,1.24863,345600,0.303241,0,7,82.0891,0
16x9x24,100,333,1.1271,345600,0.303241,0,7,82.0891,0
16x9x24,100,334,1.1197,345600,0.303241,0,7,82.0891,0
16x9x24,100,335,1.30771,345600,0.303241,0,7,82.0891,0
16x9x24,100,336,1.41392,345600,0.303241,0,7,82.0891,0
16x9x24,100,337,1.18024,345600,0.303241,0,7,82.0891,0
16x9x24,100,338,1.14112,345600,0.303241,0,7,82.0891,0
16x9x24,100,339,1.22775,345600,0.303241,0,7,82.0891,0
16x9x24,100,340,1.33986,345600,0.303241,0,7,82.0891,0
16x9x24,100,341,1.2827,345600,0.303241,0,7,82.0891,0
16x9x24,100,342,1.25871,345600,0.303241,0,7,82.0891,0
16x9x24,100,343,1.41688,345600,0.303241,0,7,82.0891,0
16x9x24,100,344,1.08632,345600,0.303241,0,7,82.0891,0
16x9x24,100,345,1.10385,345600,0.303241,0,7,82.0891,0
16x9x24,100,346,1.07053,345600,0.303241,0,7,82.0891,0
16x9x24,100,347,1.0785,345600,0.303241,0,7,82.0891,0
16x9x24,100,348,1.2705,345600,0.303241,0,7,82.0891,0
16x9x24,100,349,1.22739,345600,0.303241,0,7,82.0891,0
16x9x24,100,350,1.29554,345600,0.303241,0,7,82.0891,0
16x9x24,100,351,1.08372,345600,0.303241,0,7,82.0891,0
16x9x24,100,352,1.1281,345600,0.303241,0,7,82.0891,0
16x9x24,100,353,1.14355,345600,0.303241,0,7,82.0891,0
16x9x24,100,354,1.23442,345600,0.303241,0,7,82.0891,0
16x9x24,100,355,1.12798,345600,0.303241,0,7,82.0891,0
16x9x24,100,356,1.18819,345600,0.303241,0,7,82.0891,0
16x9x24,100,357,1.45087,345600,0.303241,0,7,82.0891,0
16x9x24,100,358,1.76827,345600,0.303241,0,7,82.0891,0
16x9x24,100,359,1.75978,345600,0.303241,0,7,82.0891,0
16x9x24,100,360,1.88434,345600,0.303241,0,7,82.0891,0
16x9x24,100,361,1.9436,345600,0.303241,0,7,82.0891,0
16x9x24,100,362,1.82052,345600,0.303241,0,7,82.0891,0
16x9x24,100,363,1.74003,345600,0.303241,0,7,82.0891,0
16x9x24,100,364,1.74286,345600,0.303241,0,7,82.0891,0
16x9x24,100,365,1.7788,345600,0.303241,0,7,82.0891,0
16x9x24,100,366,1.94436,345600,0.303241,0,7,82.0891,0
16x9x24,100,367,1.74382,345600,0.303241,0,7,82.0891,0
16x9x24,100,368,1.75845,345600,0.303241,0,7,82.0891,0
16x9x24,100,369,1.66623,345600,0.303241,0,7,82.0891,0
16x9x24,100,370,1.97514,345600,0.303241,0,7,82.0891,0
16x9x24,100,371,1.83879,345600,0.303241,0,7,82.0891,0
16x9x24,100,372,1.74115,345600,0.303241,0,7,82.0891,0
16x9x24,100,373,1.74765,345600,0.303241,0,7,82.0891,0
16x9x24,100,374,1.78518,345600,0.303241,0,7,82.0891,0
16x9x24,100,375,1.84197,345600,0.303241,0,7,82.0891,0
16x9x24,100,376,1.84988,345600,0.303241,0,7,82.0891,0
16x9x24,100,377,1.73379,345600,0.303241,0,7,82.0891,0
16x9x24,100,378,1.79282,345600,0.303241,0,7,82.0891,0
16x9x24,100,379,1.99084,345600,0.303241,0,7,82.0891,0
16x9x24,100,380,1.96606,345600,0.303241,0,7,82.0891,0
16x9x24,100,381,1.76467,345600,0.303241,0,7,82.0891,0
16x9x24,100,382,1.59294,345600,0.303241,0,7,82.0891,0
16x9x24,100,383,1.76053,345600,0.303241,0,7,82.0891,0
16x9x24,100,384,1.92386,345600,0.303241,0,7,82.0891,0
16x9x24,100,385,1.78844,345600,0.303241,0,7,82.0891,0
16x9x24,100,386,1.74388,345600,0.303241,0,7,82.0891,0
16x9x24,100,387,1.71153,345600,0.303241,0,7,82.0891,0
16x9x24,100,388,2.06558,345600,0.303241,0,7,82.0891,0
16x9x24,100,389,1.95442,345600,0.303241,0,7,82.0891,0
16x9x24,100,390,1.79005,345600,0.303241,0,7,82.0891,0
16x9x24,100,391,1.73465,345600,0.303241,0,7,82.0891,0
16x9x24,100,392,1.7348,345600,0.303241,0,7,82.0891,0
16x9x24,100,393,1.97251,345600,0.303241,0,7,82.0891,0
16x9x24,100,394,1.52316,345600,0.303241,0,7,82.0891,0
16x9x24,100,395,1.7405,345600,0.303241,0,7,82.0891,0
16x9x24,100,396,1.73556,345600,0.303241,0,7,82.0891,0
16x9x24,100,397,1.96775,345600,0.303241,0,7,82.0891,0
16x9x24,100,398,1.90062,345600,0.303241,0,7,82.0891,0
16x9x24,100,399,1.83153,345600,0.303241,0,7,82.0891,0
16x9x24,100,400,1.75799,345600,0.303241,0,7,82.0891,0
16x9x24,100,401,1.84355,345600,0.303241,0,7,82.0891,0
16x9x24,100,402,1.90212,345600,0.303241,0,7,82.0891,0
16x9x24,100,403,1.95385,345600,0.303241,0,7,82.0891,0
16x9x24,100,404,1.84784,345600,0.303241,0,7,82.0891,0
16x9x24,100,405,1.81824,345600,0.303241,0,7,82.0891,0
16x9x24,100,406,2.0852,345600,0.303241,0,7,82.0891,0
16x9x24,100,407,2.00509,345600,0.303241,0,7,82.0891,0
16x9x24,100,408,1.60007,345600,0.303241,0,7,82.0891,0
16x9x24,100,409,1.78397,345600,0.303241,0,7,82.0891,0
16x9x24,100,410,1.77589,345600,0.303241,0,7,82.0891,0
16x9x24,100,411,1.90791,345600,0.303241,0,7,82.0891,0
16x9x24,100,412,1.82078,345600,0.303241,0,7,82.0891,0
16x9x24,100,413,1.74284,345600,0.303241,0,7,82.0891,0
16x9x24,100,414,1.73728,345600,0.303241,0,7,82.0891,0
16x9x24,100,415,1.98078,345600,0.303241,0,7,82.0891,0
16x9x24,100,416,1.88984,345600,0.303241,0,7,82.0891,0
16x9x24,100,417,1.73327,345600,0.303241,0,7,82.0891,0
16x9x24,100,418,1.73466,345600,0.303241,0,7,82.0891,0
16x9x24,100,419,1.72645,345600,0.303241,0,7,82.0891,0
16x9x24,100,420,1.77676,345600,0.303241,0,7,82.0891,0
16x9x24,100,421,1.77609,345600,0.303241,0,7,82.0891,0
16x9x24,100,422,1.74072,345600,0.303241,0,7,82.0891,0
16x9x24,100,423,1.75467,345600,0.303241,0,7,82.0891,0
16x9x24,100,424,1.93039,345600,0.303241,0,7,82.0891,0
16x9x24,100,425,1.91066,345600,0.303241,0,7,82.0891,0
16x9x24,100,426,1.72935,345600,0.303241,0,7,82.0891,0
16x9x24,100,427,1.73973,345600,0.303241,0,7,82.0891,0
16x9x24,100,428,1.75182,345600,0.303241,0,7,82.0891,0
16x9x24,100,429,1.87106,345600,0.303241,0,7,82.0891,0
16x9x24,100,430,1.94146,345600,0.303241,0,7,82.0891,0
16x9x24,100,431,1.73347,345600,0.303241,0,7,82.0891,0
16x9x24,100,432,1.73848,345600,0.303241,0,7,82.0891,0
16x9x24,100,433,1.81452,345600,0.303241,0,7,82.0891,0
16x9x24,100,434,1.96541,345600,0.303241,0,7,82.0891,0
16x9x24,100,435,1.84868,345600,0.303241,0,7,82.0891,0
16x9x24,100,436,1.7876,345600,0.303241,0,7,82.0891,0
16x9x24,100,437,1.73321,345600,0.303241,0,7,82.0891,0
16x9x24,100,438,1.85636,345600,0.303241,0,7,82.0891,0
16x9x24,100,439,1.91679,345600,0.303241,0,7,82.0891,0
16x9x24,100,440,1.77045,345600,0.303241,0,7,82.0891,0
16x9x24,100,441,1.74743,345600,0.303241,0,7,82.0891,0
16x9x24,100,442,1.96992,345600,0.303241,0,7,82.0891,0
16x9x24,100,443,1.91827,345600,0.303241,0,7,82.0891,0
16x9x24,100,444,1.71294,345600,0.303241,0,7,82.0891,0
16x9x24,100,445,1.58906,345600,0.303241,0,7,82.0891,0
16x9x24,100,446,1.74366,345600,0.303241,0,7,82.0891,0
16x9x24,100,447,1.87425,345600,0.303241,0,7,82.0891,0
16x9x24,100,448,1.8987,345600,0.303241,0,7,82.0891,0
16x9x24,100,449,1.75773,345600,0.303241,0,7,82.0891,0
16x9x24,100,450,1.74316,345600,0.303241,0,7,82.0891,0
16x9x24,100,451,1.89989,345600,0.303241,0,7,82.0891,0
16x9x24,100,452,1.82293,345600,0.303241,0,7,82.0891,0
16x9x24,100,453,1.78374,345600,0.303241,0,7,82.0891,0
16x9x24,100,454,1.79874,345600,0.303241,0,7,82.0891,0
16x9x24,100,455,1.74169,345600,0.303241,0,7,82.0891,0
16x9x24,100,456,1.78592,345600,0.303241,0,7,82.0891,0
16x9x24,100,457,1.86841,345600,0.303241,0,7,82.0891,0
16x9x24,100,458,1.16946,345600,0.303241,0,7,82.0891,0
16x9x24,100,459,1.08431,345600,0.303241,0,7,82.0891,0
16x9x24,100,460,1.06303,345600,0.303241,0,7,82.0891,0
16x9x24,100,461,1.07273,345600,0.303241,0,7,82.0891,0
16x9x24,100,462,1.09468,345600,0.303241,0,7,82.0891,0
16x9x24,100,463,1.31357,345600,0.303241,0,7,82.0891,0
16x9x24,100,464,1.26311,345600,0.303241,0,7,82.0891,0
16x9x24,100,465,1.07556,345600,0.303241,0,7,82.0891,0
16x9x24,100,466,1.08569,345600,0.303241,0,7,82.0891,0
16x9x24,100,467,1.12346,345600,0.303241,0,7,82.0891,0
16x9x24,100,468,1.11774,345600,0.303241,0,7,82.0891,0
16x9x24,100,469,1.05461,345600,0.303241,0,7,82.0891,0
16x9x24,100,470,1.18793,345600,0.303241,0,7,82.0891,0
16x9x24,100,471,1.25653,345600,0.303241,0,7,82.0891,0
16x9x24,100,472,1.21067,345600,0.303241,0,7,82.0891,0
16x9x24,100,473,1.22305,345600,0.303241,0,7,82.0891,0
16x9x24,100,474,1.14012,345600,0.303241,0,7,82.0891,0
16x9x24,100,475,1.0875,345600,0.303241,0,7,82.0891,0
16x9x24,100,476,1.20785,345600,0.303241,0,7,82.0891,0
16x9x24,100,477,1.33297,345600,0.303241,0,7,82.0891,0
16x9x24,100,478,1.1984,345600,0.303241,0,7,82.0891,0
16x9x24,100,479,1.22274,345600,0.303241,0,7,82.0891,0
16x9x24,100,480,1.13387,345600,0.303241,0,7,82.0891,0
16x9x24,100,481,1.09094,345600,0.303241,0,7,82.0891,0
16x9x24,100,482,1.09555,345600,0.303241,0,7,82.0891,0
16x9x24,100,483,1.09249,345600,0.303241,0,7,82.0891,0
16x9x24,100,484,1.16311,345600,0.303241,0,7,82.0891,0
16x9x24,100,485,1.54094,345600,0.303241,0,7,82.0891,0
16x9x24,100,486,1.44111,345600,0.303241,0,7,82.0891,0
16x9x24,100,487,1.16438,345600,0.303241,0,7,82.0891,0
16x9x24,100,488,1.15557,345600,0.303241,0,7,82.0891,0
16x9x24,100,489,1.10068,345600,0.303241,0,7,82.0891,0
16x9x24,100,490,1.36813,345600,0.303241,0,7,82.0891,0
16x9x24,100,491,1.2764,345600,0.303241,0,7,82.0891,0
16x9x24,100,492,1.23019,345600,0.303241,0,7,82.0891,0
16x9x24,100,493,1.14882,345600,0.303241,0,7,82.0891,0
16x9x24,100,494,1.06406,345600,0.303241,0,7,82.0891,0
16x9x24,100,495,1.11728,345600,0.303241,0,7,82.0891,0
16x9x24,100,496,1.13948,345600,0.303241,0,7,82.0891,0
16x9x24,100,497,1.11323,345600,0.303241,0,7,82.0891,0
16x9x24,100,498,1.39919,345600,0.303241,0,7,82.0891,0
16x9x24,100,499,1.3337,345600,0.303241,0,7,82.0891,0
16x9x24,100,500,1.11533,345600,0.303241,0,7,82.0891,0
16x9x24,100,501,1.11986,345600,0.303241,0,7,82.0891,0
16x9x24,100,502,1.12827,345600,0.303241,0,7,82.0891,0
16x9x24,100,503,1.08763,345600,0.303241,0,7,82.0891,0
16x9x24,100,504,1.51942,345600,0.303241,0,7,82.0891,0
16x9x24,100,505,1.31915,345600,0.303241,0,7,82.0891,0
16x9x24,100,506,1.23584,345600,0.303241,0,7,82.0891,0
16x9x24,100,507,1.11141,345600,0.303241,0,7,82.0891,0
16x9x24,100,508,1.13973,345600,0.303241,0,7,82.0891,0
16x9x24,100,509,1.09541,345600,0.303241,0,7,82.0891,0
16x9x24,100,510,1.09831,345600,0.303241,0,7,82.0891,0
16x9x24,100,511,1.2553,345600,0.303241,0,7,82.0891,0
16x9x24,100,512,1.34709,345600,0.303241,0,7,82.0891,0
16x9x24,100,513,1.2086,345600,0.303241,0,7,82.0891,0
16x9x24,100,514,1.09136,345600,0.303241,0,7,82.0891,0
16x9x24,100,515,1.12453,345600,0.303241,0,7,82.0891,0
16x9x24,100,516,1.17144,345600,0.303241,0,7,82.0891,0
16x9x24,100,517,1.24828,345600,0.303241,0,7,82.0891,0
16x9x24,100,518,1.50621,345600,0.303241,0,7,82.0891,0
16x9x24,100,519,1.26427,345600,0.303241,0,7,82.0891,0
16x9x24,100,520,1.18838,345600,0.303241,0,7,82.0891,0
16x9x24,100,521,1.14314,345600,0.303241,0,7,82.0891,0
16x9x24,100,522,1.07857,345600,0.303241,0,7,82.0891,0
16x9x24,100,523,1.24344,345600,0.303241,0,7,82.0891,0
16x9x24,100,524,1.14187,345600,0.303241,0,7,82.0891,0
16x9x24,100,525,1.21788,345600,0.303241,0,7,82.0891,0
16x9x24,100,526,1.78734,345600,0.303241,0,7,82.0891,0
16x9x24,100,527,1.16147,345600,0.303241,0,7,82.0891,0
16x9x24,100,528,1.24178,345600,0.303241,0,7,82.0891,0
16x9x24,100,529,1.21077,345600,0.303241,0,7,82.0891,0
16x9x24,100,530,1.49941,345600,0.303241,0,7,82.0891,0
16x9x24,100,531,1.34266,345600,0.303241,0,7,82.0891,0
16x9x24,100,532,1.21106,345600,0.303241,0,7,82.0891,0
16x9x24,100,533,1.1688,345600,0.303241,0,7,82.0891,0
16x9x24,100,534,1.15564,345600,0.303241,0,7,82.0891,0
16x9x24,100,535,1.10407,345600,0.303241,0,7,82.0891,0
16x9x24,100,536,1.10895,345600,0.303241,0,7,82.0891,0
16x9x24,100,537,1.13266,345600,0.303241,0,7,82.0891,0
16x9x24,100,538,1.2016,345600,0.303241,0,7,82.0891,0
16x9x24,100,539,1.55823,345600,0.303241,0,7,82.0891,0
16x9x24,100,540,1.18523,345600,0.303241,0,7,82.0891,0
16x9x24,100,541,1.11288,345600,0.303241,0,7,82.0891,0
16x9x24,100,542,1.10147,345600,0.303241,0,7,82.0891,0
16x9x24,100,543,1.0647,345600,0.303241,0,7,82.0891,0
16x9x24,100,544,2.44961,345600,0.303241,0,7,82.0891,0
16x9x24,100,545,1.38207,345600,0.303241,0,7,82.0891,0
16x9x24,100,546,1.27617,345600,0.303241,0,7,82.0891,0
16x9x24,100,547,1.11346,345600,0.303241,0,7,82.0891,0
16x9x24,100,548,1.07081,345600,0.303241,0,7,82.0891,0
16x9x24,100,549,1.18072,345600,0.303241,0,7,82.0891,0
16x9x24,100,550,1.24504,345600,0.303241,0,7,82.0891,0
16x9x24,100,551,1.23606,345600,0.303241,0,7,82.0891,0
16x9x24,100,552,1.2691,345600,0.303241,0,7,82.0891,0
16x9x24,100,553,1.14673,345600,0.303241,0,7,82.0891,0
16x9x24,100,554,1.08996,345600,0.303241,0,7,82.0891,0
16x9x24,100,555,1.14281,345600,0.303241,0,7,82.0891,0
16x9x24,100,556,1.41483,345600,0.303241,0,7,82.0891,0
16x9x24,100,557,1.69689,345600,0.303241,0,7,82.0891,0
16x9x24,100,558,1.3157,345600,0.303241,0,7,82.0891,0
16x9x24,100,559,1.21481,345600,0.303241,0,7,82.0891,0
16x9x24,100,560,1.09991,345600,0.303241,0,7,82.0891,0
16x9x24,100,561,1.15712,345600,0.303241,0,7,82.0891,0
16x9x24,100,562,1.1248,345600,0.303241,0,7,82.0891,0
16x9x24,100,563,1.06863,345600,0.303241,0,7,82.0891,0
16x9x24,100,564,1.17875,345600,0.303241,0,7,82.0891,0
16x9x24,100,565,1.27252,345600,0.303241,0,7,82.0891,0
16x9x24,100,566,1.08104,345600,0.303241,0,7,82.0891,0
16x9x24,100,567,1.10348,345600,0.303241,0,7,82.0891,0
16x9x24,100,568,1.0677,345600,0.303241,0,7,82.0891,0
16x9x24,100,569,1.30429,345600,0.303241,0,7,82.0891,0
16x9x24,100,570,1.96302,345600,0.303241,0,7,82.0891,0
16x9x24,100,571,1.3069,345600,0.303241,0,7,82.0891,0
16x9x24,100,572,1.90294,345600,0.303241,0,7,82.0891,0
16x9x24,100,573,1.94463,345600,0.303241,0,7,82.0891,0
16x9x24,100,574,2.03992,345600,0.303241,0,7,82.0891,0
16x9x24,100,575,2.04699,345600,0.303241,0,7,82.0891,0
16x9x24,100,576,2.01425,345600,0.303241,0,7,82.0891,0
16x9x24,100,577,1.93467,345600,0.303241,0,7,82.0891,0
16x9x24,100,578,2.1096,345600,0.303241,0,7,82.0891,0
16x9x24,100,579,2.3268,345600,0.303241,0,7,82.0891,0
16x9x24,100,580,1.98068,345600,0.303241,0,7,82.0891,0
16x9x24,100,581,1.9454,345600,0.303241,0,7,82.0891,0
16x9x24,100,582,1.91791,345600,0.303241,0,7,82.0891,0
16x9x24,100,583,2.00715,345600,0.303241,0,7,82.0891,0
16x9x24,100,584,2.12816,345600,0.303241,0,7,82.0891,0
16x9x24,100,585,2.10611,345600,0.303241,0,7,82.0891,0
16x9x24,100,586,1.9931,345600,0.303241,0,7,82.0891,0
16x9x24,100,587,2.00547,345600,0.303241,0,7,82.0891,0
16x9x24,100,588,2.10156,345600,0.303241,0,7,82.0891,0
16x9x24,100,589,1.98424,345600,0.303241,0,7,82.0891,0
16x9x24,100,590,2.14478,345600,0.303241,0,7,82.0891,0
16x9x24,100,591,1.63001,345600,0.303241,0,7,82.0891,0
16x9x24,100,592,1.22672,345600,0.303241,0,7,82.0891,0
16x9x24,100,593,1.13976,345600,0.303241,0,7,82.0891,0
16x9x24,100,594,1.10107,345600,0.303241,0,7,82.0891,0
16x9x24,100,595,1.09133,345600,0.303241,0,7,82.0891,0
16x9x24,100,596,1.10618,345600,0.303241,0,7,82.0891,0
16x9x24,100,597,1.15879,345600,0.303241,0,7,82.0891,0
16x9x24,100,598,1.28414,345600,0.303241,0,7,82.0891,0
16x9x24,100,599,1.18993,345600,0.303241,0,7,82.0891,0
16x9x24,100,600,1.21456,345600,0.303241,0,7,82.0891,0
16x9x24,100,601,1.07407,345600,0.303241,0,7,82.0891,0
16x9x24,100,602,1.12018,345600,0.303241,0,7,82.0891,0
16x9x24,100,603,1.43537,345600,0.303241,0,7,82.0891,0
16x9x24,100,604,1.24157,345600,0.303241,0,7,82.0891,0
16x9x24,100,605,1.22761,345600,0.303241,0,7,82.0891,0
16x9x24,100,606,1.34562,345600,0.303241,0,7,82.0891,0
16x9x24,100,607,1.81187,345600,0.303241,0,7,82.0891,0
16x9x24,100,608,1.14396,345600,0.303241,0,7,82.0891,0
16x9x24,100,609,1.07736,345600,0.303241,0,7,82.0891,0
16x9x24,100,610,1.17337,345600,0.303241,0,7,82.0891,0
16x9x24,100,611,1.31226,345600,0.303241,0,7,82.0891,0
16x9x24,100,612,1.33398,345600,0.303241,0,7,82.0891,0
16x9x24,100,613,1.18353,345600,0.303241,0,7,82.0891,0
16x9x24,100,614,1.32844,345600,0.303241,0,7,82.0891,0
16x9x24,100,615,1.12185,345600,0.303241,0,7,82.0891,0
16x9x24,100,616,1.10348,345600,0.303241,0,7,82.0891,0
16x9x24,100,617,1.77294,345600,0.303241,0,7,82.0891,0
16x9x24,100,618,1.32536,345600,0.303241,0,7,82.0891,0
16x9x24,100,619,1.40819,345600,0.303241,0,7,82.0891,0
16x9x24,100,620,1.26059,345600,0.303241,0,7,82.0891,0
16x9x24,100,621,1.15679,345600,0.303241,0,7,82.0891,0
16x9x24,100,622,1.08571,345600,0.303241,0,7,82.0891,0
16x9x24,100,623,1.26676,345600,0.303241,0,7,82.0891,0
16x9x24,100,624,1.16692,345600,0.303241,0,7,82.0891,0
16x9x24,100,625,1.1696,345600,0.303241,0,7,82.0891,0
16x9x24,100,626,1.33554,345600,0.303241,0,7,82.0891,0
16x9x24,100,627,1.64725,345600,0.303241,0,7,82.0891,0
16x9x24,100,628,1.14539,345600,0.303241,0,7,82.0891,0
16x9x24,100,629,1.53334,345600,0.303241,0,7,82.0891,0
16x9x24,100,630,1.14086,345600,0.303241,0,7,82.0891,0
16x9x24,100,631,1.20471,345600,0.303241,0,7,82.0891,0
16x9x24,100,632,1.76373,345600,0.303241,0,7,82.0891,0
16x9x24,100,633,1.1352,345600,0.303241,0,7,82.0891,0
16x9x24,100,634,1.15753,345600,0.303241,0,7,82.0891,0
16x9x24,100,635,1.12739,345600,0.303241,0,7,82.0891,0
16x9x24,100,636,1.63674,345600,0.303241,0,7,82.0891,0
16x9x24,100,637,1.18832,345600,0.303241,0,7,82.0891,0
16x9x24,100,638,1.43177,345600,0.303241,0,7,82.0891,0
16x9x24,100,639,1.30988,345600,0.303241,0,7,82.0891,0
16x9x24,100,640,1.18104,345600,0.303241,0,7,82.0891,0
16x9x24,100,641,1.30193,345600,0.303241,0,7,82.0891,0
16x9x24,100,642,1.14154,345600,0.303241,0,7,82.0891,0
16x9x24,100,643,1.20359,345600,0.303241,0,7,82.0891,0
16x9x24,100,644,1.35683,345600,0.303241,0,7,82.0891,0
16x9x24,100,645,1.27627,345600,0.303241,0,7,82.0891,0
16x9x24,100,646,1.07569,345600,0.303241,0,7,82.0891,0
16x9x24,100,647,1.10869,345600,0.303241,0,7,82.0891,0
16x9x24,100,648,1.22368,345600,0.303241,0,7,82.0891,0
16x9x24,100,649,1.37054,345600,0.303241,0,7,82.0891,0
16x9x24,100,650,1.17244,345600,0.303241,0,7,82.0891,0
16x9x24,100,651,1.68537,345600,0.303241,0,7,82.0891,0
16x9x24,100,652,1.12961,345600,0.303241,0,7,82.0891,0
16x9x24,100,653,1.77612,345600,0.303241,0,7,82.0891,0
16x9x24,100,654,1.98383,345600,0.303241,0,7,82.0891,0
16x9x24,100,655,1.98381,345600,0.303241,0,7,82.0891,0
16x9x24,100,656,2.01745,345600,0.303241,0,7,82.0891,0
16x9x24,100,657,2.02633,345600,0.303241,0,7,82.0891,0
16x9x24,100,658,1.97429,345600,0.303241,0,7,82.0891,0
16x9x24,100,659,2.10548,345600,0.303241,0,7,82.0891,0
16x9x24,100,660,1.92116,345600,0.303241,0,7,82.0891,0
16x9x24,100,661,1.93795,345600,0.303241,0,7,82.0891,0
16x9x24,100,662,1.91261,345600,0.303241,0,7,82.0891,0
16x9x24,100,663,1.95712,345600,0.303241,0,7,82.0891,0
16x9x24,100,664,2.00646,345600,0.303241,0,7,82.0891,0
16x9x24,100,665,2.09076,345600,0.303241,0,7,82.0891,0
16x9x24,100,666,1.94102,345600,0.303241,0,7,82.0891,0
16x9x24,100,667,2.20249,345600,0.303241,0,7,82.0891,0
16x9x24,100,668,2.02521,345600,0.303241,0,7,82.0891,0
16x9x24,100,669,2.01861,345600,0.303241,0,7,82.0891,0
16x9x24,100,670,2.04936,345600,0.303241,0,7,82.0891,0
16x9x24,100,671,1.9622,345600,0.303241,0,7,82.0891,0
16x9x24,100,672,2.12898,345600,0.303241,0,7,82.0891,0
16x9x24,100,673,1.95232,345600,0.303241,0,7,82.0891,0
16x9x24,100,674,1.93485,345600,0.303241,0,7,82.0891,0
16x9x24,100,675,2.16705,345600,0.303241,0,7,82.0891,0
16x9x24,100,676,2.10299,345600,0.303241,0,7,82.0891,0
16x9x24,100,677,1.91807,345600,0.303241,0,7,82.0891,0
16x9x24,100,678,1.92012,345600,0.303241,0,7,82.0891,0
16x9x24,100,679,1.95514,345600,0.303241,0,7,82.0891,0
16x9x24,100,680,2.12145,345600,0.303241,0,7,82.0891,0
16x9x24,100,681,2.05373,345600,0.303241,0,7,82.0891,0
16x9x24,100,682,1.92819,345600,0.303241,0,7,82.0891,0
16x9x24,100,683,1.99512,345600,0.303241,0,7,82.0891,0
16x9x24,100,684,2.09369,345600,0.303241,0,7,82.0891,0
16x9x24,100,685,1.85243,345600,0.303241,0,7,82.0891,0
16x9x24,100,686,1.97531,345600,0.303241,0,7,82.0891,0
16x9x24,100,687,1.89263,345600,0.303241,0,7,82.0891,0
16x9x24,100,688,1.95756,345600,0.303241,0,7,82.0891,0
16x9x24,100,689,2.07871,345600,0.303241,0,7,82.0891,0
16x9x24,100,690,2.18287,345600,0.303241,0,7,82.0891,0
16x9x24,100,691,2.23787,345600,0.303241,0,7,82.0891,0
16x9x24,100,692,1.8657,345600,0.303241,0,7,82.0891,0
16x9x24,100,693,1.88862,345600,0.303241,0,7,82.0891,0
16x9x24,100,694,1.75504,345600,0.303241,0,7,82.0891,0
16x9x24,100,695,1.76024,345600,0.303241,0,7,82.0891,0
16x9x24,100,696,1.8026,345600,0.303241,0,7,82.0891,0
16x9x24,100,697,1.94238,345600,0.303241,0,7,82.0891,0
16x9x24,100,698,1.62637,345600,0.303241,0,7,82.0891,0
16x9x24,100,699,1.74921,345600,0.303241,0,7,82.0891,0
16x9x24,100,700,1.88038,345600,0.303241,0,7,82.0891,0
16x9x24,100,701,1.851,345600,0.303241,0,7,82.0891,0
16x9x24,100,702,1.90817,345600,0.303241,0,7,82.0891,0
16x9x24,100,703,1.75481,345600,0.303241,0,7,82.0891,0
16x9x24,100,704,1.53733,345600,0.303241,0,7,82.0891,0
16x9x24,100,705,1.75739,345600,0.303241,0,7,82.0891,0
16x9x24,100,706,1.97934,345600,0.303241,0,7,82.0891,0
16x9x24,100,707,1.74088,345600,0.303241,0,7,82.0891,0
16x9x24,100,708,1.76436,345600,0.303241,0,7,82.0891,0
16x9x24,100,709,1.73109,345600,0.303241,0,7,82.0891,0
16x9x24,100,710,1.98313,345600,0.303241,0,7,82.0891,0
16x9x24,100,711,1.73496,345600,0.303241,0,7,82.0891,0
16x9x24,100,712,1.73259,345600,0.303241,0,7,82.0891,0
16x9x24,100,713,1.73501,345600,0.303241,0,7,82.0891,0
16x9x24,100,714,1.72971,345600,0.303241,0,7,82.0891,0
16x9x24,100,715,1.88914,345600,0.303241,0,7,82.0891,0
16x9x24,100,716,1.80103,345600,0.303241,0,7,82.0891,0
16x9x24,100,717,1.73881,345600,0.303241,0,7,82.0891,0
16x9x24,100,718,1.30378,345600,0.303241,0,7,82.0891,0
16x9x24,100,719,2.07891,345600,0.303241,0,7,82.0891,0
16x9x24,100,720,2.36799,345600,0.303241,0,7,82.0891,0
16x9x24,100,721,1.22096,345600,0.303241,0,7,82.0891,0
16x9x24,100,722,1.11545,345600,0.303241,0,7,82.0891,0
16x9x24,100,723,1.14821,345600,0.303241,0,7,82.0891,0
16x9x24,100,724,1.11029,345600,0.303241,0,7,82.0891,0
16x9x24,100,725,1.2374,345600,0.303241,0,7,82.0891,0
16x9x24,100,726,1.93424,345600,0.303241,0,7,82.0891,0
16x9x24,100,727,1.08998,345600,0.303241,0,7,82.0891,0
16x9x24,100,728,1.11839,345600,0.303241,0,7,82.0891,0
16x9x24,100,729,1.30686,345600,0.303241,0,7,82.0891,0
16x9x24,100,730,1.11044,345600,0.303241,0,7,82.0891,0
16x9x24,100,731,1.29211,345600,0.303241,0,7,82.0891,0
16x9x24,100,732,1.22653,345600,0.303241,0,7,82.0891,0
16x9x24,100,733,1.23895,345600,0.303241,0,7,82.0891,0
16x9x24,100,734,1.17692,345600,0.303241,0,7,82.0891,0
16x9x24,100,735,1.12592,345600,0.303241,0,7,82.0891,0
16x9x24,100,736,1.12061,345600,0.303241,0,7,82.0891,0
16x9x24,100,737,1.16462,345600,0.303241,0,7,82.0891,0
16x9x24,100,738,1.10588,345600,0.303241,0,7,82.0891,0
16x9x24,100,739,1.17952,345600,0.303241,0,7,82.0891,0
16x9x24,100,740,1.297,345600,0.303241,0,7,82.0891,0
16x9x24,100,741,2.18579,345600,0.303241,0,7,82.0891,0
16x9x24,100,742,1.3116,345600,0.303241,0,7,82.0891,0
16x9x24,100,743,1.1136,345600,0.303241,0,7,82.0891,0
16x9x24,100,744,1.28214,345600,0.303241,0,7,82.0891,0
16x9x24,100,745,1.25399,345600,0.303241,0,7,82.0891,0
16x9x24,100,746,1.23781,345600,0.303241,0,7,82.0891,0
16x9x24,100,747,1.04554,345600,0.303241,0,7,82.0891,0
16x9x24,100,748,1.08363,345600,0.303241,0,7,82.0891,0
16x9x24,100,749,1.07462,345600,0.303241,0,7,82.0891,0
16x9x24,100,750,1.12412,345600,0.303241,0,7,82.0891,0
16x9x24,100,751,1.10616,345600,0.303241,0,7,82.0891,0
16x9x24,100,752,1.16552,345600,0.303241,0,7,82.0891,0
16x9x24,100,753,1.2062,345600,0.303241,0,7,82.0891,0
16x9x24,100,754,1.22938,345600,0.303241,0,7,82.0891,0
16x9x24,100,755,1.32269,345600,0.303241,0,7,82.0891,0
16x9x24,100,756,1.26907,345600,0.303241,0,7,82.0891,0
16x9x24,100,757,1.14706,345600,0.303241,0,7,82.0891,0
16x9x24,100,758,1.18725,345600,0.303241,0,7,82.0891,0
16x9x24,100,759,1.31234,345600,0.303241,0,7,82.0891,0
16x9x24,100,760,1.4087,345600,0.303241,0,7,82.0891,0
16x9x24,100,761,1.08253,345600,0.303241,0,7,82.0891,0
16x9x24,100,762,1.11683,345600,0.303241,0,7,82.0891,0
16x9x24,100,763,1.07464,345600,0.303241,0,7,82.0891,0
16x9x24,100,764,1.08521,345600,0.303241,0,7,82.0891,0
16x9x24,100,765,1.62124,345600,0.303241,0,7,82.0891,0
16x9x24,100,766,2.29269,345600,0.303241,0,7,82.0891,0
16x9x24,100,767,1.18798,345600,0.303241,0,7,82.0891,0
16x9x24,100,768,1.89593,345600,0.303241,0,7,82.0891,0
16x9x24,100,769,1.10369,345600,0.303241,0,7,82.0891,0
16x9x24,100,770,1.31709,345600,0.303241,0,7,82.0891,0
16x9x24,100,771,1.27506,345600,0.303241,0,7,82.0891,0
16x9x24,100,772,1.3525,345600,0.303241,0,7,82.0891,0
16x9x24,100,773,1.12839,345600,0.303241,0,7,82.0891,0
16x9x24,100,774,1.64342,345600,0.303241,0,7,82.0891,0
16x9x24,100,775,1.06451,345600,0.303241,0,7,82.0891,0
16x9x24,100,776,1.11953,345600,0.303241,0,7,82.0891,0
16x9x24,100,777,1.17599,345600,0.303241,0,7,82.0891,0
16x9x24,100,778,1.21852,345600,0.303241,0,7,82.0891,0
16x9x24,100,779,1.32977,345600,0.303241,0,7,82.0891,0
16x9x24,100,780,1.11999,345600,0.303241,0,7,82.0891,0
16x9x24,100,781,1.826,345600,0.303241,0,7,82.0891,0
16x9x24,100,782,1.43469,345600,0.303241,0,7,82.0891,0
16x9x24,100,783,2.43123,345600,0.303241,0,7,82.0891,0
16x9x24,100,784,1.35461,345600,0.303241,0,7,82.0891,0
16x9x24,100,785,1.2271,345600,0.303241,0,7,82.0891,0
16x9x24,100,786,1.42471,345600,0.303241,0,7,82.0891,0
16x9x24,100,787,1.07423,345600,0.303241,0,7,82.0891,0
16x9x24,100,788,1.10526,345600,0.303241,0,7,82.0891,0
16x9x24,100,789,1.20999,345600,0.303241,0,7,82.0891,0
16x9x24,100,790,1.34277,345600,0.303241,0,7,82.0891,0
16x9x24,100,791,1.18885,345600,0.303241,0,7,82.0891,0
16x9x24,100,792,1.05902,345600,0.303241,0,7,82.0891,0
16x9x24,100,793,1.46345,345600,0.303241,0,7,82.0891,0
16x9x24,100,794,1.24995,345600,0.303241,0,7,82.0891,0
16x9x24,100,795,1.18189,345600,0.303241,0,7,82.0891,0
16x9x24,100,796,1.31997,345600,0.303241,0,7,82.0891,0
16x9x24,100,797,1.91,345600,0.303241,0,7,82.0891,0
16x9x24,100,798,1.34725,345600,0.303241,0,7,82.0891,0
16x9x24,100,799,1.18298,345600,0.303241,0,7,82.0891,0
16x9x24,100,800,1.17504,345600,0.303241,0,7,82.0891,0
16x9x24,100,801,1.17933,345600,0.303241,0,7,82.0891,0
16x9x24,100,802,1.13716,345600,0.303241,0,7,82.0891,0
16x9x24,100,803,1.16863,345600,0.303241,0,7,82.0891,0
16x9x24,100,804,1.27986,345600,0.303241,0,7,82.0891,0
16x9x24,100,805,1.16301,345600,0.303241,0,7,82.0891,0
16x9x24,100,806,1.32248,345600,0.303241,0,7,82.0891,0
16x9x24,100,807,1.12877,345600,0.303241,0,7,82.0891,0
16x9x24,100,808,1.42954,345600,0.303241,0,7,82.0891,0
16x9x24,100,809,1.14175,345600,0.303241,0,7,82.0891,0
16x9x24,100,810,1.60498,345600,0.303241,0,7,82.0891,0
16x9x24,100,811,1.07621,345600,0.303241,0,7,82.0891,0
16x9x24,100,812,1.12891,345600,0.303241,0,7,82.0891,0
16x9x24,100,813,1.17199,345600,0.303241,0,7,82.0891,0
16x9x24,100,814,1.15605,345600,0.303241,0,7,82.0891,0
16x9x24,100,815,1.16873,345600,0.303241,0,7,82.0891,0
16x9x24,100,816,1.1933,345600,0.303241,0,7,82.0891,0
16x9x24,100,817,1.32875,345600,0.303241,0,7,82.0891,0
16x9x24,100,818,1.27151,345600,0.303241,0,7,82.0891,0
16x9x24,100,819,1.41263,345600,0.303241,0,7,82.0891,0
16x9x24,100,820,1.07471,345600,0.303241,0,7,82.0891,0
16x9x24,100,821,1.21401,345600,0.303241,0,7,82.0891,0
16x9x24,100,822,1.21538,345600,0.303241,0,7,82.0891,0
16x9x24,100,823,1.40579,345600,0.303241,0,7,82.0891,0
16x9x24,100,824,1.19973,345600,0.303241,0,7,82.0891,0
16x9x24,100,825,1.09829,345600,0.303241,0,7,82.0891,0
16x9x24,100,826,1.12261,345600,0.303241,0,7,82.0891,0
16x9x24,100,827,1.13369,345600,0.303241,0,7,82.0891,0
16x9x24,100,828,1.10296,345600,0.303241,0,7,82.0891,0
16x9x24,100,829,1.18524,345600,0.303241,0,7,82.0891,0
16x9x24,100,830,1.36267,345600,0.303241,0,7,82.0891,0
16x9x24,100,831,1.33865,345600,0.303241,0,7,82.0891,0
16x9x24,100,832,1.18307,345600,0.303241,0,7,82.0891,0
16x9x24,100,833,1.43019,345600,0.303241,0,7,82.0891,0
16x9x24,100,834,1.55092,345600,0.303241,0,7,82.0891,0
16x9x24,100,835,1.23382,345600,0.303241,0,7,82.0891,0
16x9x24,100,836,1.16447,345600,0.303241,0,7,82.0891,0
16x9x24,100,837,1.31247,345600,0.303241,0,7,82.0891,0
16x9x24,100,838,1.12146,345600,0.303241,0,7,82.0891,0
16x9x24,100,839,1.14718,345600,0.303241,0,7,82.0891,0
16x9x24,100,840,1.10514,345600,0.303241,0,7,82.0891,0
16x9x24,100,841,1.08742,345600,0.303241,0,7,82.0891,0
16x9x24,100,842,1.14931,345600,0.303241,0,7,82.0891,0
16x9x24,100,843,1.56492,345600,0.303241,0,7,82.0891,0
16x9x24,100,844,1.18512,345600,0.303241,0,7,82.0891,0
16x9x24,100,845,1.08724,345600,0.303241,0,7,82.0891,0
16x9x24,100,846,1.0754,345600,0.303241,0,7,82.0891,0
16x9x24,100,847,1.15585,345600,0.303241,0,7,82.0891,0
16x9x24,100,848,1.15159,345600,0.303241,0,7,82.0891,0
16x9x24,100,849,1.31719,345600,0.303241,0,7,82.0891,0
16x9x24,100,850,1.95304,345600,0.303241,0,7,82.0891,0
16x9x24,100,851,1.11859,345600,0.303241,0,7,82.0891,0
16x9x24,100,852,1.12621,345600,0.303241,0,7,82.0891,0
16x9x24,100,853,1.09589,345600,0.303241,0,7,82.0891,0
16x9x24,100,854,1.0887,345600,0.303241,0,7,82.0891,0
16x9x24,100,855,1.05252,345600,0.303241,0,7,82.0891,0
16x9x24,100,856,1.45104,345600,0.303241,0,7,82.0891,0
16x9x24,100,857,1.47792,345600,0.303241,0,7,82.0891,0
16x9x24,100,858,1.12033,345600,0.303241,0,7,82.0891,0
16x9x24,100,859,1.12462,345600,0.303241,0,7,82.0891,0
16x9x24,100,860,1.08404,345600,0.303241,0,7,82.0891,0
16x9x24,100,861,1.14372,345600,0.303241,0,7,82.0891,0
16x9x24,100,862,1.2914,345600,0.303241,0,7,82.0891,0
16x9x24,100,863,1.32074,345600,0.303241,0,7,82.0891,0
16x9x24,100,864,1.12854,345600,0.303241,0,7,82.0891,0
16x9x24,100,865,1.45874,345600,0.303241,0,7,82.0891,0
16x9x24,100,866,1.10108,345600,0.303241,0,7,82.0891,0
16x9x24,100,867,1.11265,345600,0.303241,0,7,82.0891,0
16x9x24,100,868,1.24998,345600,0.303241,0,7,82.0891,0
16x9x24,100,869,1.33602,345600,0.303241,0,7,82.0891,0
16x9x24,100,870,1.13495,345600,0.303241,0,7,82.0891,0
16x9x24,100,871,1.3855,345600,0.303241,0,7,82.0891,0
16x9x24,100,872,1.31475,345600,0.303241,0,7,82.0891,0
16x9x24,100,873,1.09138,345600,0.303241,0,7,82.0891,0
16x9x24,100,874,1.13786,345600,0.303241,0,7,82.0891,0
16x9x24,100,875,1.53982,345600,0.303241,0,7,82.0891,0
16x9x24,100,876,1.50052,345600,0.303241,0,7,82.0891,0
16x9x24,100,877,1.34735,345600,0.303241,0,7,82.0891,0
16x9x24,100,878,1.18931,345600,0.303241,0,7,82.0891,0
16x9x24,100,879,1.15763,345600,0.303241,0,7,82.0891,0
16x9x24,100,880,1.17742,345600,0.303241,0,7,82.0891,0
16x9x24,100,881,1.43178,345600,0.303241,0,7,82.0891,0
16x9x24,100,882,1.31629,345600,0.303241,0,7,82.0891,0
16x9x24,100,883,1.41114,345600,0.303241,0,7,82.0891,0
16x9x24,100,884,1.16844,345600,0.303241,0,7,82.0891,0
16x9x24,100,885,1.17586,345600,0.303241,0,7,82.0891,0
16x9x24,100,886,1.11227,345600,0.303241,0,7,82.0891,0
16x9x24,100,887,1.14271,345600,0.303241,0,7,82.0891,0
16x9x24,100,888,1.30016,345600,0.303241,0,7,82.0891,0
16x9x24,100,889,1.2685,345600,0.303241,0,7,82.0891,0
16x9x24,100,890,1.43698,345600,0.303241,0,7,82.0891,0
16x9x24,100,891,1.11511,345600,0.303241,0,7,82.0891,0
16x9x24,100,892,1.19473,345600,0.303241,0,7,82.0891,0
16x9x24,100,893,1.39427,345600,0.303241,0,7,82.0891,0
16x9x24,100,894,1.49465,345600,0.303241,0,7,82.0891,0
16x9x24,100,895,2.51318,345600,0.303241,0,7,82.0891,0
16x9x24,100,896,1.50646,345600,0.303241,0,7,82.0891,0
16x9x24,100,897,1.60046,345600,0.303241,0,7,82.0891,0
16x9x24,100,898,1.78552,345600,0.303241,0,7,82.0891,0
16x9x24,100,899,1.46774,345600,0.303241,0,7,82.0891,0
16x9x24,100,900,1.29218,345600,0.303241,0,7,82.0891,0
16x9x24,100,901,1.20158,345600,0.303241,0,7,82.0891,0
16x9x24,100,902,1.14605,345600,0.303241,0,7,82.0891,0
16x9x24,100,903,1.06818,345600,0.303241,0,7,82.0891,0
16x9x24,100,904,1.11331,345600,0.303241,0,7,82.0891,0
16x9x24,100,905,1.20365,345600,0.303241,0,7,82.0891,0
16x9x24,100,906,1.15479,345600,0.303241,0,7,82.0891,0
16x9x24,100,907,1.28822,345600,0.303241,0,7,82.0891,0
16x9x24,100,908,1.18594,345600,0.303241,0,7,82.0891,0
16x9x24,100,909,1.12216,345600,0.303241,0,7,82.0891,0
16x9x24,100,910,1.26091,345600,0.303241,0,7,82.0891,0
16x9x24,100,911,1.27212,345600,0.303241,0,7,82.0891,0
16x9x24,100,912,1.48623,345600,0.303241,0,7,82.0891,0
16x9x24,100,913,2.21607,345600,0.303241,0,7,82.0891,0
16x9x24,100,914,2.33219,345600,0.303241,0,7,82.0891,0
16x9x24,100,915,1.31385,345600,0.303241,0,7,82.0891,0
16x9x24,100,916,1.15265,345600,0.303241,0,7,82.0891,0
16x9x24,100,917,1.14153,345600,0.303241,0,7,82.0891,0
16x9x24,100,918,1.29621,345600,0.303241,0,7,82.0891,0
16x9x24,100,919,1.28706,345600,0.303241,0,7,82.0891,0
16x9x24,100,920,1.13563,345600,0.303241,0,7,82.0891,0
16x9x24,100,921,1.15759,345600,0.303241,0,7,82.0891,0
16x9x24,100,922,1.22405,345600,0.303241,0,7,82.0891,0
16x9x24,100,923,1.5026,345600,0.303241,0,7,82.0891,0
16x9x24,100,924,2.14334,345600,0.303241,0,7,82.0891,0
16x9x24,100,925,1.51265,345600,0.303241,0,7,82.0891,0
16x9x24,100,926,1.11103,345600,0.303241,0,7,82.0891,0
16x9x24,100,927,1.33279,345600,0.303241,0,7,82.0891,0
16x9x24,100,928,1.30861,345600,0.303241,0,7,82.0891,0
16x9x24,100,929,1.11199,345600,0.303241,0,7,82.0891,0
16x9x24,100,930,2.04496,345600,0.303241,0,7,82.0891,0
16x9x24,100,931,1.43354,345600,0.303241,0,7,82.0891,0
16x9x24,100,932,1.37941,345600,0.303241,0,7,82.0891,0
16x9x24,100,933,1.34662,345600,0.303241,0,7,82.0891,0
16x9x24,100,934,1.2449,345600,0.303241,0,7,82.0891,0
16x9x24,100,935,1.41,345600,0.303241,0,7,82.0891,0
16x9x24,100,936,2.17008,345600,0.303241,0,7,82.0891,0
16x9x24,100,937,1.26384,345600,0.303241,0,7,82.0891,0
16x9x24,100,938,1.29853,345600,0.303241,0,7,82.0891,0
16x9x24,100,939,1.15911,345600,0.303241,0,7,82.0891,0
16x9x24,100,940,1.12012,345600,0.303241,0,7,82.0891,0
16x9x24,100,941,1.1667,345600,0.303241,0,7,82.0891,0
16x9x24,100,942,2.08836,345600,0.303241,0,7,82.0891,0
16x9x24,100,943,1.31934,345600,0.303241,0,7,82.0891,0
16x9x24,100,944,1.20819,345600,0.303241,0,7,82.0891,0
16x9x24,100,945,1.72096,345600,0.303241,0,7,82.0891,0
16x9x24,100,946,1.69002,345600,0.303241,0,7,82.0891,0
16x9x24,100,947,2.19993,345600,0.303241,0,7,82.0891,0
16x9x24,100,948,1.43034,345600,0.303241,0,7,82.0891,0
16x9x24,100,949,1.20705,345600,0.303241,0,7,82.0891,0
16x9x24,100,950,1.14492,345600,0.303241,0,7,82.0891,0
16x9x24,100,951,1.21861,345600,0.303241,0,7,82.0891,0
16x9x24,100,952,1.11078,345600,0.303241,0,7,82.0891,0
16x9x24,100,953,1.31316,345600,0.303241,0,7,82.0891,0
16x9x24,100,954,1.59901,345600,0.303241,0,7,82.0891,0
16x9x24,100,955,1.31021,345600,0.303241,0,7,82.0891,0
16x9x24,100,956,1.27859,345600,0.303241,0,7,82.0891,0
16x9x24,100,957,1.12857,345600,0.303241,0,7,82.0891,0
16x9x24,100,958,1.23605,345600,0.303241,0,7,82.0891,0
16x9x24,100,959,1.66045,345600,0.303241,0,7,82.0891,0
16x9x24,100,960,1.33825,345600,0.303241,0,7,82.0891,0
16x9x24,100,961,1.12709,345600,0.303241,0,7,82.0891,0
16x9x24,100,962,1.22483,345600,0.303241,0,7,82.0891,0
16x9x24,100,963,1.17339,345600,0.303241,0,7,82.0891,0
16x9x24,100,964,1.0867,345600,0.303241,0,7,82.0891,0
16x9x24,100,965,1.19385,345600,0.303241,0,7,82.0891,0
16x9x24,100,966,1.19563,345600,0.303241,0,7,82.0891,0
16x9x24,100,967,1.24063,345600,0.303241,0,7,82.0891,0
16x9x24,100,968,1.10414,345600,0.303241,0,7,82.0891,0
16x9x24,100,969,1.10503,345600,0.303241,0,7,82.0891,0
16x9x24,100,970,1.52882,345600,0.303241,0,7,82.0891,0
16x9x24,100,971,1.14453,345600,0.303241,0,7,82.0891,0
16x9x24,100,972,1.40038,345600,0.303241,0,7,82.0891,0
16x9x24,100,973,1.21189,345600,0.303241,0,7,82.0891,0
16x9x24,100,974,1.26409,345600,0.303241,0,7,82.0891,0
16x9x24,100,975,1.07671,345600,0.303241,0,7,82.0891,0
16x9x24,100,976,1.1779,345600,0.303241,0,7,82.0891,0
16x9x24,100,977,1.40251,345600,0.303241,0,7,82.0891,0
16x9x24,100,978,1.09205,345600,0.303241,0,7,82.0891,0
16x9x24,100,979,1.2052,345600,0.303241,0,7,82.0891,0
16x9x24,100,980,1.15177,345600,0.303241,0,7,82.0891,0
16x9x24,100,981,1.08061,345600,0.303241,0,7,82.0891,0
16x9x24,100,982,1.14046,345600,0.303241,0,7,82.0891,0
16x9x24,100,983,1.28805,345600,0.303241,0,7,82.0891,0
16x9x24,100,984,1.15836,345600,0.303241,0,7,82.0891,0
16x9x24,100,985,1.53103,345600,0.303241,0,7,82.0891,0
16x9x24,100,986,1.59812,345600,0.303241,0,7,82.0891,0
16x9x24,100,987,1.21593,345600,0.303241,0,7,82.0891,0
16x9x24,100,988,1.09927,345600,0.303241,0,7,82.0891,0
16x9x24,100,989,1.52686,345600,0.303241,0,7,82.0891,0
16x9x24,100,990,1.15526,345600,0.303241,0,7,82.0891,0
16x9x24,100,991,1.09328,345600,0.303241,0,7,82.0891,0
16x9x24,100,992,1.13779,345600,0.303241,0,7,82.0891,0
16x9x24,100,993,1.20724,345600,0.303241,0,7,82.0891,0
16x9x24,100,994,1.23607,345600,0.303241,0,7,82.0891,0
16x9x24,100,995,1.08874,345600,0.303241,0,7,82.0891,0
16x9x24,100,996,1.09032,345600,0.303241,0,7,82.0891,0
16x9x24,100,997,1.06165,345600,0.303241,0,7,82.0891,0
16x9x24,100,998,1.10685,345600,0.303241,0,7,82.0891,0
16x9x24,100,999,1.31731,345600,0.303241,0,7,82.0891,0
16x9x24,1000,0,12.5613,3456000,3.14931,0,34,65.5671,0
16x9x24,1000,1,12.0618,3456000,3.14931,0,34,65.5671,0
16x9x24,1000,2,14.2752,3456000,3.14931,0,34,65.5671,0
16x9x24,1000,3,12.2688,3456000,3.14931,0,34,65.5671,0
16x9x24,1000,4,12.1625,3456000,3.14931,0,34,65.5671,0
16x9x24,1000,5,12.276,3456000,3.14931,0,34,65.5671,0
16x9x24,1000,6,12.8069,3456000,3.14931,0,34,65.5671,0
16x9x24,1000,7,12.2127,3456000,3.14931,0,34,65.5671,0
16x9x24,1000,8,12.6388,3456000,3.14931,0,34,65.5671,0
16x9x24,1000,9,12.1302,3456000,3.14931,0,34,65.5671,0
16x9x24,1000,10,12.1315,3456000,3.14931,0,34,65.5671,0
16x9x24,1000,11,13.9785,3456000,3.14931,0,34,65.5671,0
16x9x24,1000,12,12.7435,3456000,3.14931,0,34,65.5671,0
16x9x24,1000,13,12.9647,3456000,3.14931,0,34,65.5671,0
16x9x24,1000,14,12.1026,3456000,3.14931,0,34,65.5671,0
16x9x24,1000,15,12.4303,3456000,3.14931,0,34,65.5671,0
16x9x24,1000,16,12.8166,3456000,3.14931,0,34,65.5671,0
16x9x24,1000,17,12.0755,3456000,3.14931,0,34,65.5671,0
16x9x24,1000,18,11.9816,3456000,3.14931,0,34,65.5671,0
16x9x24,1000,19,11.9875,3456000,3.14931,0,34,65.5671,0
16x9x24,1000,20,12.395,3456000,3.14931,0,34,65.5671,0
16x9x24,1000,21,12.6662,3456000,3.14931,0,34,65.5671,0
16x9x24,1000,22,13.4631,3456000,3.14931,0,34,65.5671,0
16x9x24,1000,23,12.6773,3456000,3.14931,0,34,65.5671,0
16x9x24,1000,24,11.7721,3456000,3.14931,0,34,65.5671,0
16x9x24,1000,25,12.1743,3456000,3.14931,0,34,65.5671,0
16x9x24,1000,26,11.9273,3456000,3.14931,0,34,65.5671,0
16x9x24,1000,27,12.7792,3456000,3.14931,0,34,65.5671,0
16x9x24,1000,28,12.7571,3456000,3.14931,0,34,65.5671,0
16x9x24,1000,29,12.6141,3456000,3.14931,0,34,65.5671,0
16x9x24,1000,30,12.0669,3456000,3.14931,0,34,65.5671,0
16x9x24,1000,31,11.9779,3456000,3.14931,0,34,65.5671,0
16x9x24,1000,32,13.0409,3456000,3.14931,0,34,65.5671,0
16x9x24,1000,33,12.4453,3456000,3.14931,0,34,65.5671,0
16x9x24,1000,34,11.4611,3456000,3.14931,0,34,65.5671,0
16x9x24,1000,35,12.5851,3456000,3.14931,0,34,65.5671,0
16x9x24,1000,36,12.3723,3456000,3.14931,0,34,65.5671,0
16x9x24,1000,37,11.8644,3456000,3.14931,0,34,65.5671,0
16x9x24,1000,38,12.4104,3456000,3.14931,0,34,65.5671,0
16x9x24,1000,39,12.8263,3456000,3.14931,0,34,65.5671,0
16x9x24,1000,40,15.4903,3456000,3.14931,0,34,65.5671,0
16x9x24,1000,41,13.2285,3456000,3.14931,0,34,65.5671,0
16x9x24,1000,42,14.8036,3456000,3.14931,0,34,65.5671,0
16x9x24,1000,43,14.2924,3456000,3.14931,0,34,65.5671,0
16x9x24,1000,44,13.2143,3456000,3.14931,0,34,65.5671,0
16x9x24,1000,45,11.9762,3456000,3.14931,0,34,65.5671,0
16x9x24,1000,46,13.6524,3456000,3.14931,0,34,65.5671,0
16x9x24,1000,47,12.2677,3456000,3.14931,0,34,65.5671,0
16x9x24,1000,48,12.2052,3456000,3.14931,0,34,65.5671,0
16x9x24,1000,49,12.201,3456000,3.14931,0,34,65.5671,0
16x9x24,1000,50,11.8825,3456000,3.14931,0,34,65.5671,0
16x9x24,1000,51,13.014,3456000,3.14931,0,34,65.5671,0
16x9x24,1000,52,12.0437,3456000,3.14931,0,34,65.5671,0
16x9x24,1000,53,12.2797,3456000,3.14931,0,34,65.5671,0
16x9x24,1000,54,13.7026,3456000,3.14931,0,34,65.5671,0
16x9x24,1000,55,12.5235,3456000,3.14931,0,34,65.5671,0
16x9x24,1000,56,12.9422,3456000,3.14931,0,34,65.5671,0
16x9x24,1000,57,12.4934,3456000,3.14931,0,34,65.5671,0
16x9x24,1000,58,13.1577,3456000,3.14931,0,34,65.5671,0
16x9x24,1000,59,13.4205,3456000,3.14931,0,34,65.5671,0
16x9x24,1000,60,12.4289,3456000,3.14931,0,34,65.5671,0
16x9x24,1000,61,13.6025,3456000,3.14931,0,34,65.5671,0
16x9x24,1000,62,13.0145,3456000,3.14931,0,34,65.5671,0
16x9x24,1000,63,14.4425,3456000,3.14931,0,34,65.5671,0
16x9x24,1000,64,13.2148,3456000,3.14931,0,34,65.5671,0
16x9x24,1000,65,12.513,3456000,3.14931,0,34,65.5671,0
16x9x24,1000,66,12.8395,3456000,3.14931,0,34,65.5671,0
16x9x24,1000,67,12.7836,3456000,3.14931,0,34,65.5671,0
16x9x24,1000,68,12.539,3456000,3.14931,0,34,65.5671,0
16x9x24,1000,69,11.8336,3456000,3.14931,0,34,65.5671,0
16x9x24,1000,70,12.3051,3456000,3.14931,0,34,65.5671,0
16x9x24,1000,71,14.1298,3456000,3.14931,0,34,65.5671,0
16x9x24,1000,72,12.0927,3456000,3.14931,0,34,65.5671,0
16x9x24,1000,73,13.1547,3456000,3.14931,0,34,65.5671,0
16x9x24,1000,74,12.6456,3456000,3.14931,0,34,65.5671,0
16x9x24,1000,75,13.8374,3456000,3.14931,0,34,65.5671,0
16x9x24,1000,76,13.3639,3456000,3.14931,0,34,65.5671,0
16x9x24,1000,77,13.0789,3456000,3.14931,0,34,65.5671,0
16x9x24,1000,78,12.8609,3456000,3.14931,0,34,65.5671,0
16x9x24,1000,79,13.5099,3456000,3.14931,0,34,65.5671,0
16x9x24,1000,80,12.6482,3456000,3.14931,0,34,65.5671,0
16x9x24,1000,81,13.3271,3456000,3.14931,0,34,65.5671,0
16x9x24,1000,82,12.5456,3456000,3.14931,0,34,65.5671,0
16x9x24,1000,83,14.6535,3456000,3.14931,0,34,65.5671,0
16x9x24,1000,84,14.9842,3456000,3.14931,0,34,65.5671,0
16x9x24,1000,85,15.2864,3456000,3.14931,0,34,65.5671,0
16x9x24,1000,86,13.0221,3456000,3.14931,0,34,65.5671,0
16x9x24,1000,87,12.0286,3456000,3.14931,0,34,65.5671,0
16x9x24,1000,88,13.1547,3456000,3.14931,0,34,65.5671,0
16x9x24,1000,89,12.0226,3456000,3.14931,0,34,65.5671,0
16x9x24,1000,90,11.8683,3456000,3.14931,0,34,65.5671,0
16x9x24,1000,91,12.2525,3456000,3.14931,0,34,65.5671,0
16x9x24,1000,92,12.9573,3456000,3.14931,0,34,65.5671,0
16x9x24,1000,93,12.5911,3456000,3.14931,0,34,65.5671,0
16x9x24,1000,94,13.844,3456000,3.14931,0,34,65.5671,0
16x9x24,1000,95,12.6479,3456000,3.14931,0,34,65.5671,0
16x9x24,1000,96,12.8539,3456000,3.14931,0,34,65.5671,0
16x9x24,1000,97,12.6673,3456000,3.14931,0,34,65.5671,0
16x9x24,1000,98,12.6806,3456000,3.14931,0,34,65.5671,0
16x9x24,1000,99,12.5986,3456000,3.14931,0,34,65.5671,0
16x9x24,1000,100,12.8817,3456000,3.14931,0,34,65.5671,0
16x9x24,1000,101,11.9867,3456000,3.14931,0,34,65.5671,0
16x9x24,1000,102,12.2469,3456000,3.14931,0,34,65.5671,0
16x9x24,1000,103,11.5639,3456000,3.14931,0,34,65.5671,0
16x9x24,1000,104,12.1289,3456000,3.14931,0,34,65.5671,0
16x9x24,1000,105,12.5813,3456000,3.14931,0,34,65.5671,0
16x9x24,1000,106,12.939,3456000,3.14931,0,34,65.5671,0
16x9x24,1000,107,12.5088,3456000,3.14931,0,34,65.5671,0
16x9x24,1000,108,11.9048,3456000,3.14931,0,34,65.5671,0
16x9x24,1000,109,12.775,3456000,3.14931,0,34,65.5671,0
16x9x24,1000,110,12.0774,3456000,3.14931,0,34,65.5671,0
16x9x24,1000,111,12.1592,3456000,3.14931,0,34,65.5671,0
16x9x24,1000,112,12.5635,3456000,3.14931,0,34,65.5671,0
16x9x24,1000,113,12.0676,3456000,3.14931,0,34,65.5671,0
16x9x24,1000,114,12.1566,3456000,3.14931,0,34,65.5671,0
16x9x24,1000,115,12.523,3456000,3.14931,0,34,65.5671,0
16x9x24,1000,116,12.5174,3456000,3.14931,0,34,65.5671,0
16x9x24,1000,117,11.8248,3456000,3.14931,0,34,65.5671,0
16x9x24,1000,118,12.8464,3456000,3.14931,0,34,65.5671,0
16x9x24,1000,119,12.7797,3456000,3.14931,0,34,65.5671,0
16x9x24,1000,120,12.0241,3456000,3.14931,0,34,65.5671,0
16x9x24,1000,121,12.4676,3456000,3.14931,0,34,65.5671,0
16x9x24,1000,122,11.9137,3456000,3.14931,0,34,65.5671,0
16x9x24,1000,123,12.174,3456000,3.14931,0,34,65.5671,0
16x9x24,1000,124,12.4535,3456000,3.14931,0,34,65.5671,0
16x9x24,1000,125,13.3218,3456000,3.14931,0,34,65.5671,0
16x9x24,1000,126,12.4481,3456000,3.14931,0,34,65.5671,0
16x9x24,1000,127,12.3857,3456000,3.14931,0,34,65.5671,0
16x9x24,1000,128,12.3379,3456000,3.14931,0,34,65.5671,0
16x9x24,1000,129,12.2703,3456000,3.14931,0,34,65.5671,0
16x9x24,1000,130,12.7426,3456000,3.14931,0,34,65.5671,0
16x9x24,1000,131,12.3802,3456000,3.14931,0,34,65.5671,0
16x9x24,1000,132,14.0397,3456000,3.14931,0,34,65.5671,0
16x9x24,1000,133,13.5616,3456000,3.14931,0,34,65.5671,0
16x9x24,1000,134,15.0268,3456000,3.14931,0,34,65.5671,0
16x9x24,1000,135,13.5899,3456000,3.14931,0,34,65.5671,0
16x9x24,1000,136,14.6409,3456000,3.14931,0,34,65.5671,0
16x9x24,1000,137,14.4945,3456000,3.14931,0,34,65.5671,0
16x9x24,1000,138,12.9163,3456000,3.14931,0,34,65.5671,0
16x9x24,1000,139,12.5438,3456000,3.14931,0,34,65.5671,0
16x9x24,1000,140,12.893,3456000,3.14931,0,34,65.5671,0
16x9x24,1000,141,13.2373,3456000,3.14931,0,34,65.5671,0
16x9x24,1000,142,12.7387,3456000,3.14931,0,34,65.5671,0
16x9x24,1000,143,12.3194,3456000,3.14931,0,34,65.5671,0
16x9x24,1000,144,12.0939,3456000,3.14931,0,34,65.5671,0
16x9x24,1000,145,12.2881,3456000,3.14931,0,34,65.5671,0
16x9x24,1000,146,12.1914,3456000,3.14931,0,34,65.5671,0
16x9x24,1000,147,11.9137,3456000,3.14931,0,34,65.5671,0
16x9x24,1000,148,12.312,3456000,3.14931,0,34,65.5671,0
16x9x24,1000,149,11.8761,3456000,3.14931,0,34,65.5671,0
16x9x24,1000,150,12.0844,3456000,3.14931,0,34,65.5671,0
16x9x24,1000,151,12.361,3456000,3.14931,0,34,65.5671,0
16x9x24,1000,152,12.4703,3456000,3.14931,0,34,65.5671,0
16x9x24,1000,153,12.6129,3456000,3.14931,0,34,65.5671,0
16x9x24,1000,154,12.3577,3456000,3.14931,0,34,65.5671,0
16x9x24,1000,155,12.5232,3456000,3.14931,0,34,65.5671,0
16x9x24,1000,156,12.614,3456000,3.14931,0,34,65.5671,0
16x9x24,1000,157,12.4883,3456000,3.14931,0,34,65.5671,0
16x9x24,1000,158,13.4439,3456000,3.14931,0,34,65.5671,0
16x9x24,1000,159,13.0006,3456000,3.14931,0,34,65.5671,0
16x9x24,1000,160,12.7686,3456000,3.14931,0,34,65.5671,0
16x9x24,1000,161,12.3913,3456000,3.14931,0,34,65.5671,0
16x9x24,1000,162,12.0988,3456000,3.14931,0,34,65.5671,0
16x9x24,1000,163,12.5206,3456000,3.14931,0,34,65.5671,0
16x9x24,1000,164,12.4757,3456000,3.14931,0,34,65.5671,0
16x9x24,1000,165,12.8067,3456000,3.14931,0,34,65.5671,0
16x9x24,1000,166,12.2573,3456000,3.14931,0,34,65.5671,0
16x9x24,1000,167,12.1981,3456000,3.14931,0,34,65.5671,0
16x9x24,1000,168,11.9347,3456000,3.14931,0,34,65.5671,0
16x9x24,1000,169,12.4945,3456000,3.14931,0,34,65.5671,0
16x9x24,1000,170,13.2852,3456000,3.14931,0,34,65.5671,0
16x9x24,1000,171,12.1152,3456000,3.14931,0,34,65.5671,0
16x9x24,1000,172,12.1679,3456000,3.14931,0,34,65.5671,0
16x9x24,1000,173,12.0179,3456000,3.14931,0,34,65.5671,0
16x9x24,1000,174,12.9453,3456000,3.14931,0,34,65.5671,0
16x9x24,1000,175,12.1663,3456000,3.14931,0,34,65.5671,0
16x9x24,1000,176,12.3484,3456000,3.14931,0,34,65.5671,0
16x9x24,1000,177,11.9924,3456000,3.14931,0,34,65.5671,0
16x9x24,1000,178,12.5086,3456000,3.14931,0,34,65.5671,0
16x9x24,1000,179,11.8146,3456000,3.14931,0,34,65.5671,0
16x9x24,1000,180,13.0155,3456000,3.14931,0,34,65.5671,0
16x9x24,1000,181,12.2403,3456000,3.14931,0,34,65.5671,0
16x9x24,1000,182,13.4844,3456000,3.14931,0,34,65.5671,0
16x9x24,1000,183,11.884,3456000,3.14931,0,34,65.5671,0
16x9x24,1000,184,12.8683,3456000,3.14931,0,34,65.5671,0
16x9x24,1000,185,12.5869,3456000,3.14931,0,34,65.5671,0
16x9x24,1000,186,11.9269,3456000,3.14931,0,34,65.5671,0
16x9x24,1000,187,12.6781,3456000,3.14931,0,34,65.5671,0
16x9x24,1000,188,12.4828,3456000,3.14931,0,34,65.5671,0
16x9x24,1000,189,12.1044,3456000,3.14931,0,34,65.5671,0
16x9x24,1000,190,11.9248,3456000,3.14931,0,34,65.5671,0
16x9x24,1000,191,12.6355,3456000,3.14931,0,34,65.5671,0
16x9x24,1000,192,12.9033,3456000,3.14931,0,34,65.5671,0
16x9x24,1000,193,11.6217,3456000,3.14931,0,34,65.5671,0
16x9x24,1000,194,12.9029,3456000,3.14931,0,34,65.5671,0
16x9x24,1000,195,12.0354,3456000,3.14931,0,34,65.5671,0
16x9x24,1000,196,15.0186,3456000,3.14931,0,34,65.5671,0
16x9x24,1000,197,13.1751,3456000,3.14931,0,34,65.5671,0
16x9x24,1000,198,11.9587,3456000,3.14931,0,34,65.5671,0
16x9x24,1000,199,12.7779,3456000,3.14931,0,34,65.5671,0
16x9x24,1000,200,13.0555,3456000,3.14931,0,34,65.5671,0
16x9x24,1000,201,11.514,3456000,3.14931,0,34,65.5671,0
16x9x24,1000,202,13.1243,3456000,3.14931,0,34,65.5671,0
16x9x24,1000,203,12.6639,3456000,3.14931,0,34,65.5671,0
16x9x24,1000,204,13.1434,3456000,3.14931,0,34,65.5671,0
16x9x24,1000,205,12.5393,3456000,3.14931,0,34,65.5671,0
16x9x24,1000,206,12.2056,3456000,3.14931,0,34,65.5671,0
16x9x24,1000,207,13.1151,3456000,3.14931,0,34,65.5671,0
16x9x24,1000,208,12.4174,3456000,3.14931,0,34,65.5671,0
16x9x24,1000,209,12.5112,3456000,3.14931,0,34,65.5671,0
16x9x24,1000,210,12.5829,3456000,3.14931,0,34,65.5671,0
16x9x24,1000,211,12.3758,3456000,3.14931,0,34,65.5671,0
16x9x24,1000,212,13.9138,3456000,3.14931,0,34,65.5671,0
16x9x24,1000,213,15.171,3456000,3.14931,0,34,65.5671,0
16x9x24,1000,214,13.4344,3456000,3.14931,0,34,65.5671,0
16x9x24,1000,215,12.7039,3456000,3.14931,0,34,65.5671,0
16x9x24,1000,216,13.3839,3456000,3.14931,0,34,65.5671,0
16x9x24,1000,217,11.5329,3456000,3.14931,0,34,65.5671,0
16x9x24,1000,218,11.8549,3456000,3.14931,0,34,65.5671,0
16x9x24,1000,219,12.8002,3456000,3.14931,0,34,65.5671,0
16x9x24,1000,220,13.6233,3456000,3.14931,0,34,65.5671,0
16x9x24,1000,221,12.2528,3456000,3.14931,0,34,65.5671,0
16x9x24,1000,222,12.0956,3456000,3.14931,0,34,65.5671,0
16x9x24,1000,223,11.957,3456000,3.14931,0,34,65.5671,0
16x9x24,1000,224,14.0849,3456000,3.14931,0,34,65.5671,0
16x9x24,1000,225,14.1278,3456000,3.14931,0,34,65.5671,0
16x9x24,1000,226,13.9747,3456000,3.14931,0,34,65.5671,0
16x9x24,1000,227,13.3534,3456000,3.14931,0,34,65.5671,0
16x9x24,1000,228,11.9432,3456000,3.14931,0,34,65.5671,0
16x9x24,1000,229,13.4689,3456000,3.14931,0,34,65.5671,0
16x9x24,1000,230,13.8426,3456000,3.14931,0,34,65.5671,0
16x9x24,1000,231,12.2859,3456000,3.14931,0,34,65.5671,0
16x9x24,1000,232,13.7102,3456000,3.14931,0,34,65.5671,0
16x9x24,1000,233,13.4586,3456000,3.14931,0,34,65.5671,0
16x9x24,1000,234,12.3882,3456000,3.14931,0,34,65.5671,0
16x9x24,1000,235,12.0471,3456000,3.14931,0,34,65.5671,0
16x9x24,1000,236,12.1787,3456000,3.14931,0,34,65.5671,0
16x9x24,1000,237,12.4692,3456000,3.14931,0,34,65.5671,0
16x9x24,1000,238,11.6944,3456000,3.14931,0,34,65.5671,0
16x9x24,1000,239,11.7369,3456000,3.14931,0,34,65.5671,0
16x9x24,1000,240,12.3488,3456000,3.14931,0,34,65.5671,0
16x9x24,1000,241,12.4492,3456000,3.14931,0,34,65.5671,0
16x9x24,1000,242,11.9362,3456000,3.14931,0,34,65.5671,0
16x9x24,1000,243,12.5103,3456000,3.14931,0,34,65.5671,0
16x9x24,1000,244,12.0071,3456000,3.14931,0,34,65.5671,0
16x9x24,1000,245,12.0755,3456000,3.14931,0,34,65.5671,0
16x9x24,1000,246,11.964,3456000,3.14931,0,34,65.5671,0
16x9x24,1000,247,11.8297,3456000,3.14931,0,34,65.5671,0
16x9x24,1000,248,13.2929,3456000,3.14931,0,34,65.5671,0
16x9x24,1000,249,12.7115,3456000,3.14931,0,34,65.5671,0
16x9x24,1000,250,12.1983,3456000,3.14931,0,34,65.5671,0
16x9x24,1000,251,12.7244,3456000,3.14931,0,34,65.5671,0
16x9x24,1000,252,13.75,3456000,3.14931,0,34,65.5671,0
16x9x24,1000,253,11.7803,3456000,3.14931,0,34,65.5671,0
16x9x24,1000,254,13.7402,3456000,3.14931,0,34,65.5671,0
16x9x24,1000,255,12.2183,3456000,3.14931,0,34,65.5671,0
16x9x24,1000,256,13.6446,3456000,3.14931,0,34,65.5671,0
16x9x24,1000,257,12.4069,3456000,3.14931,0,34,65.5671,0
16x9x24,1000,258,13.2029,3456000,3.14931,0,34,65.5671,0
16x9x24,1000,259,12.2553,3456000,3.14931,0,34,65.5671,0
16x9x24,1000,260,11.6114,3456000,3.14931,0,34,65.5671,0
16x9x24,1000,261,12.4341,3456000,3.14931,0,34,65.5671,0
16x9x24,1000,262,12.1474,3456000,3.14931,0,34,65.5671,0
16x9x24,1000,263,11.5454,3456000,3.14931,0,34,65.5671,0
16x9x24,1000,264,11.7142,3456000,3.14931,0,34,65.5671,0
16x9x24,1000,265,11.8965,3456000,3.14931,0,34,65.5671,0
16x9x24,1000,266,11.8708,3456000,3.14931,0,34,65.5671,0
16x9x24,1000,267,13.1521,3456000,3.14931,0,34,65.5671,0
16x9x24,1000,268,12.5878,3456000,3.14931,0,34,65.5671,0
16x9x24,1000,269,12.2439,3456000,3.14931,0,34,65.5671,0
16x9x24,1000,270,12.1922,3456000,3.14931,0,34,65.5671,0
16x9x24,1000,271,12.2161,3456000,3.14931,0,34,65.5671,0
16x9x24,1000,272,12.7301,3456000,3.14931,0,34,65.5671,0
16x9x24,1000,273,12.4081,3456000,3.14931,0,34,65.5671,0
16x9x24,1000,274,12.7659,3456000,3.14931,0,34,65.5671,0
16x9x24,1000,275,12.1145,3456000,3.14931,0,34,65.5671,0
16x9x24,1000,276,12.7291,3456000,3.14931,0,34,65.5671,0
16x9x24,1000,277,12.0024,3456000,3.14931,0,34,65.5671,0
16x9x24,1000,278,12.8406,3456000,3.14931,0,34,65.5671,0
16x9x24,1000,279,12.0785,3456000,3.14931,0,34,65.5671,0
16x9x24,1000,280,12.3949,3456000,3.14931,0,34,65.5671,0
16x9x24,1000,281,12.7781,3456000,3.14931,0,34,65.5671,0
16x9x24,1000,282,12.1052,3456000,3.14931,0,34,65.5671,0
16x9x24,1000,283,12.6908,3456000,3.14931,0,34,65.5671,0
16x9x24,1000,284,11.5952,3456000,3.14931,0,34,65.5671,0
16x9x24,1000,285,11.8911,3456000,3.14931,0,34,65.5671,0
16x9x24,1000,286,12.0712,3456000,3.14931,0,34,65.5671,0
16x9x24,1000,287,11.9947,3456000,3.14931,0,34,65.5671,0
16x9x24,1000,288,12.4556,3456000,3.14931,0,34,65.5671,0
16x9x24,1000,289,12.0947,3456000,3.14931,0,34,65.5671,0
16x9x24,1000,290,11.6405,3456000,3.14931,0,34,65.5671,0
16x9x24,1000,291,12.5276,3456000,3.14931,0,34,65.5671,0
16x9x24,1000,292,11.7506,3456000,3.14931,0,34,65.5671,0
16x9x24,1000,293,12.3579,3456000,3.14931,0,34,65.5671,0
16x9x24,1000,294,12.6207,3456000,3.14931,0,34,65.5671,0
16x9x24,1000,295,13.2172,3456000,3.14931,0,34,65.5671,0
16x9x24,1000,296,13.2476,3456000,3.14931,0,34,65.5671,0
16x9x24,1000,297,13.8701,3456000,3.14931,0,34,65.5671,0
16x9x24,1000,298,12.1455,3456000,3.14931,0,34,65.5671,0
16x9x24,1000,299,13.6359,3456000,3.14931,0,34,65.5671,0
16x9x24,1000,300,12.619,3456000,3.14931,0,34,65.5671,0
16x9x24,1000,301,13.1029,3456000,3.14931,0,34,65.5671,0
16x9x24,1000,302,11.7565,3456000,3.14931,0,34,65.5671,0
16x9x24,1000,303,12.8409,3456000,3.14931,0,34,65.5671,0
16x9x24,1000,304,11.9077,3456000,3.14931,0,34,65.5671,0
16x9x24,1000,305,13.3404,3456000,3.14931,0,34,65.5671,0
16x9x24,1000,306,13.1177,3456000,3.14931,0,34,65.5671,0
16x9x24,1000,307,12.7179,3456000,3.14931,0,34,65.5671,0
16x9x24,1000,308,12.7927,3456000,3.14931,0,34,65.5671,0
16x9x24,1000,309,14.6004,3456000,3.14931,0,34,65.5671,0
16x9x24,1000,310,13.8003,3456000,3.14931,0,34,65.5671,0
16x9x24,1000,311,11.5766,3456000,3.14931,0,34,65.5671,0
16x9x24,1000,312,12.4515,3456000,3.14931,0,34,65.5671,0
16x9x24,1000,313,13.3809,3456000,3.14931,0,34,65.5671,0
16x9x24,1000,314,11.8551,3456000,3.14931,0,34,65.5671,0
16x9x24,1000,315,12.2481,3456000,3.14931,0,34,65.5671,0
16x9x24,1000,316,14.1733,3456000,3.14931,0,34,65.5671,0
16x9x24,1000,317,14.7893,3456000,3.14931,0,34,65.5671,0
16x9x24,1000,318,15.1231,3456000,3.14931,0,34,65.5671,0
16x9x24,1000,319,13.2663,3456000,3.14931,0,34,65.5671,0
16x9x24,1000,320,14.6724,3456000,3.14931,0,34,65.5671,0
16x9x24,1000,321,13.8073,3456000,3.14931,0,34,65.5671,0
16x9x24,1000,322,12.7806,3456000,3.14931,0,34,65.5671,0
16x9x24,1000,323,12.9457,3456000,3.14931,0,34,65.5671,0
16x9x24,1000,324,12.5337,3456000,3.14931,0,34,65.5671,0
16x9x24,1000,325,13.243,3456000,3.14931,0,34,65.5671,0
16x9x24,1000,326,13.099,3456000,3.14931,0,34,65.5671,0
16x9x24,1000,327,11.914,3456000,3.14931,0,34,65.5671,0
16x9x24,1000,328,11.8377,3456000,3.14931,0,34,65.5671,0
16x9x24,1000,329,13.8727,3456000,3.14931,0,34,65.5671,0
16x9x24,1000,330,12.3303,3456000,3.14931,0,34,65.5671,0
16x9x24,1000,331,11.875,3456000,3.14931,0,34,65.5671,0
16x9x24,1000,332,12.5049,3456000,3.14931,0,34,65.5671,0
16x9x24,1000,333,12.685,3456000,3.14931,0,34,65.5671,0
16x9x24,1000,334,13.2528,3456000,3.14931,0,34,65.5671,0
16x9x24,1000,335,12.4223,3456000,3.14931,0,34,65.5671,0
16x9x24,1000,336,13.2149,3456000,3.14931,0,34,65.5671,0
16x9x24,1000,337,12.1243,3456000,3.14931,0,34,65.5671,0
16x9x24,1000,338,13.1544,3456000,3.14931,0,34,65.5671,0
16x9x24,1000,339,11.4917,3456000,3.14931,0,34,65.5671,0
16x9x24,1000,340,12.9334,3456000,3.14931,0,34,65.5671,0
16x9x24,1000,341,12.7693,3456000,3.14931,0,34,65.5671,0
16x9x24,1000,342,12.8859,3456000,3.14931,0,34,65.5671,0
16x9x24,1000,343,11.6901,3456000,3.14931,0,34,65.5671,0
16x9x24,1000,344,12.6457,3456000,3.14931,0,34,65.5671,0
16x9x24,1000,345,12.6199,3456000,3.14931,0,34,65.5671,0
16x9x24,1000,346,12.1137,3456000,3.14931,0,34,65.5671,0
16x9x24,1000,347,11.6199,3456000,3.14931,0,34,65.5671,0
16x9x24,1000,348,12.4918,3456000,3.14931,0,34,65.5671,0
16x9x24,1000,349,12.4107,3456000,3.14931,0,34,65.5671,0
16x9x24,1000,350,11.712,3456000,3.14931,0,34,65.5671,0
16x9x24,1000,351,12.0597,3456000,3.14931,0,34,65.5671,0
16x9x24,1000,352,12.5311,3456000,3.14931,0,34,65.5671,0
16x9x24,1000,353,11.9932,3456000,3.14931,0,34,65.5671,0
16x9x24,1000,354,13.1424,3456000,3.14931,0,34,65.5671,0
16x9x24,1000,355,11.9409,3456000,3.14931,0,34,65.5671,0
16x9x24,1000,356,11.9313,3456000,3.14931,0,34,65.5671,0
16x9x24,1000,357,12.6362,3456000,3.14931,0,34,65.5671,0
16x9x24,1000,358,12.2981,3456000,3.14931,0,34,65.5671,0
16x9x24,1000,359,12.5222,3456000,3.14931,0,34,65.5671,0
16x9x24,1000,360,11.5524,3456000,3.14931,0,34,65.5671,0
16x9x24,1000,361,13.6408,3456000,3.14931,0,34,65.5671,0
16x9x24,1000,362,12.5995,3456000,3.14931,0,34,65.5671,0
16x9x24,1000,363,12.4768,3456000,3.14931,0,34,65.5671,0
16x9x24,1000,364,12.2417,3456000,3.14931,0,34,65.5671,0
16x9x24,1000,365,12.6901,3456000,3.14931,0,34,65.5671,0
16x9x24,1000,366,12.3785,3456000,3.14931,0,34,65.5671,0
16x9x24,1000,367,12.6066,3456000,3.14931,0,34,65.5671,0
16x9x24,1000,368,12.0906,3456000,3.14931,0,34,65.5671,0
16x9x24,1000,369,13.2401,3456000,3.14931,0,34,65.5671,0
16x9x24,1000,370,12.5852,3456000,3.14931,0,34,65.5671,0
16x9x24,1000,371,12.104,3456000,3.14931,0,34,65.5671,0
16x9x24,1000,372,12.7317,3456000,3.14931,0,34,65.5671,0
16x9x24,1000,373,14.6174,3456000,3.14931,0,34,65.5671,0
16x9x24,1000,374,15.0063,3456000,3.14931,0,34,65.5671,0
16x9x24,1000,375,14.5571,3456000,3.14931,0,34,65.5671,0
16x9x24,1000,376,17.3596,3456000,3.14931,0,34,65.5671,0
16x9x24,1000,377,15.364,3456000,3.14931,0,34,65.5671,0
16x9x24,1000,378,11.1297,3456000,3.14931,0,34,65.5671,0
16x9x24,1000,379,12.3433,3456000,3.14931,0,34,65.5671,0
16x9x24,1000,380,11.7891,3456000,3.14931,0,34,65.5671,0
16x9x24,1000,381,11.5716,3456000,3.14931,0,34,65.5671,0
16x9x24,1000,382,11.9136,3456000,3.14931,0,34,65.5671,0
16x9x24,1000,383,12.0159,3456000,3.14931,0,34,65.5671,0
32x18x64,100,0,13.024,3686400,0.167209,0,4,86.9141,0
32x18x64,100,1,12.2595,3686400,0.167209,0,4,86.9141,0
32x18x64,100,2,12.6196,3686400,0.167209,0,4,86.9141,0
32x18x64,100,3,13.031,3686400,0.167209,0,4,86.9141,0
32x18x64,100,4,12.5002,3686400,0.167209,0,4,86.9141,0
32x18x64,100,5,12.3811,3686400,0.167209,0,4,86.9141,0
32x18x64,100,6,12.8848,3686400,0.167209,0,4,86.9141,0
32x18x64,100,7,12.6799,3686400,0.167209,0,4,86.9141,0
32x18x64,100,8,13.3593,3686400,0.167209,0,4,86.9141,0
32x18x64,100,9,13.3546,3686400,0.167209,0,4,86.9141,0
32x18x64,100,10,12.7218,3686400,0.167209,0,4,86.9141,0
32x18x64,100,11,12.8695,3686400,0.167209,0,4,86.9141,0
32x18x64,100,12,12.8783,3686400,0.167209,0,4,86.9141,0
32x18x64,100,13,12.7517,3686400,0.167209,0,4,86.9141,0
32x18x64,100,14,12.586,3686400,0.167209,0,4,86.9141,0
32x18x64,100,15,13.2361,3686400,0.167209,0,4,86.9141,0
32x18x64,100,16,12.9226,3686400,0.167209,0,4,86.9141,0
32x18x64,100,17,13.6929,3686400,0.167209,0,4,86.9141,0
32x18x64,100,18,13.416,3686400,0.167209,0,4,86.9141,0
32x18x64,100,19,13.005,3686400,0.167209,0,4,86.9141,0
32x18x64,100,20,12.8193,3686400,0.167209,0,4,86.9141,0
32x18x64,100,21,13.1309,3686400,0.167209,0,4,86.9141,0
32x18x64,100,22,12.6801,3686400,0.167209,0,4,86.9141,0
32x18x64,100,23,13.349,3686400,0.167209,0,4,86.9141,0
32x18x64,100,24,12.5491,3686400,0.167209,0,4,86.9141,0
32x18x64,100,25,12.9933,3686400,0.167209,0,4,86.9141,0
32x18x64,100,26,12.8602,3686400,0.167209,0,4,86.9141,0
32x18x64,100,27,12.5476,3686400,0.167209,0,4,86.9141,0
32x18x64,100,28,13.4702,3686400,0.167209,0,4,86.9141,0
32x18x64,100,29,13.3056,3686400,0.167209,0,4,86.9141,0
32x18x64,100,30,12.8707,3686400,0.167209,0,4,86.9141,0
32x18x64,100,31,12.5603,3686400,0.167209,0,4,86.9141,0
32x18x64,100,32,13.8361,3686400,0.167209,0,4,86.9141,0
32x18x64,100,33,12.611,3686400,0.167209,0,4,86.9141,0
32x18x64,100,34,12.618,3686400,0.167209,0,4,86.9141,0
32x18x64,100,35,13.5489,3686400,0.167209,0,4,86.9141,0
32x18x64,100,36,13.59,3686400,0.167209,0,4,86.9141,0
32x18x64,100,37,13.3322,3686400,0.167209,0,4,86.9141,0
32x18x64,100,38,12.5529,3686400,0.167209,0,4,86.9141,0
32x18x64,100,39,14.0536,3686400,0.167209,0,4,86.9141,0
32x18x64,100,40,14.4199,3686400,0.167209,0,4,86.9141,0
32x18x64,100,41,13.2763,3686400,0.167209,0,4,86.9141,0
32x18x64,100,42,14.7591,3686400,0.167209,0,4,86.9141,0
32x18x64,100,43,14.4747,3686400,0.167209,0,4,86.9141,0
32x18x64,100,44,13.1983,3686400,0.167209,0,4,86.9141,0
32x18x64,100,45,13.2675,3686400,0.167209,0,4,86.9141,0
32x18x64,100,46,13.0302,3686400,0.167209,0,4,86.9141,0
32x18x64,100,47,13.3493,3686400,0.167209,0,4,86.9141,0
32x18x64,100,48,14.4118,3686400,0.167209,0,4,86.9141,0
32x18x64,100,49,12.2556,3686400,0.167209,0,4,86.9141,0
32x18x64,100,50,11.8092,3686400,0.167209,0,4,86.9141,0
32x18x64,100,51,12.6155,3686400,0.167209,0,4,86.9141,0
32x18x64,100,52,12.4905,3686400,0.167209,0,4,86.9141,0
32x18x64,100,53,16.2981,3686400,0.167209,0,4,86.9141,0
32x18x64,100,54,12.3122,3686400,0.167209,0,4,86.9141,0
32x18x64,100,55,13.9214,3686400,0.167209,0,4,86.9141,0
32x18x64,100,56,15.036,3686400,0.167209,0,4,86.9141,0
32x18x64,100,57,14.8369,3686400,0.167209,0,4,86.9141,0
32x18x64,100,58,13.8112,3686400,0.167209,0,4,86.9141,0
32x18x64,100,59,15.449,3686400,0.167209,0,4,86.9141,0
32x18x64,100,60,14.3718,3686400,0.167209,0,4,86.9141,0
32x18x64,100,61,13.8018,3686400,0.167209,0,4,86.9141,0
32x18x64,100,62,12.7065,3686400,0.167209,0,4,86.9141,0
32x18x64,100,63,14.3137,3686400,0.167209,0,4,86.9141,0
32x18x64,100,64,14.4782,3686400,0.167209,0,4,86.9141,0
32x18x64,100,65,13.462,3686400,0.167209,0,4,86.9141,0
32x18x64,100,66,13.3292,3686400,0.167209,0,4,86.9141,0
32x18x64,100,67,12.0523,3686400,0.167209,0,4,86.9141,0
32x18x64,100,68,13.2422,3686400,0.167209,0,4,86.9141,0
32x18x64,100,69,12.3219,3686400,0.167209,0,4,86.9141,0
32x18x64,100,70,13.5359,3686400,0.167209,0,4,86.9141,0
32x18x64,100,71,12.3305,3686400,0.167209,0,4,86.9141,0
32x18x64,100,72,12.2679,3686400,0.167209,0,4,86.9141,0
32x18x64,100,73,12.1794,3686400,0.167209,0,4,86.9141,0
32x18x64,100,74,12.5371,3686400,0.167209,0,4,86.9141,0
32x18x64,100,75,12.528,3686400,0.167209,0,4,86.9141,0
32x18x64,100,76,12.6506,3686400,0.167209,0,4,86.9141,0
32x18x64,100,77,14.4682,3686400,0.167209,0,4,86.9141,0
32x18x64,100,78,13.5913,3686400,0.167209,0,4,86.9141,0
32x18x64,100,79,13.59,3686400,0.167209,0,4,86.9141,0
32x18x64,100,80,12.2583,3686400,0.167209,0,4,86.9141,0
32x18x64,100,81,12.2684,3686400,0.167209,0,4,86.9141,0
32x18x64,100,82,12.8893,3686400,0.167209,0,4,86.9141,0
32x18x64,100,83,12.7814,3686400,0.167209,0,4,86.9141,0
32x18x64,100,84,14.7516,3686400,0.167209,0,4,86.9141,0
32x18x64,100,85,15.0189,3686400,0.167209,0,4,86.9141,0
32x18x64,100,86,14.0501,3686400,0.167209,0,4,86.9141,0
32x18x64,100,87,14.7404,3686400,0.167209,0,4,86.9141,0
32x18x64,100,88,14.5749,3686400,0.167209,0,4,86.9141,0
32x18x64,100,89,12.9773,3686400,0.167209,0,4,86.9141,0
32x18x64,100,90,13.5863,3686400,0.167209,0,4,86.9141,0
32x18x64,100,91,12.1605,3686400,0.167209,0,4,86.9141,0
32x18x64,100,92,12.2049,3686400,0.167209,0,4,86.9141,0
32x18x64,100,93,12.9703,3686400,0.167209,0,4,86.9141,0
32x18x64,100,94,11.953,3686400,0.167209,0,4,86.9141,0
32x18x64,100,95,12.2673,3686400,0.167209,0,4,86.9141,0
32x18x64,100,96,12.5541,3686400,0.167209,0,4,86.9141,0
32x18x64,100,97,12.9374,3686400,0.167209,0,4,86.9141,0
32x18x64,100,98,12.8796,3686400,0.167209,0,4,86.9141,0
32x18x64,100,99,12.9991,3686400,0.167209,0,4,86.9141,0
32x18x64,100,100,11.7876,3686400,0.167209,0,4,86.9141,0
32x18x64,100,101,12.8298,3686400,0.167209,0,4,86.9141,0
32x18x64,100,102,14.1027,3686400,0.167209,0,4,86.9141,0
32x18x64,100,103,13.8181,3686400,0.167209,0,4,86.9141,0
32x18x64,100,104,12.5464,3686400,0.167209,0,4,86.9141,0
32x18x64,100,105,12.2713,3686400,0.167209,0,4,86.9141,0
32x18x64,100,106,12.6631,3686400,0.167209,0,4,86.9141,0
32x18x64,100,107,12.7699,3686400,0.167209,0,4,86.9141,0
32x18x64,100,108,12.0311,3686400,0.167209,0,4,86.9141,0
32x18x64,100,109,12.866,3686400,0.167209,0,4,86.9141,0
32x18x64,100,110,13.4135,3686400,0.167209,0,4,86.9141,0
32x18x64,100,111,12.5231,3686400,0.167209,0,4,86.9141,0
32x18x64,100,112,12.3113,3686400,0.167209,0,4,86.9141,0
32x18x64,100,113,12.3368,3686400,0.167209,0,4,86.9141,0
32x18x64,100,114,12.5759,3686400,0.167209,0,4,86.9141,0
32x18x64,100,115,12.0841,3686400,0.167209,0,4,86.9141,0
32x18x64,100,116,12.2352,3686400,0.167209,0,4,86.9141,0
32x18x64,100,117,12.364,3686400,0.167209,0,4,86.9141,0
32x18x64,100,118,13.2016,3686400,0.167209,0,4,86.9141,0
32x18x64,100,119,12.2756,3686400,0.167209,0,4,86.9141,0
32x18x64,100,120,14.2928,3686400,0.167209,0,4,86.9141,0
32x18x64,100,121,13.125,3686400,0.167209,0,4,86.9141,0
32x18x64,100,122,12.9754,3686400,0.167209,0,4,86.9141,0
32x18x64,100,123,12.2744,3686400,0.167209,0,4,86.9141,0
32x18x64,100,124,12.5701,3686400,0.167209,0,4,86.9141,0
32x18x64,100,125,14.1963,3686400,0.167209,0,4,86.9141,0
32x18x64,100,126,12.6512,3686400,0.167209,0,4,86.9141,0
32x18x64,100,127,12.8148,3686400,0.167209,0,4,86.9141,0
32x18x64,100,128,12.9504,3686400,0.167209,0,4,86.9141,0
32x18x64,100,129,13.2046,3686400,0.167209,0,4,86.9141,0
32x18x64,100,130,13.9269,3686400,0.167209,0,4,86.9141,0
32x18x64,100,131,12.2646,3686400,0.167209,0,4,86.9141,0
32x18x64,100,132,13.8971,3686400,0.167209,0,4,86.9141,0
32x18x64,100,133,12.7892,3686400,0.167209,0,4,86.9141,0
32x18x64,100,134,13.0955,3686400,0.167209,0,4,86.9141,0
32x18x64,100,135,13.8891,3686400,0.167209,0,4,86.9141,0
32x18x64,100,136,13.7084,3686400,0.167209,0,4,86.9141,0
32x18x64,100,137,12.8384,3686400,0.167209,0,4,86.9141,0
32x18x64,100,138,14.0558,3686400,0.167209,0,4,86.9141,0
32x18x64,100,139,14.0829,3686400,0.167209,0,4,86.9141,0
32x18x64,100,140,14.3756,3686400,0.167209,0,4,86.9141,0
32x18x64,100,141,13.5962,3686400,0.167209,0,4,86.9141,0
32x18x64,100,142,13.008,3686400,0.167209,0,4,86.9141,0
32x18x64,100,143,13.5162,3686400,0.167209,0,4,86.9141,0
32x18x64,100,144,14.0327,3686400,0.167209,0,4,86.9141,0
32x18x64,100,145,13.8898,3686400,0.167209,0,4,86.9141,0
32x18x64,100,146,14.5393,3686400,0.167209,0,4,86.9141,0
32x18x64,100,147,13.6828,3686400,0.167209,0,4,86.9141,0
32x18x64,100,148,14.4191,3686400,0.167209,0,4,86.9141,0
32x18x64,100,149,13.3864,3686400,0.167209,0,4,86.9141,0
32x18x64,100,150,12.8894,3686400,0.167209,0,4,86.9141,0
32x18x64,100,151,12.1674,3686400,0.167209,0,4,86.9141,0
32x18x64,100,152,13.1144,3686400,0.167209,0,4,86.9141,0
32x18x64,100,153,12.7033,3686400,0.167209,0,4,86.9141,0
32x18x64,100,154,13.2168,3686400,0.167209,0,4,86.9141,0
32x18x64,100,155,13.8966,3686400,0.167209,0,4,86.9141,0
32x18x64,100,156,13.9398,3686400,0.167209,0,4,86.9141,0
32x18x64,100,157,13.9333,3686400,0.167209,0,4,86.9141,0
32x18x64,100,158,14.2814,3686400,0.167209,0,4,86.9141,0
32x18x64,100,159,12.6578,3686400,0.167209,0,4,86.9141,0
32x18x64,100,160,13.604,3686400,0.167209,0,4,86.9141,0
32x18x64,100,161,15.1115,3686400,0.167209,0,4,86.9141,0
32x18x64,100,162,15.2755,3686400,0.167209,0,4,86.9141,0
32x18x64,100,163,15.7434,3686400,0.167209,0,4,86.9141,0
32x18x64,100,164,15.3059,3686400,0.167209,0,4,86.9141,0
32x18x64,100,165,12.2092,3686400,0.167209,0,4,86.9141,0
32x18x64,100,166,13.9263,3686400,0.167209,0,4,86.9141,0
32x18x64,100,167,13.1195,3686400,0.167209,0,4,86.9141,0
32x18x64,100,168,13.3012,3686400,0.167209,0,4,86.9141,0
32x18x64,100,169,14.588,3686400,0.167209,0,4,86.9141,0
32x18x64,100,170,13.4429,3686400,0.167209,0,4,86.9141,0
32x18x64,100,171,12.0486,3686400,0.167209,0,4,86.9141,0
32x18x64,100,172,13.0674,3686400,0.167209,0,4,86.9141,0
32x18x64,100,173,13.4482,3686400,0.167209,0,4,86.9141,0
32x18x64,100,174,14.5619,3686400,0.167209,0,4,86.9141,0
32x18x64,100,175,13.56,3686400,0.167209,0,4,86.9141,0
32x18x64,100,176,13.704,3686400,0.167209,0,4,86.9141,0
32x18x64,100,177,13.3285,3686400,0.167209,0,4,86.9141,0
32x18x64,100,178,12.7185,3686400,0.167209,0,4,86.9141,0
32x18x64,100,179,13.1183,3686400,0.167209,0,4,86.9141,0
32x18x64,100,180,12.6966,3686400,0.167209,0,4,86.9141,0
32x18x64,100,181,12.9263,3686400,0.167209,0,4,86.9141,0
32x18x64,100,182,14.8664,3686400,0.167209,0,4,86.9141,0
32x18x64,100,183,14.4898,3686400,0.167209,0,4,86.9141,0
32x18x64,100,184,14.049,3686400,0.167209,0,4,86.9141,0
32x18x64,100,185,13.4817,3686400,0.167209,0,4,86.9141,0
32x18x64,100,186,12.5744,3686400,0.167209,0,4,86.9141,0
32x18x64,100,187,12.1196,3686400,0.167209,0,4,86.9141,0
32x18x64,100,188,14.0132,3686400,0.167209,0,4,86.9141,0
32x18x64,100,189,13.007,3686400,0.167209,0,4,86.9141,0
32x18x64,100,190,12.906,3686400,0.167209,0,4,86.9141,0
32x18x64,100,191,15.6536,3686400,0.167209,0,4,86.9141,0
32x18x64,100,192,14.2064,3686400,0.167209,0,4,86.9141,0
32x18x64,100,193,12.5211,3686400,0.167209,0,4,86.9141,0
32x18x64,100,194,13.2515,3686400,0.167209,0,4,86.9141,0
32x18x64,100,195,13.0718,3686400,0.167209,0,4,86.9141,0
32x18x64,100,196,13.717,3686400,0.167209,0,4,86.9141,0
32x18x64,100,197,12.0549,3686400,0.167209,0,4,86.9141,0
32x18x64,100,198,12.807,3686400,0.167209,0,4,86.9141,0
32x18x64,100,199,12.5039,3686400,0.167209,0,4,86.9141,0
32x18x64,100,200,12.2685,3686400,0.167209,0,4,86.9141,0
32x18x64,100,201,12.5361,3686400,0.167209,0,4,86.9141,0
32x18x64,100,202,20.535,3686400,0.167209,0,4,86.9141,0
32x18x64,100,203,15.7973,3686400,0.167209,0,4,86.9141,0
32x18x64,100,204,13.8185,3686400,0.167209,0,4,86.9141,0
32x18x64,100,205,14.1587,3686400,0.167209,0,4,86.9141,0
32x18x64,100,206,13.6286,3686400,0.167209,0,4,86.9141,0
32x18x64,100,207,12.8823,3686400,0.167209,0,4,86.9141,0
32x18x64,100,208,12.9096,3686400,0.167209,0,4,86.9141,0
32x18x64,100,209,12.5831,3686400,0.167209,0,4,86.9141,0
32x18x64,100,210,13.3363,3686400,0.167209,0,4,86.9141,0
32x18x64,100,211,13.2159,3686400,0.167209,0,4,86.9141,0
32x18x64,100,212,12.2081,3686400,0.167209,0,4,86.9141,0
32x18x64,100,213,12.756,3686400,0.167209,0,4,86.9141,0
32x18x64,100,214,12.9271,3686400,0.167209,0,4,86.9141,0
32x18x64,100,215,13.3567,3686400,0.167209,0,4,86.9141,0
32x18x64,100,216,13.1102,3686400,0.167209,0,4,86.9141,0
32x18x64,100,217,13.9611,3686400,0.167209,0,4,86.9141,0
32x18x64,100,218,13.2725,3686400,0.167209,0,4,86.9141,0
32x18x64,100,219,14.1348,3686400,0.167209,0,4,86.9141,0
32x18x64,100,220,12.757,3686400,0.167209,0,4,86.9141,0
32x18x64,100,221,12.6346,3686400,0.167209,0,4,86.9141,0
32x18x64,100,222,13.4001,3686400,0.167209,0,4,86.9141,0
32x18x64,100,223,12.7265,3686400,0.167209,0,4,86.9141,0
32x18x64,100,224,12.3073,3686400,0.167209,0,4,86.9141,0
32x18x64,100,225,12.7809,3686400,0.167209,0,4,86.9141,0
32x18x64,100,226,13.2471,3686400,0.167209,0,4,86.9141,0
32x18x64,100,227,13.3844,3686400,0.167209,0,4,86.9141,0
32x18x64,100,228,12.8861,3686400,0.167209,0,4,86.9141,0
32x18x64,100,229,13.4976,3686400,0.167209,0,4,86.9141,0
32x18x64,100,230,12.8928,3686400,0.167209,0,4,86.9141,0
32x18x64,100,231,13.2082,3686400,0.167209,0,4,86.9141,0
32x18x64,100,232,13.2176,3686400,0.167209,0,4,86.9141,0
32x18x64,100,233,12.9347,3686400,0.167209,0,4,86.9141,0
32x18x64,100,234,12.572,3686400,0.167209,0,4,86.9141,0
32x18x64,100,235,12.8817,3686400,0.167209,0,4,86.9141,0
32x18x64,100,236,13.9345,3686400,0.167209,0,4,86.9141,0
32x18x64,100,237,12.7642,3686400,0.167209,0,4,86.9141,0
32x18x64,100,238,12.1455,3686400,0.167209,0,4,86.9141,0
32x18x64,100,239,13.6057,3686400,0.167209,0,4,86.9141,0
32x18x64,100,240,13.3436,3686400,0.167209,0,4,86.9141,0
32x18x64,100,241,12.4828,3686400,0.167209,0,4,86.9141,0
32x18x64,100,242,12.632,3686400,0.167209,0,4,86.9141,0
32x18x64,100,243,12.0323,3686400,0.167209,0,4,86.9141,0
32x18x64,100,244,13.5403,3686400,0.167209,0,4,86.9141,0
32x18x64,100,245,12.9601,3686400,0.167209,0,4,86.9141,0
32x18x64,100,246,12.6543,3686400,0.167209,0,4,86.9141,0
32x18x64,100,247,12.9572,3686400,0.167209,0,4,86.9141,0
32x18x64,100,248,13.791,3686400,0.167209,0,4,86.9141,0
32x18x64,100,249,12.6449,3686400,0.167209,0,4,86.9141,0
32x18x64,100,250,12.5149,3686400,0.167209,0,4,86.9141,0
32x18x64,100,251,13.1183,3686400,0.167209,0,4,86.9141,0
32x18x64,100,252,13.2659,3686400,0.167209,0,4,86.9141,0
32x18x64,100,253,12.1151,3686400,0.167209,0,4,86.9141,0
32x18x64,100,254,14.3691,3686400,0.167209,0,4,86.9141,0
32x18x64,100,255,14.8955,3686400,0.167209,0,4,86.9141,0
32x18x64,100,256,14.4879,3686400,0.167209,0,4,86.9141,0
32x18x64,100,257,13.2279,3686400,0.167209,0,4,86.9141,0
32x18x64,100,258,13.9573,3686400,0.167209,0,4,86.9141,0
32x18x64,100,259,13.0322,3686400,0.167209,0,4,86.9141,0
32x18x64,100,260,12.8702,3686400,0.167209,0,4,86.9141,0
32x18x64,100,261,13.1804,3686400,0.167209,0,4,86.9141,0
32x18x64,100,262,11.9856,3686400,0.167209,0,4,86.9141,0
32x18x64,100,263,14.2858,3686400,0.167209,0,4,86.9141,0
32x18x64,100,264,12.4675,3686400,0.167209,0,4,86.9141,0
32x18x64,100,265,12.6649,3686400,0.167209,0,4,86.9141,0
32x18x64,100,266,12.5471,3686400,0.167209,0,4,86.9141,0
32x18x64,100,267,14.1372,3686400,0.167209,0,4,86.9141,0
32x18x64,100,268,13.4159,3686400,0.167209,0,4,86.9141,0
32x18x64,100,269,13.7253,3686400,0.167209,0,4,86.9141,0
32x18x64,100,270,12.9022,3686400,0.167209,0,4,86.9141,0
32x18x64,100,271,13.0933,3686400,0.167209,0,4,86.9141,0
32x18x64,100,272,13.0275,3686400,0.167209,0,4,86.9141,0
32x18x64,100,273,13.5085,3686400,0.167209,0,4,86.9141,0
32x18x64,100,274,18.9053,3686400,0.167209,0,4,86.9141,0
32x18x64,100,275,23.9469,3686400,0.167209,0,4,86.9141,0
32x18x64,100,276,12.5914,3686400,0.167209,0,4,86.9141,0
32x18x64,100,277,12.4388,3686400,0.167209,0,4,86.9141,0
32x18x64,100,278,13.8051,3686400,0.167209,0,4,86.9141,0
32x18x64,100,279,13.3181,3686400,0.167209,0,4,86.9141,0
32x18x64,100,280,15.129,3686400,0.167209,0,4,86.9141,0
32x18x64,100,281,13.0848,3686400,0.167209,0,4,86.9141,0
32x18x64,100,282,13.2813,3686400,0.167209,0,4,86.9141,0
32x18x64,100,283,13.5988,3686400,0.167209,0,4,86.9141,0
32x18x64,100,284,13.13,3686400,0.167209,0,4,86.9141,0
32x18x64,100,285,12.6373,3686400,0.167209,0,4,86.9141,0
32x18x64,100,286,13.164,3686400,0.167209,0,4,86.9141,0
32x18x64,100,287,13.1953,3686400,0.167209,0,4,86.9141,0
32x18x64,100,288,14.7478,3686400,0.167209,0,4,86.9141,0
32x18x64,100,289,12.1563,3686400,0.167209,0,4,86.9141,0
32x18x64,100,290,12.4698,3686400,0.167209,0,4,86.9141,0
32x18x64,100,291,12.6424,3686400,0.167209,0,4,86.9141,0
32x18x64,100,292,12.4764,3686400,0.167209,0,4,86.9141,0
32x18x64,100,293,12.048,3686400,0.167209,0,4,86.9141,0
32x18x64,100,294,13.0924,3686400,0.167209,0,4,86.9141,0
32x18x64,100,295,14.2857,3686400,0.167209,0,4,86.9141,0
32x18x64,100,296,12.7825,3686400,0.167209,0,4,86.9141,0
32x18x64,100,297,13.8228,3686400,0.167209,0,4,86.9141,0
32x18x64,100,298,12.7605,3686400,0.167209,0,4,86.9141,0
32x18x64,100,299,12.9013,3686400,0.167209,0,4,86.9141,0
32x18x64,100,300,12.5988,3686400,0.167209,0,4,86.9141,0
32x18x64,100,301,12.5357,3686400,0.167209,0,4,86.9141,0
32x18x64,100,302,12.7131,3686400,0.167209,0,4,86.9141,0
32x18x64,100,303,12.5353,3686400,0.167209,0,4,86.9141,0
32x18x64,100,304,13.1544,3686400,0.167209,0,4,86.9141,0
32x18x64,100,305,12.4446,3686400,0.167209,0,4,86.9141,0
32x18x64,100,306,13.0783,3686400,0.167209,0,4,86.9141,0
32x18x64,100,307,12.7346,3686400,0.167209,0,4,86.9141,0
32x18x64,100,308,12.5028,3686400,0.167209,0,4,86.9141,0
32x18x64,100,309,12.6229,3686400,0.167209,0,4,86.9141,0
32x18x64,100,310,12.1754,3686400,0.167209,0,4,86.9141,0
32x18x64,100,311,12.8364,3686400,0.167209,0,4,86.9141,0
32x18x64,100,312,13.412,3686400,0.167209,0,4,86.9141,0
32x18x64,100,313,12.697,3686400,0.167209,0,4,86.9141,0
32x18x64,100,314,12.5411,3686400,0.167209,0,4,86.9141,0
32x18x64,100,315,12.2878,3686400,0.167209,0,4,86.9141,0
32x18x64,100,316,12.8416,3686400,0.167209,0,4,86.9141,0
32x18x64,100,317,12.2897,3686400,0.167209,0,4,86.9141,0
32x18x64,100,318,12.9954,3686400,0.167209,0,4,86.9141,0
32x18x64,100,319,12.5587,3686400,0.167209,0,4,86.9141,0
32x18x64,100,320,12.3406,3686400,0.167209,0,4,86.9141,0
32x18x64,100,321,12.3405,3686400,0.167209,0,4,86.9141,0
32x18x64,100,322,12.1629,3686400,0.167209,0,4,86.9141,0
32x18x64,100,323,13.2175,3686400,0.167209,0,4,86.9141,0
32x18x64,100,324,12.1512,3686400,0.167209,0,4,86.9141,0
32x18x64,100,325,12.965,3686400,0.167209,0,4,86.9141,0
32x18x64,100,326,12.2846,3686400,0.167209,0,4,86.9141,0
32x18x64,100,327,13.1937,3686400,0.167209,0,4,86.9141,0
32x18x64,100,328,12.4433,3686400,0.167209,0,4,86.9141,0
32x18x64,100,329,16.0723,3686400,0.167209,0,4,86.9141,0
32x18x64,100,330,15.9793,3686400,0.167209,0,4,86.9141,0
32x18x64,100,331,13.4916,3686400,0.167209,0,4,86.9141,0
32x18x64,100,332,14.9621,3686400,0.167209,0,4,86.9141,0
32x18x64,100,333,17.2948,3686400,0.167209,0,4,86.9141,0
32x18x64,100,334,13.9488,3686400,0.167209,0,4,86.9141,0
32x18x64,100,335,16.5904,3686400,0.167209,0,4,86.9141,0
32x18x64,100,336,17.2302,3686400,0.167209,0,4,86.9141,0
32x18x64,100,337,14.6131,3686400,0.167209,0,4,86.9141,0
32x18x64,100,338,14.056,3686400,0.167209,0,4,86.9141,0
32x18x64,100,339,15.0161,3686400,0.167209,0,4,86.9141,0
32x18x64,100,340,15.2714,3686400,0.167209,0,4,86.9141,0
32x18x64,100,341,16.8977,3686400,0.167209,0,4,86.9141,0
32x18x64,100,342,16.4217,3686400,0.167209,0,4,86.9141,0
32x18x64,100,343,12.8316,3686400,0.167209,0,4,86.9141,0
32x18x64,100,344,14.4448,3686400,0.167209,0,4,86.9141,0
32x18x64,100,345,14.9343,3686400,0.167209,0,4,86.9141,0
32x18x64,100,346,12.5711,3686400,0.167209,0,4,86.9141,0
32x18x64,100,347,12.5032,3686400,0.167209,0,4,86.9141,0
32x18x64,100,348,13.5787,3686400,0.167209,0,4,86.9141,0
32x18x64,100,349,13.3106,3686400,0.167209,0,4,86.9141,0
32x18x64,100,350,14.2854,3686400,0.167209,0,4,86.9141,0
32x18x64,100,351,14.012,3686400,0.167209,0,4,86.9141,0
32x18x64,100,352,12.5664,3686400,0.167209,0,4,86.9141,0
32x18x64,100,353,13.9433,3686400,0.167209,0,4,86.9141,0
32x18x64,100,354,17.7895,3686400,0.167209,0,4,86.9141,0
32x18x64,100,355,13.1341,3686400,0.167209,0,4,86.9141,0
32x18x64,100,356,12.6146,3686400,0.167209,0,4,86.9141,0
32x18x64,100,357,12.0853,3686400,0.167209,0,4,86.9141,0
32x18x64,100,358,13.5626,3686400,0.167209,0,4,86.9141,0
32x18x64,100,359,12.9546,3686400,0.167209,0,4,86.9141,0
32x18x64,100,360,13.9938,3686400,0.167209,0,4,86.9141,0
32x18x64,100,361,13.5275,3686400,0.167209,0,4,86.9141,0
32x18x64,100,362,12.6189,3686400,0.167209,0,4,86.9141,0
32x18x64,100,363,13.4181,3686400,0.167209,0,4,86.9141,0
32x18x64,100,364,13.2664,3686400,0.167209,0,4,86.9141,0
32x18x64,100,365,12.917,3686400,0.167209,0,4,86.9141,0
32x18x64,100,366,13.6656,3686400,0.167209,0,4,86.9141,0
32x18x64,100,367,13.4435,3686400,0.167209,0,4,86.9141,0
32x18x64,100,368,13.4249,3686400,0.167209,0,4,86.9141,0
32x18x64,100,369,12.2988,3686400,0.167209,0,4,86.9141,0
32x18x64,100,370,13.277,3686400,0.167209,0,4,86.9141,0
32x18x64,100,371,13.4336,3686400,0.167209,0,4,86.9141,0
32x18x64,100,372,12.3879,3686400,0.167209,0,4,86.9141,0
32x18x64,100,373,12.7398,3686400,0.167209,0,4,86.9141,0
32x18x64,100,374,12.9189,3686400,0.167209,0,4,86.9141,0
32x18x64,100,375,13.3762,3686400,0.167209,0,4,86.9141,0
32x18x64,100,376,13.4195,3686400,0.167209,0,4,86.9141,0
32x18x64,100,377,12.5227,3686400,0.167209,0,4,86.9141,0
32x18x64,100,378,13.3833,3686400,0.167209,0,4,86.9141,0
32x18x64,100,379,14.1289,3686400,0.167209,0,4,86.9141,0
32x18x64,100,380,13.7996,3686400,0.167209,0,4,86.9141,0
32x18x64,100,381,12.7526,3686400,0.167209,0,4,86.9141,0
32x18x64,100,382,12.9909,3686400,0.167209,0,4,86.9141,0
32x18x64,100,383,12.44,3686400,0.167209,0,4,86.9141,0
32x18x64,100,384,12.4265,3686400,0.167209,0,4,86.9141,0
32x18x64,100,385,12.205,3686400,0.167209,0,4,86.9141,0
32x18x64,100,386,14.6957,3686400,0.167209,0,4,86.9141,0
32x18x64,100,387,15.0569,3686400,0.167209,0,4,86.9141,0
32x18x64,100,388,13.3132,3686400,0.167209,0,4,86.9141,0
32x18x64,100,389,12.4241,3686400,0.167209,0,4,86.9141,0
32x18x64,100,390,12.3543,3686400,0.167209,0,4,86.9141,0
32x18x64,100,391,15.7258,3686400,0.167209,0,4,86.9141,0
32x18x64,100,392,11.9154,3686400,0.167209,0,4,86.9141,0
32x18x64,100,393,15.0778,3686400,0.167209,0,4,86.9141,0
32x18x64,100,394,15.8453,3686400,0.167209,0,4,86.9141,0
32x18x64,100,395,13.1822,3686400,0.167209,0,4,86.9141,0
32x18x64,100,396,15.6287,3686400,0.167209,0,4,86.9141,0
32x18x64,100,397,13.9613,3686400,0.167209,0,4,86.9141,0
32x18x64,1000,0,132.873,36864000,1.51674,0,17,63.387,0
32x18x64,1000,1,149.094,36864000,1.51674,0,17,63.387,0
32x18x64,1000,2,126.615,36864000,1.51674,0,17,63.387,0
32x18x64,1000,3,129.48,36864000,1.51674,0,17,63.387,0
32x18x64,1000,4,127.282,36864000,1.51674,0,17,63.387,0
32x18x64,1000,5,128.666,36864000,1.51674,0,17,63.387,0
32x18x64,1000,6,144.061,36864000,1.51674,0,17,63.387,0
32x18x64,1000,7,139.292,36864000,1.51674,0,17,63.387,0
32x18x64,1000,8,143.43,36864000,1.51674,0,17,63.387,0
32x18x64,1000,9,141.617,36864000,1.51674,0,17,63.387,0
32x18x64,1000,10,146.158,36864000,1.51674,0,17,63.387,0
32x18x64,1000,11,130.746,36864000,1.51674,0,17,63.387,0
32x18x64,1000,12,139.458,36864000,1.51674,0,17,63.387,0
32x18x64,1000,13,135.487,36864000,1.51674,0,17,63.387,0
32x18x64,1000,14,132.663,36864000,1.51674,0,17,63.387,0
32x18x64,1000,15,145.028,36864000,1.51674,0,17,63.387,0
32x18x64,1000,16,139.442,36864000,1.51674,0,17,63.387,0
32x18x64,1000,17,150.932,36864000,1.51674,0,17,63.387,0
32x18x64,1000,18,134.012,36864000,1.51674,0,17,63.387,0
32x18x64,1000,19,144.548,36864000,1.51674,0,17,63.387,0
32x18x64,1000,20,148.127,36864000,1.51674,0,17,63.387,0
32x18x64,1000,21,138.7,36864000,1.51674,0,17,63.387,0
32x18x64,1000,22,135.527,36864000,1.51674,0,17,63.387,0
32x18x64,1000,23,130.467,36864000,1.51674,0,17,63.387,0
32x18x64,1000,24,130.547,36864000,1.51674,0,17,63.387,0
32x18x64,1000,25,132.101,36864000,1.51674,0,17,63.387,0
32x18x64,1000,26,136.944,36864000,1.51674,0,17,63.387,0
32x18x64,1000,27,141.306,36864000,1.51674,0,17,63.387,0
32x18x64,1000,28,146.498,36864000,1.51674,0,17,63.387,0
32x18x64,1000,29,133.746,36864000,1.51674,0,17,63.387,0
32x18x64,1000,30,134.344,36864000,1.51674,0,17,63.387,0
32x18x64,1000,31,138.526,36864000,1.51674,0,17,63.387,0
32x18x64,1000,32,136.82,36864000,1.51674,0,17,63.387,0
32x18x64,1000,33,130.943,36864000,1.51674,0,17,63.387,0
32x18x64,1000,34,131.165,36864000,1.51674,0,17,63.387,0
32x18x64,1000,35,147.603,36864000,1.51674,0,17,63.387,0
8x4x12,100,0,0.160899,38400,28.474,29,70,20.0521,0
8x4x12,100,1,0.16425,38400,28.474,29,70,20.0521,0
8x4x12,100,2,0.214319,38400,28.474,29,70,20.0521,0
8x4x12,100,3,0.160259,38400,28.474,29,70,20.0521,0
8x4x12,100,4,0.15871,38400,28.474,29,70,20.0521,0
8x4x12,100,5,0.165199,38400,28.474,29,70,20.0521,0
8x4x12,100,6,0.20961,38400,28.474,29,70,20.0521,0
8x4x12,100,7,0.161529,38400,28.474,29,70,20.0521,0
8x4x12,100,8,0.188069,38400,28.474,29,70,20.0521,0
8x4x12,100,9,0.16124,38400,28.474,29,70,20.0521,0
8x4x12,100,10,0.193659,38400,28.474,29,70,20.0521,0
8x4x12,100,11,0.175119,38400,28.474,29,70,20.0521,0
8x4x12,100,12,0.1936,38400,28.474,29,70,20.0521,0
8x4x12,100,13,0.160249,38400,28.474,29,70,20.0521,0
8x4x12,100,14,0.181849,38400,28.474,29,70,20.0521,0
8x4x12,100,15,0.21195,38400,28.474,29,70,20.0521,0
8x4x12,100,16,0.180659,38400,28.474,29,70,20.0521,0
8x4x12,100,17,0.162749,38400,28.474,29,70,20.0521,0
8x4x12,100,18,0.15993,38400,28.474,29,70,20.0521,0
8x4x12,100,19,0.158079,38400,28.474,29,70,20.0521,0
8x4x12,100,20,0.1597,38400,28.474,29,70,20.0521,0
8x4x12,100,21,0.158949,38400,28.474,29,70,20.0521,0
8x4x12,100,22,0.161879,38400,28.474,29,70,20.0521,0
8x4x12,100,23,0.15839,38400,28.474,29,70,20.0521,0
8x4x12,100,24,0.156949,38400,28.474,29,70,20.0521,0
8x4x12,100,25,0.1559,38400,28.474,29,70,20.0521,0
8x4x12,100,26,0.156899,38400,28.474,29,70,20.0521,0
8x4x12,100,27,0.15839,38400,28.474,29,70,20.0521,0
8x4x12,100,28,0.159669,38400,28.474,29,70,20.0521,0
8x4x12,100,29,0.15783,38400,28.474,29,70,20.0521,0
8x4x12,100,30,0.156369,38400,28.474,29,70,20.0521,0
8x4x12,100,31,0.156349,38400,28.474,29,70,20.0521,0
8x4x12,100,32,0.16206,38400,28.474,29,70,20.0521,0
8x4x12,100,33,0.160689,38400,28.474,29,70,20.0521,0
8x4x12,100,34,0.156,38400,28.474,29,70,20.0521,0
8x4x12,100,35,0.161029,38400,28.474,29,70,20.0521,0
8x4x12,100,36,0.156359,38400,28.474,29,70,20.0521,0
8x4x12,100,37,0.15791,38400,28.474,29,70,20.0521,0
8x4x12,100,38,0.156369,38400,28.474,29,70,20.0521,0
8x4x12,100,39,0.15791,38400,28.474,29,70,20.0521,0
8x4x12,100,40,0.158779,38400,28.474,29,70,20.0521,0
8x4x12,100,41,0.16061,38400,28.474,29,70,20.0521,0
8x4x12,100,42,0.196219,38400,28.474,29,70,20.0521,0
8x4x12,100,43,0.160399,38400,28.474,29,70,20.0521,0
8x4x12,100,44,0.261199,38400,28.474,29,70,20.0521,0
8x4x12,100,45,0.16271,38400,28.474,29,70,20.0521,0
8x4x12,100,46,0.195229,38400,28.474,29,70,20.0521,0
8x4x12,100,47,0.175029,38400,28.474,29,70,20.0521,0
8x4x12,100,48,0.16069,38400,28.474,29,70,20.0521,0
8x4x12,100,49,0.156379,38400,28.474,29,70,20.0521,0
8x4x12,100,50,0.15578,38400,28.474,29,70,20.0521,0
8x4x12,100,51,0.198719,38400,28.474,29,70,20.0521,0
8x4x12,100,52,0.164439,38400,28.474,29,70,20.0521,0
8x4x12,100,53,0.18362,38400,28.474,29,70,20.0521,0
8x4x12,100,54,0.160599,38400,28.474,29,70,20.0521,0
8x4x12,100,55,0.183699,38400,28.474,29,70,20.0521,0
8x4x12,100,56,0.15702,38400,28.474,29,70,20.0521,0
8x4x12,100,57,0.183589,38400,28.474,29,70,20.0521,0
8x4x12,100,58,0.15972,38400,28.474,29,70,20.0521,0
8x4x12,100,59,0.229519,38400,28.474,29,70,20.0521,0
8x4x12,100,60,0.182039,38400,28.474,29,70,20.0521,0
8x4x12,100,61,0.157919,38400,28.474,29,70,20.0521,0
8x4x12,100,62,0.15665,38400,28.474,29,70,20.0521,0
8x4x12,100,63,0.215589,38400,28.474,29,70,20.0521,0
8x4x12,100,64,0.188209,38400,28.474,29,70,20.0521,0
8x4x12,100,65,0.15969,38400,28.474,29,70,20.0521,0
8x4x12,100,66,0.160559,38400,28.474,29,70,20.0521,0
8x4x12,100,67,0.18476,38400,28.474,29,70,20.0521,0
8x4x12,100,68,0.287809,38400,28.474,29,70,20.0521,0
8x4x12,100,69,0.264109,38400,28.474,29,70,20.0521,0
8x4x12,100,70,0.168019,38400,28.474,29,70,20.0521,0
8x4x12,100,71,0.157109,38400,28.474,29,70,20.0521,0
8x4x12,100,72,0.17329,38400,28.474,29,70,20.0521,0
8x4x12,100,73,0.168859,38400,28.474,29,70,20.0521,0
8x4x12,100,74,0.160139,38400,28.474,29,70,20.0521,0
8x4x12,100,75,0.16597,38400,28.474,29,70,20.0521,0
8x4x12,100,76,0.158919,38400,28.474,29,70,20.0521,0
8x4x12,100,77,0.15931,38400,28.474,29,70,20.0521,0
8x4x12,100,78,0.158799,38400,28.474,29,70,20.0521,0
8x4x12,100,79,0.15874,38400,28.474,29,70,20.0521,0
8x4x12,100,80,0.161959,38400,28.474,29,70,20.0521,0
8x4x12,100,81,0.15806,38400,28.474,29,70,20.0521,0
8x4x12,100,82,0.157999,38400,28.474,29,70,20.0521,0
8x4x12,100,83,0.157369,38400,28.474,29,70,20.0521,0
8x4x12,100,84,0.15664,38400,28.474,29,70,20.0521,0
8x4x12,100,85,0.158029,38400,28.474,29,70,20.0521,0
8x4x12,100,86,0.15979,38400,28.474,29,70,20.0521,0
8x4x12,100,87,0.158069,38400,28.474,29,70,20.0521,0
8x4x12,100,88,0.156669,38400,28.474,29,70,20.0521,0
8x4x12,100,89,0.15755,38400,28.474,29,70,20.0521,0
8x4x12,100,90,0.157809,38400,28.474,29,70,20.0521,0
8x4x12,100,91,0.15864,38400,28.474,29,70,20.0521,0
8x4x12,100,92,0.162079,38400,28.474,29,70,20.0521,0
8x4x12,100,93,0.15972,38400,28.474,29,70,20.0521,0
8x4x12,100,94,0.164219,38400,28.474,29,70,20.0521,0
8x4x12,100,95,0.162819,38400,28.474,29,70,20.0521,0
8x4x12,100,96,0.15744,38400,28.474,29,70,20.0521,0
8x4x12,100,97,0.156929,38400,28.474,29,70,20.0521,0
8x4x12,100,98,0.16053,38400,28.474,29,70,20.0521,0
8x4x12,100,99,0.212029,38400,28.474,29,70,20.0521,0
8x4x12,100,100,0.156799,38400,28.474,29,70,20.0521,0
8x4x12,100,101,0.18096,38400,28.474,29,70,20.0521,0
8x4x12,100,102,0.338189,38400,28.474,29,70,20.0521,0
8x4x12,100,103,0.294578,38400,28.474,29,70,20.0521,0
8x4x12,100,104,0.20475,38400,28.474,29,70,20.0521,0
8x4x12,100,105,0.250099,38400,28.474,29,70,20.0521,0
8x4x12,100,106,0.336428,38400,28.474,29,70,20.0521,0
8x4x12,100,107,0.234759,38400,28.474,29,70,20.0521,0
8x4x12,100,108,0.20603,38400,28.474,29,70,20.0521,0
8x4x12,100,109,0.244309,38400,28.474,29,70,20.0521,0
8x4x12,100,110,0.163259,38400,28.474,29,70,20.0521,0
8x4x12,100,111,0.17187,38400,28.474,29,70,20.0521,0
8x4x12,100,112,0.161799,38400,28.474,29,70,20.0521,0
8x4x12,100,113,0.15992,38400,28.474,29,70,20.0521,0
8x4x12,100,114,0.159299,38400,28.474,29,70,20.0521,0
8x4x12,100,115,0.159199,38400,28.474,29,70,20.0521,0
8x4x12,100,116,0.17786,38400,28.474,29,70,20.0521,0
8x4x12,100,117,0.163879,38400,28.474,29,70,20.0521,0
8x4x12,100,118,0.159129,38400,28.474,29,70,20.0521,0
8x4x12,100,119,0.15773,38400,28.474,29,70,20.0521,0
8x4x12,100,120,0.157119,38400,28.474,29,70,20.0521,0
8x4x12,100,121,0.15755,38400,28.474,29,70,20.0521,0
8x4x12,100,122,0.157939,38400,28.474,29,70,20.0521,0
8x4x12,100,123,0.17234,38400,28.474,29,70,20.0521,0
8x4x12,100,124,0.160529,38400,28.474,29,70,20.0521,0
8x4x12,100,125,0.15948,38400,28.474,29,70,20.0521,0
8x4x12,100,126,0.158939,38400,28.474,29,70,20.0521,0
8x4x12,100,127,0.156939,38400,28.474,29,70,20.0521,0
8x4x12,100,128,0.15783,38400,28.474,29,70,20.0521,0
8x4x12,100,129,0.160889,38400,28.474,29,70,20.0521,0
8x4x12,100,130,0.15759,38400,28.474,29,70,20.0521,0
8x4x12,100,131,0.156599,38400,28.474,29,70,20.0521,0
8x4x12,100,132,0.164959,38400,28.474,29,70,20.0521,0
8x4x12,100,133,0.16313,38400,28.474,29,70,20.0521,0
8x4x12,100,134,0.158569,38400,28.474,29,70,20.0521,0
8x4x12,100,135,0.19602,38400,28.474,29,70,20.0521,0
8x4x12,100,136,0.158719,38400,28.474,29,70,20.0521,0
8x4x12,100,137,0.260539,38400,28.474,29,70,20.0521,0
8x4x12,100,138,0.159319,38400,28.474,29,70,20.0521,0
8x4x12,100,139,0.18233,38400,28.474,29,70,20.0521,0
8x4x12,100,140,0.175449,38400,28.474,29,70,20.0521,0
8x4x12,100,141,0.16355,38400,28.474,29,70,20.0521,0
8x4x12,100,142,0.156269,38400,28.474,29,70,20.0521,0
8x4x12,100,143,0.200519,38400,28.474,29,70,20.0521,0
8x4x12,100,144,0.1566,38400,28.474,29,70,20.0521,0
8x4x12,100,145,0.157009,38400,28.474,29,70,20.0521,0
8x4x12,100,146,0.19358,38400,28.474,29,70,20.0521,0
8x4x12,100,147,0.159039,38400,28.474,29,70,20.0521,0
8x4x12,100,148,0.158339,38400,28.474,29,70,20.0521,0
8x4x12,100,149,0.20084,38400,28.474,29,70,20.0521,0
8x4x12,100,150,0.156589,38400,28.474,29,70,20.0521,0
8x4x12,100,151,0.197059,38400,28.474,29,70,20.0521,0
8x4x12,100,152,0.232659,38400,28.474,29,70,20.0521,0
8x4x12,100,153,0.24483,38400,28.474,29,70,20.0521,0
8x4x12,100,154,0.168619,38400,28.474,29,70,20.0521,0
8x4x12,100,155,0.216599,38400,28.474,29,70,20.0521,0
8x4x12,100,156,0.289559,38400,28.474,29,70,20.0521,0
8x4x12,100,157,0.237909,38400,28.474,29,70,20.0521,0
8x4x12,100,158,0.15977,38400,28.474,29,70,20.0521,0
8x4x12,100,159,0.159729,38400,28.474,29,70,20.0521,0
8x4x12,100,160,0.158909,38400,28.474,29,70,20.0521,0
8x4x12,100,161,0.17347,38400,28.474,29,70,20.0521,0
8x4x12,100,162,0.172139,38400,28.474,29,70,20.0521,0
8x4x12,100,163,0.17894,38400,28.474,29,70,20.0521,0
8x4x12,100,164,0.164569,38400,28.474,29,70,20.0521,0
8x4x12,100,165,0.15995,38400,28.474,29,70,20.0521,0
8x4x12,100,166,0.15786,38400,28.474,29,70,20.0521,0
8x4x12,100,167,0.157789,38400,28.474,29,70,20.0521,0
8x4x12,100,168,0.16119,38400,28.474,29,70,20.0521,0
8x4x12,100,169,0.157759,38400,28.474,29,70,20.0521,0
8x4x12,100,170,0.15667,38400,28.474,29,70,20.0521,0
8x4x12,100,171,0.157259,38400,28.474,29,70,20.0521,0
8x4x12,100,172,0.155679,38400,28.474,29,70,20.0521,0
8x4x12,100,173,0.1576,38400,28.474,29,70,20.0521,0
8x4x12,100,174,0.161649,38400,28.474,29,70,20.0521,0
8x4x12,100,175,0.15819,38400,28.474,29,70,20.0521,0
8x4x12,100,176,0.157609,38400,28.474,29,70,20.0521,0
8x4x12,100,177,0.16863,38400,28.474,29,70,20.0521,0
8x4x12,100,178,0.156949,38400,28.474,29,70,20.0521,0
8x4x12,100,179,0.15595,38400,28.474,29,70,20.0521,0
8x4x12,100,180,0.161299,38400,28.474,29,70,20.0521,0
8x4x12,100,181,0.185449,38400,28.474,29,70,20.0521,0
8x4x12,100,182,0.1594,38400,28.474,29,70,20.0521,0
8x4x12,100,183,0.156629,38400,28.474,29,70,20.0521,0
8x4x12,100,184,0.157439,38400,28.474,29,70,20.0521,0
8x4x12,100,185,0.15575,38400,28.474,29,70,20.0521,0
8x4x12,100,186,0.160239,38400,28.474,29,70,20.0521,0
8x4x12,100,187,0.15747,38400,28.474,29,70,20.0521,0
8x4x12,100,188,0.157239,38400,28.474,29,70,20.0521,0
8x4x12,100,189,0.205179,38400,28.474,29,70,20.0521,0
8x4x12,100,190,0.1718,38400,28.474,29,70,20.0521,0
8x4x12,100,191,0.211309,38400,28.474,29,70,20.0521,0
8x4x12,100,192,0.185139,38400,28.474,29,70,20.0521,0
8x4x12,100,193,0.173379,38400,28.474,29,70,20.0521,0
8x4x12,100,194,0.15892,38400,28.474,29,70,20.0521,0
8x4x12,100,195,0.220579,38400,28.474,29,70,20.0521,0
8x4x12,100,196,0.16008,38400,28.474,29,70,20.0521,0
8x4x12,100,197,0.216479,38400,28.474,29,70,20.0521,0
8x4x12,100,198,0.161339,38400,28.474,29,70,20.0521,0
8x4x12,100,199,0.19692,38400,28.474,29,70,20.0521,0
8x4x12,100,200,0.187019,38400,28.474,29,70,20.0521,0
8x4x12,100,201,0.192249,38400,28.474,29,70,20.0521,0
8x4x12,100,202,0.165689,38400,28.474,29,70,20.0521,0
8x4x12,100,203,0.19352,38400,28.474,29,70,20.0521,0
8x4x12,100,204,0.158129,38400,28.474,29,70,20.0521,0
8x4x12,100,205,0.239259,38400,28.474,29,70,20.0521,0
8x4x12,100,206,0.15922,38400,28.474,29,70,20.0521,0
8x4x12,100,207,0.156939,38400,28.474,29,70,20.0521,0
8x4x12,100,208,0.16388,38400,28.474,29,70,20.0521,0
8x4x12,100,209,0.159399,38400,28.474,29,70,20.0521,0
8x4x12,100,210,0.15774,38400,28.474,29,70,20.0521,0
8x4x12,100,211,0.155709,38400,28.474,29,70,20.0521,0
8x4x12,100,212,0.157249,38400,28.474,29,70,20.0521,0
8x4x12,100,213,0.15546,38400,28.474,29,70,20.0521,0
8x4x12,100,214,0.155379,38400,28.474,29,70,20.0521,0
8x4x12,100,215,0.15837,38400,28.474,29,70,20.0521,0
8x4x12,100,216,0.166749,38400,28.474,29,70,20.0521,0
8x4x12,100,217,0.156059,38400,28.474,29,70,20.0521,0
8x4x12,100,218,0.15627,38400,28.474,29,70,20.0521,0
8x4x12,100,219,0.155529,38400,28.474,29,70,20.0521,0
8x4x12,100,220,0.15601,38400,28.474,29,70,20.0521,0
8x4x12,100,221,0.218549,38400,28.474,29,70,20.0521,0
8x4x12,100,222,0.170669,38400,28.474,29,70,20.0521,0
8x4x12,100,223,0.15693,38400,28.474,29,70,20.0521,0
8x4x12,100,224,0.163349,38400,28.474,29,70,20.0521,0
8x4x12,100,225,0.15583,38400,28.474,29,70,20.0521,0
8x4x12,100,226,0.159709,38400,28.474,29,70,20.0521,0
8x4x12,100,227,0.180639,38400,28.474,29,70,20.0521,0
8x4x12,100,228,0.15689,38400,28.474,29,70,20.0521,0
8x4x12,100,229,0.157619,38400,28.474,29,70,20.0521,0
8x4x12,100,230,0.18777,38400,28.474,29,70,20.0521,0
8x4x12,100,231,0.161439,38400,28.474,29,70,20.0521,0
8x4x12,100,232,0.1637,38400,28.474,29,70,20.0521,0
8x4x12,100,233,0.171389,38400,28.474,29,70,20.0521,0
8x4x12,100,234,0.157649,38400,28.474,29,70,20.0521,0
8x4x12,100,235,0.238979,38400,28.474,29,70,20.0521,0
8x4x12,100,236,0.15923,38400,28.474,29,70,20.0521,0
8x4x12,100,237,0.183039,38400,28.474,29,70,20.0521,0
8x4x12,100,238,0.225249,38400,28.474,29,70,20.0521,0
8x4x12,100,239,0.15819,38400,28.474,29,70,20.0521,0
8x4x12,100,240,0.157199,38400,28.474,29,70,20.0521,0
8x4x12,100,241,0.18372,38400,28.474,29,70,20.0521,0
8x4x12,100,242,0.157699,38400,28.474,29,70,20.0521,0
8x4x12,100,243,0.186759,38400,28.474,29,70,20.0521,0
8x4x12,100,244,0.238269,38400,28.474,29,70,20.0521,0
8x4x12,100,245,0.20192,38400,28.474,29,70,20.0521,0
8x4x12,100,246,0.165139,38400,28.474,29,70,20.0521,0
8x4x12,100,247,0.185059,38400,28.474,29,70,20.0521,0
8x4x12,100,248,0.281869,38400,28.474,29,70,20.0521,0
8x4x12,100,249,0.16516,38400,28.474,29,70,20.0521,0
8x4x12,100,250,0.170009,38400,28.474,29,70,20.0521,0
8x4x12,100,251,0.18409,38400,28.474,29,70,20.0521,0
8x4x12,100,252,0.170779,38400,28.474,29,70,20.0521,0
8x4x12,100,253,0.173129,38400,28.474,29,70,20.0521,0
8x4x12,100,254,0.16568,38400,28.474,29,70,20.0521,0
8x4x12,100,255,0.174329,38400,28.474,29,70,20.0521,0
8x4x12,100,256,0.158719,38400,28.474,29,70,20.0521,0
8x4x12,100,257,0.16535,38400,28.474,29,70,20.0521,0
8x4x12,100,258,0.157489,38400,28.474,29,70,20.0521,0
8x4x12,100,259,0.220569,38400,28.474,29,70,20.0521,0
8x4x12,100,260,0.16261,38400,28.474,29,70,20.0521,0
8x4x12,100,261,0.164099,38400,28.474,29,70,20.0521,0
8x4x12,100,262,0.16729,38400,28.474,29,70,20.0521,0
8x4x12,100,263,0.161099,38400,28.474,29,70,20.0521,0
8x4x12,100,264,0.158229,38400,28.474,29,70,20.0521,0
8x4x12,100,265,0.1639,38400,28.474,29,70,20.0521,0
8x4x12,100,266,0.157829,38400,28.474,29,70,20.0521,0
8x4x12,100,267,0.15662,38400,28.474,29,70,20.0521,0
8x4x12,100,268,0.157239,38400,28.474,29,70,20.0521,0
8x4x12,100,269,0.155719,38400,28.474,29,70,20.0521,0
8x4x12,100,270,0.15656,38400,28.474,29,70,20.0521,0
8x4x12,100,271,0.156409,38400,28.474,29,70,20.0521,0
8x4x12,100,272,0.16086,38400,28.474,29,70,20.0521,0
8x4x12,100,273,0.157569,38400,28.474,29,70,20.0521,0
8x4x12,100,274,0.15705,38400,28.474,29,70,20.0521,0
8x4x12,100,275,0.155559,38400,28.474,29,70,20.0521,0
8x4x12,100,276,0.15698,38400,28.474,29,70,20.0521,0
8x4x12,100,277,0.159379,38400,28.474,29,70,20.0521,0
8x4x12,100,278,0.159859,38400,28.474,29,70,20.0521,0
8x4x12,100,279,0.16982,38400,28.474,29,70,20.0521,0
8x4x12,100,280,0.181559,38400,28.474,29,70,20.0521,0
8x4x12,100,281,0.166829,38400,28.474,29,70,20.0521,0
8x4x12,100,282,0.21831,38400,28.474,29,70,20.0521,0
8x4x12,100,283,0.168519,38400,28.474,29,70,20.0521,0
8x4x12,100,284,0.158769,38400,28.474,29,70,20.0521,0
8x4x12,100,285,0.1721,38400,28.474,29,70,20.0521,0
8x4x12,100,286,0.304249,38400,28.474,29,70,20.0521,0
8x4x12,100,287,0.269929,38400,28.474,29,70,20.0521,0
8x4x12,100,288,0.279439,38400,28.474,29,70,20.0521,0
8x4x12,100,289,0.366418,38400,28.474,29,70,20.0521,0
8x4x12,100,290,0.297479,38400,28.474,29,70,20.0521,0
8x4x12,100,291,0.404629,38400,28.474,29,70,20.0521,0
8x4x12,100,292,0.282609,38400,28.474,29,70,20.0521,0
8x4x12,100,293,0.215469,38400,28.474,29,70,20.0521,0
8x4x12,100,294,0.295879,38400,28.474,29,70,20.0521,0
8x4x12,100,295,0.179039,38400,28.474,29,70,20.0521,0
8x4x12,100,296,0.20234,38400,28.474,29,70,20.0521,0
8x4x12,100,297,0.166889,38400,28.474,29,70,20.0521,0
8x4x12,100,298,0.161329,38400,28.474,29,70,20.0521,0
8x4x12,100,299,0.1589,38400,28.474,29,70,20.0521,0
8x4x12,100,300,0.171649,38400,28.474,29,70,20.0521,0
8x4x12,100,301,0.15932,38400,28.474,29,70,20.0521,0
8x4x12,100,302,0.158149,38400,28.474,29,70,20.0521,0
8x4x12,100,303,0.15904,38400,28.474,29,70,20.0521,0
8x4x12,100,304,0.157529,38400,28.474,29,70,20.0521,0
8x4x12,100,305,0.158269,38400,28.474,29,70,20.0521,0
8x4x12,100,306,0.16417,38400,28.474,29,70,20.0521,0
8x4x12,100,307,0.158889,38400,28.474,29,70,20.0521,0
8x4x12,100,308,0.15829,38400,28.474,29,70,20.0521,0
8x4x12,100,309,0.171119,38400,28.474,29,70,20.0521,0
8x4x12,100,310,0.165899,38400,28.474,29,70,20.0521,0
8x4x12,100,311,0.16101,38400,28.474,29,70,20.0521,0
8x4x12,100,312,0.184539,38400,28.474,29,70,20.0521,0
8x4x12,100,313,0.166329,38400,28.474,29,70,20.0521,0
8x4x12,100,314,0.16042,38400,28.474,29,70,20.0521,0
8x4x12,100,315,0.158759,38400,28.474,29,70,20.0521,0
8x4x12,100,316,0.15867,38400,28.474,29,70,20.0521,0
8x4x12,100,317,0.157689,38400,28.474,29,70,20.0521,0
8x4x12,100,318,0.162549,38400,28.474,29,70,20.0521,0
8x4x12,100,319,0.1571,38400,28.474,29,70,20.0521,0
8x4x12,100,320,0.204279,38400,28.474,29,70,20.0521,0
8x4x12,100,321,0.278789,38400,28.474,29,70,20.0521,0
8x4x12,100,322,0.18795,38400,28.474,29,70,20.0521,0
8x4x12,100,323,0.212579,38400,28.474,29,70,20.0521,0
8x4x12,100,324,0.161329,38400,28.474,29,70,20.0521,0
8x4x12,100,325,0.15995,38400,28.474,29,70,20.0521,0
8x4x12,100,326,0.161699,38400,28.474,29,70,20.0521,0
8x4x12,100,327,0.255899,38400,28.474,29,70,20.0521,0
8x4x12,100,328,0.287239,38400,28.474,29,70,20.0521,0
8x4x12,100,329,0.327469,38400,28.474,29,70,20.0521,0
8x4x12,100,330,0.299449,38400,28.474,29,70,20.0521,0
8x4x12,100,331,0.340519,38400,28.474,29,70,20.0521,0
8x4x12,100,332,0.2452,38400,28.474,29,70,20.0521,0
8x4x12,100,333,0.240959,38400,28.474,29,70,20.0521,0
8x4x12,100,334,0.237659,38400,28.474,29,70,20.0521,0
8x4x12,100,335,0.243609,38400,28.474,29,70,20.0521,0
8x4x12,100,336,0.235309,38400,28.474,29,70,20.0521,0
8x4x12,100,337,0.233779,38400,28.474,29,70,20.0521,0
8x4x12,100,338,0.289819,38400,28.474,29,70,20.0521,0
8x4x12,100,339,0.259979,38400,28.474,29,70,20.0521,0
8x4x12,100,340,0.19449,38400,28.474,29,70,20.0521,0
8x4x12,100,341,0.307398,38400,28.474,29,70,20.0521,0
8x4x12,100,342,0.16619,38400,28.474,29,70,20.0521,0
8x4x12,100,343,0.206469,38400,28.474,29,70,20.0521,0
8x4x12,100,344,0.162939,38400,28.474,29,70,20.0521,0
8x4x12,100,345,0.17408,38400,28.474,29,70,20.0521,0
8x4x12,100,346,0.158599,38400,28.474,29,70,20.0521,0
8x4x12,100,347,0.158,38400,28.474,29,70,20.0521,0
8x4x12,100,348,0.157759,38400,28.474,29,70,20.0521,0
8x4x12,100,349,0.17441,38400,28.474,29,70,20.0521,0
8x4x12,100,350,0.159429,38400,28.474,29,70,20.0521,0
8x4x12,100,351,0.177399,38400,28.474,29,70,20.0521,0
8x4x12,100,352,0.16482,38400,28.474,29,70,20.0521,0
8x4x12,100,353,0.159649,38400,28.474,29,70,20.0521,0
8x4x12,100,354,0.158229,38400,28.474,29,70,20.0521,0
8x4x12,100,355,0.16378,38400,28.474,29,70,20.0521,0
8x4x12,100,356,0.158749,38400,28.474,29,70,20.0521,0
8x4x12,100,357,0.15587,38400,28.474,29,70,20.0521,0
8x4x12,100,358,0.163199,38400,28.474,29,70,20.0521,0
8x4x12,100,359,0.16626,38400,28.474,29,70,20.0521,0
8x4x12,100,360,0.156999,38400,28.474,29,70,20.0521,0
8x4x12,100,361,0.15999,38400,28.474,29,70,20.0521,0
8x4x12,100,362,0.166689,38400,28.474,29,70,20.0521,0
8x4x12,100,363,0.188989,38400,28.474,29,70,20.0521,0
8x4x12,100,364,0.287419,38400,28.474,29,70,20.0521,0
8x4x12,100,365,0.291139,38400,28.474,29,70,20.0521,0
8x4x12,100,366,0.347779,38400,28.474,29,70,20.0521,0
8x4x12,100,367,0.276759,38400,28.474,29,70,20.0521,0
8x4x12,100,368,0.352769,38400,28.474,29,70,20.0521,0
8x4x12,100,369,0.293988,38400,28.474,29,70,20.0521,0
8x4x12,100,370,0.354919,38400,28.474,29,70,20.0521,0
8x4x12,100,371,0.337619,38400,28.474,29,70,20.0521,0
8x4x12,100,372,0.299919,38400,28.474,29,70,20.0521,0
8x4x12,100,373,0.171739,38400,28.474,29,70,20.0521,0
8x4x12,100,374,0.291309,38400,28.474,29,70,20.0521,0
8x4x12,100,375,0.16753,38400,28.474,29,70,20.0521,0
8x4x12,100,376,0.206299,38400,28.474,29,70,20.0521,0
8x4x12,100,377,0.164169,38400,28.474,29,70,20.0521,0
8x4x12,100,378,0.18748,38400,28.474,29,70,20.0521,0
8x4x12,100,379,0.222149,38400,28.474,29,70,20.0521,0
8x4x12,100,380,0.162029,38400,28.474,29,70,20.0521,0
8x4x12,100,381,0.166789,38400,28.474,29,70,20.0521,0
8x4x12,100,382,0.1604,38400,28.474,29,70,20.0521,0
8x4x12,100,383,0.159839,38400,28.474,29,70,20.0521,0
8x4x12,100,384,0.16624,38400,28.474,29,70,20.0521,0
8x4x12,100,385,0.159009,38400,28.474,29,70,20.0521,0
8x4x12,100,386,0.15986,38400,28.474,29,70,20.0521,0
8x4x12,100,387,0.157219,38400,28.474,29,70,20.0521,0
8x4x12,100,388,0.168669,38400,28.474,29,70,20.0521,0
8x4x12,100,389,0.15797,38400,28.474,29,70,20.0521,0
8x4x12,100,390,0.156859,38400,28.474,29,70,20.0521,0
8x4x12,100,391,0.15565,38400,28.474,29,70,20.0521,0
8x4x12,100,392,0.157579,38400,28.474,29,70,20.0521,0
8x4x12,100,393,0.156419,38400,28.474,29,70,20.0521,0
8x4x12,100,394,0.1596,38400,28.474,29,70,20.0521,0
8x4x12,100,395,0.157549,38400,28.474,29,70,20.0521,0
8x4x12,100,396,0.15635,38400,28.474,29,70,20.0521,0
8x4x12,100,397,0.156909,38400,28.474,29,70,20.0521,0
8x4x12,100,398,0.15778,38400,28.474,29,70,20.0521,0
8x4x12,100,399,0.155909,38400,28.474,29,70,20.0521,0
8x4x12,100,400,0.19848,38400,28.474,29,70,20.0521,0
8x4x12,100,401,0.265129,38400,28.474,29,70,20.0521,0
8x4x12,100,402,0.171329,38400,28.474,29,70,20.0521,0
8x4x12,100,403,0.188279,38400,28.474,29,70,20.0521,0
8x4x12,100,404,0.174099,38400,28.474,29,70,20.0521,0
8x4x12,100,405,0.16535,38400,28.474,29,70,20.0521,0
8x4x12,100,406,0.158269,38400,28.474,29,70,20.0521,0
8x4x12,100,407,0.22471,38400,28.474,29,70,20.0521,0
8x4x12,100,408,0.282199,38400,28.474,29,70,20.0521,0
8x4x12,100,409,0.333588,38400,28.474,29,70,20.0521,0
8x4x12,100,410,0.302109,38400,28.474,29,70,20.0521,0
8x4x12,100,411,0.359349,38400,28.474,29,70,20.0521,0
8x4x12,100,412,0.325749,38400,28.474,29,70,20.0521,0
8x4x12,100,413,0.201889,38400,28.474,29,70,20.0521,0
8x4x12,100,414,0.278709,38400,28.474,29,70,20.0521,0
8x4x12,100,415,0.169939,38400,28.474,29,70,20.0521,0
8x4x12,100,416,0.195579,38400,28.474,29,70,20.0521,0
8x4x12,100,417,0.17529,38400,28.474,29,70,20.0521,0
8x4x12,100,418,0.165849,38400,28.474,29,70,20.0521,0
8x4x12,100,419,0.181069,38400,28.474,29,70,20.0521,0
8x4x12,100,420,0.21358,38400,28.474,29,70,20.0521,0
8x4x12,100,421,0.288739,38400,28.474,29,70,20.0521,0
8x4x12,100,422,0.190419,38400,28.474,29,70,20.0521,0
8x4x12,100,423,0.177039,38400,28.474,29,70,20.0521,0
8x4x12,100,424,0.19404,38400,28.474,29,70,20.0521,0
8x4x12,100,425,0.180559,38400,28.474,29,70,20.0521,0
8x4x12,100,426,0.211799,38400,28.474,29,70,20.0521,0
8x4x12,100,427,0.277529,38400,28.474,29,70,20.0521,0
8x4x12,100,428,0.299239,38400,28.474,29,70,20.0521,0
8x4x12,100,429,0.284339,38400,28.474,29,70,20.0521,0
8x4x12,100,430,0.243879,38400,28.474,29,70,20.0521,0
8x4x12,100,431,0.17316,38400,28.474,29,70,20.0521,0
8x4x12,100,432,0.167109,38400,28.474,29,70,20.0521,0
8x4x12,100,433,0.165199,38400,28.474,29,70,20.0521,0
8x4x12,100,434,0.16157,38400,28.474,29,70,20.0521,0
8x4x12,100,435,0.188969,38400,28.474,29,70,20.0521,0
8x4x12,100,436,0.216639,38400,28.474,29,70,20.0521,0
8x4x12,100,437,0.17939,38400,28.474,29,70,20.0521,0
8x4x12,100,438,0.198109,38400,28.474,29,70,20.0521,0
8x4x12,100,439,0.267679,38400,28.474,29,70,20.0521,0
8x4x12,100,440,0.298419,38400,28.474,29,70,20.0521,0
8x4x12,100,441,0.347629,38400,28.474,29,70,20.0521,0
8x4x12,100,442,0.316408,38400,28.474,29,70,20.0521,0
8x4x12,100,443,0.20246,38400,28.474,29,70,20.0521,0
8x4x12,100,444,0.180879,38400,28.474,29,70,20.0521,0
8x4x12,100,445,0.179359,38400,28.474,29,70,20.0521,0
8x4x12,100,446,0.23776,38400,28.474,29,70,20.0521,0
8x4x12,100,447,0.160899,38400,28.474,29,70,20.0521,0
8x4x12,100,448,0.158879,38400,28.474,29,70,20.0521,0
8x4x12,100,449,0.1845,38400,28.474,29,70,20.0521,0
8x4x12,100,450,0.187239,38400,28.474,29,70,20.0521,0
8x4x12,100,451,0.158739,38400,28.474,29,70,20.0521,0
8x4x12,100,452,0.18772,38400,28.474,29,70,20.0521,0
8x4x12,100,453,0.159849,38400,28.474,29,70,20.0521,0
8x4x12,100,454,0.158919,38400,28.474,29,70,20.0521,0
8x4x12,100,455,0.1912,38400,28.474,29,70,20.0521,0
8x4x12,100,456,0.197049,38400,28.474,29,70,20.0521,0
8x4x12,100,457,0.220409,38400,28.474,29,70,20.0521,0
8x4x12,100,458,0.21547,38400,28.474,29,70,20.0521,0
8x4x12,100,459,0.160759,38400,28.474,29,70,20.0521,0
8x4x12,100,460,0.166299,38400,28.474,29,70,20.0521,0
8x4x12,100,461,0.15836,38400,28.474,29,70,20.0521,0
8x4x12,100,462,0.162839,38400,28.474,29,70,20.0521,0
8x4x12,100,463,0.17084,38400,28.474,29,70,20.0521,0
8x4x12,100,464,0.161319,38400,28.474,29,70,20.0521,0
8x4x12,100,465,0.166919,38400,28.474,29,70,20.0521,0
8x4x12,100,466,0.16726,38400,28.474,29,70,20.0521,0
8x4x12,100,467,0.159999,38400,28.474,29,70,20.0521,0
8x4x12,100,468,0.15828,38400,28.474,29,70,20.0521,0
8x4x12,100,469,0.158509,38400,28.474,29,70,20.0521,0
8x4x12,100,470,0.15805,38400,28.474,29,70,20.0521,0
8x4x12,100,471,0.156099,38400,28.474,29,70,20.0521,0
8x4x12,100,472,0.160519,38400,28.474,29,70,20.0521,0
8x4x12,100,473,0.15835,38400,28.474,29,70,20.0521,0
8x4x12,100,474,0.156969,38400,28.474,29,70,20.0521,0
8x4x12,100,475,0.15747,38400,28.474,29,70,20.0521,0
8x4x12,100,476,0.159199,38400,28.474,29,70,20.0521,0
8x4x12,100,477,0.166199,38400,28.474,29,70,20.0521,0
8x4x12,100,478,0.16435,38400,28.474,29,70,20.0521,0
8x4x12,100,479,0.158489,38400,28.474,29,70,20.0521,0
8x4x12,100,480,0.15877,38400,28.474,29,70,20.0521,0
8x4x12,100,481,0.158209,38400,28.474,29,70,20.0521,0
8x4x12,100,482,0.18636,38400,28.474,29,70,20.0521,0
8x4x12,100,483,0.157989,38400,28.474,29,70,20.0521,0
8x4x12,100,484,0.162799,38400,28.474,29,70,20.0521,0
8x4x12,100,485,0.15686,38400,28.474,29,70,20.0521,0
8x4x12,100,486,0.199979,38400,28.474,29,70,20.0521,0
8x4x12,100,487,0.262989,38400,28.474,29,70,20.0521,0
8x4x12,100,488,0.159889,38400,28.474,29,70,20.0521,0
8x4x12,100,489,0.16547,38400,28.474,29,70,20.0521,0
8x4x12,100,490,0.247899,38400,28.474,29,70,20.0521,0
8x4x12,100,491,0.159009,38400,28.474,29,70,20.0521,0
8x4x12,100,492,0.18163,38400,28.474,29,70,20.0521,0
8x4x12,100,493,0.157519,38400,28.474,29,70,20.0521,0
8x4x12,100,494,0.158,38400,28.474,29,70,20.0521,0
8x4x12,100,495,0.201619,38400,28.474,29,70,20.0521,0
8x4x12,100,496,0.186619,38400,28.474,29,70,20.0521,0
8x4x12,100,497,0.15954,38400,28.474,29,70,20.0521,0
8x4x12,100,498,0.181159,38400,28.474,29,70,20.0521,0
8x4x12,100,499,0.181529,38400,28.474,29,70,20.0521,0
8x4x12,100,500,0.212149,38400,28.474,29,70,20.0521,0
8x4x12,100,501,0.15846,38400,28.474,29,70,20.0521,0
8x4x12,100,502,0.171859,38400,28.474,29,70,20.0521,0
8x4x12,100,503,0.20097,38400,28.474,29,70,20.0521,0
8x4x12,100,504,0.185779,38400,28.474,29,70,20.0521,0
8x4x12,100,505,0.170029,38400,28.474,29,70,20.0521,0
8x4x12,100,506,0.16609,38400,28.474,29,70,20.0521,0
8x4x12,100,507,0.218579,38400,28.474,29,70,20.0521,0
8x4x12,100,508,0.279489,38400,28.474,29,70,20.0521,0
8x4x12,100,509,0.166439,38400,28.474,29,70,20.0521,0
8x4x12,100,510,0.217079,38400,28.474,29,70,20.0521,0
8x4x12,100,511,0.15965,38400,28.474,29,70,20.0521,0
8x4x12,100,512,0.158609,38400,28.474,29,70,20.0521,0
8x4x12,100,513,0.15731,38400,28.474,29,70,20.0521,0
8x4x12,100,514,0.156849,38400,28.474,29,70,20.0521,0
8x4x12,100,515,0.19512,38400,28.474,29,70,20.0521,0
8x4x12,100,516,0.163539,38400,28.474,29,70,20.0521,0
8x4x12,100,517,0.158699,38400,28.474,29,70,20.0521,0
8x4x12,100,518,0.16836,38400,28.474,29,70,20.0521,0
8x4x12,100,519,0.161939,38400,28.474,29,70,20.0521,0
8x4x12,100,520,0.15808,38400,28.474,29,70,20.0521,0
8x4x12,100,521,0.158209,38400,28.474,29,70,20.0521,0
8x4x12,100,522,0.156959,38400,28.474,29,70,20.0521,0
8x4x12,100,523,0.17181,38400,28.474,29,70,20.0521,0
8x4x12,100,524,0.195439,38400,28.474,29,70,20.0521,0
8x4x12,100,525,0.18125,38400,28.474,29,70,20.0521,0
8x4x12,100,526,0.263039,38400,28.474,29,70,20.0521,0
8x4x12,100,527,0.288069,38400,28.474,29,70,20.0521,0
8x4x12,100,528,0.205239,38400,28.474,29,70,20.0521,0
8x4x12,100,529,0.199389,38400,28.474,29,70,20.0521,0
8x4x12,100,530,0.160189,38400,28.474,29,70,20.0521,0
8x4x12,100,531,0.1613,38400,28.474,29,70,20.0521,0
8x4x12,100,532,0.170869,38400,28.474,29,70,20.0521,0
8x4x12,100,533,0.15913,38400,28.474,29,70,20.0521,0
8x4x12,100,534,0.158769,38400,28.474,29,70,20.0521,0
8x4x12,100,535,0.210619,38400,28.474,29,70,20.0521,0
8x4x12,100,536,0.15842,38400,28.474,29,70,20.0521,0
8x4x12,100,537,0.157809,38400,28.474,29,70,20.0521,0
8x4x12,100,538,0.162419,38400,28.474,29,70,20.0521,0
8x4x12,100,539,0.21729,38400,28.474,29,70,20.0521,0
8x4x12,100,540,0.176109,38400,28.474,29,70,20.0521,0
8x4x12,100,541,0.159889,38400,28.474,29,70,20.0521,0
8x4x12,100,542,0.18825,38400,28.474,29,70,20.0521,0
8x4x12,100,543,0.179909,38400,28.474,29,70,20.0521,0
8x4x12,100,544,0.17278,38400,28.474,29,70,20.0521,0
8x4x12,100,545,0.159459,38400,28.474,29,70,20.0521,0
8x4x12,100,546,0.213259,38400,28.474,29,70,20.0521,0
8x4x12,100,547,0.349629,38400,28.474,29,70,20.0521,0
8x4x12,100,548,0.173939,38400,28.474,29,70,20.0521,0
8x4x12,100,549,0.196879,38400,28.474,29,70,20.0521,0
8x4x12,100,550,0.1633,38400,28.474,29,70,20.0521,0
8x4x12,100,551,0.162029,38400,28.474,29,70,20.0521,0
8x4x12,100,552,0.15967,38400,28.474,29,70,20.0521,0
8x4x12,100,553,0.158039,38400,28.474,29,70,20.0521,0
8x4x12,100,554,0.16549,38400,28.474,29,70,20.0521,0
8x4x12,100,555,0.157579,38400,28.474,29,70,20.0521,0
8x4x12,100,556,0.158609,38400,28.474,29,70,20.0521,0
8x4x12,100,557,0.15602,38400,28.474,29,70,20.0521,0
8x4x12,100,558,0.156009,38400,28.474,29,70,20.0521,0
8x4x12,100,559,0.15783,38400,28.474,29,70,20.0521,0
8x4x12,100,560,0.161599,38400,28.474,29,70,20.0521,0
8x4x12,100,561,0.156869,38400,28.474,29,70,20.0521,0
8x4x12,100,562,0.15549,38400,28.474,29,70,20.0521,0
8x4x12,100,563,0.156389,38400,28.474,29,70,20.0521,0
8x4x12,100,564,0.15597,38400,28.474,29,70,20.0521,0
8x4x12,100,565,0.156489,38400,28.474,29,70,20.0521,0
8x4x12,100,566,0.15539,38400,28.474,29,70,20.0521,0
8x4x12,100,567,0.160559,38400,28.474,29,70,20.0521,0
8x4x12,100,568,0.16564,38400,28.474,29,70,20.0521,0
8x4x12,100,569,0.157029,38400,28.474,29,70,20.0521,0
8x4x12,100,570,0.157189,38400,28.474,29,70,20.0521,0
8x4x12,100,571,0.1587,38400,28.474,29,70,20.0521,0
8x4x12,100,572,0.192509,38400,28.474,29,70,20.0521,0
8x4x12,100,573,0.166519,38400,28.474,29,70,20.0521,0
8x4x12,100,574,0.19634,38400,28.474,29,70,20.0521,0
8x4x12,100,575,0.179329,38400,28.474,29,70,20.0521,0
8x4x12,100,576,0.265569,38400,28.474,29,70,20.0521,0
8x4x12,100,577,0.16134,38400,28.474,29,70,20.0521,0
8x4x12,100,578,0.211469,38400,28.474,29,70,20.0521,0
8x4x12,100,579,0.159319,38400,28.474,29,70,20.0521,0
8x4x12,100,580,0.15916,38400,28.474,29,70,20.0521,0
8x4x12,100,581,0.196799,38400,28.474,29,70,20.0521,0
8x4x12,100,582,0.274849,38400,28.474,29,70,20.0521,0
8x4x12,100,583,0.298849,38400,28.474,29,70,20.0521,0
8x4x12,100,584,0.286219,38400,28.474,29,70,20.0521,0
8x4x12,100,585,0.170539,38400,28.474,29,70,20.0521,0
8x4x12,100,586,0.1622,38400,28.474,29,70,20.0521,0
8x4x12,100,587,0.248969,38400,28.474,29,70,20.0521,0
8x4x12,100,588,0.323358,38400,28.474,29,70,20.0521,0
8x4x12,100,589,0.314169,38400,28.474,29,70,20.0521,0
8x4x12,100,590,0.256189,38400,28.474,29,70,20.0521,0
8x4x12,100,591,0.16333,38400,28.474,29,70,20.0521,0
8x4x12,100,592,0.304729,38400,28.474,29,70,20.0521,0
8x4x12,100,593,0.223649,38400,28.474,29,70,20.0521,0
8x4x12,100,594,0.186129,38400,28.474,29,70,20.0521,0
8x4x12,100,595,0.20191,38400,28.474,29,70,20.0521,0
8x4x12,100,596,0.189509,38400,28.474,29,70,20.0521,0
8x4x12,100,597,0.222629,38400,28.474,29,70,20.0521,0
8x4x12,100,598,0.277929,38400,28.474,29,70,20.0521,0
8x4x12,100,599,0.300039,38400,28.474,29,70,20.0521,0
8x4x12,100,600,0.289489,38400,28.474,29,70,20.0521,0
8x4x12,100,601,0.263259,38400,28.474,29,70,20.0521,0
8x4x12,100,602,0.175179,38400,28.474,29,70,20.0521,0
8x4x12,100,603,0.17982,38400,28.474,29,70,20.0521,0
8x4x12,100,604,0.164959,38400,28.474,29,70,20.0521,0
8x4x12,100,605,0.163249,38400,28.474,29,70,20.0521,0
8x4x12,100,606,0.16964,38400,28.474,29,70,20.0521,0
8x4x12,100,607,0.161559,38400,28.474,29,70,20.0521,0
8x4x12,100,608,0.253779,38400,28.474,29,70,20.0521,0
8x4x12,100,609,0.17691,38400,28.474,29,70,20.0521,0
8x4x12,100,610,0.179149,38400,28.474,29,70,20.0521,0
8x4x12,100,611,0.162329,38400,28.474,29,70,20.0521,0
8x4x12,100,612,0.1721,38400,28.474,29,70,20.0521,0
8x4x12,100,613,0.161409,38400,28.474,29,70,20.0521,0
8x4x12,100,614,0.16824,38400,28.474,29,70,20.0521,0
8x4x12,100,615,0.159929,38400,28.474,29,70,20.0521,0
8x4x12,100,616,0.160289,38400,28.474,29,70,20.0521,0
8x4x12,100,617,0.15896,38400,28.474,29,70,20.0521,0
8x4x12,100,618,0.158799,38400,28.474,29,70,20.0521,0
8x4x12,100,619,0.15956,38400,28.474,29,70,20.0521,0
8x4x12,100,620,0.159369,38400,28.474,29,70,20.0521,0
8x4x12,100,621,0.223779,38400,28.474,29,70,20.0521,0
8x4x12,100,622,0.16003,38400,28.474,29,70,20.0521,0
8x4x12,100,623,0.158729,38400,28.474,29,70,20.0521,0
8x4x12,100,624,0.15955,38400,28.474,29,70,20.0521,0
8x4x12,100,625,0.221739,38400,28.474,29,70,20.0521,0
8x4x12,100,626,0.165669,38400,28.474,29,70,20.0521,0
8x4x12,100,627,0.16021,38400,28.474,29,70,20.0521,0
8x4x12,100,628,0.208449,38400,28.474,29,70,20.0521,0
8x4x12,100,629,0.196169,38400,28.474,29,70,20.0521,0
8x4x12,100,630,0.159349,38400,28.474,29,70,20.0521,0
8x4x12,100,631,0.20616,38400,28.474,29,70,20.0521,0
8x4x12,100,632,0.223449,38400,28.474,29,70,20.0521,0
8x4x12,100,633,0.195989,38400,28.474,29,70,20.0521,0
8x4x12,100,634,0.298829,38400,28.474,29,70,20.0521,0
8x4x12,100,635,0.17549,38400,28.474,29,70,20.0521,0
8x4x12,100,636,0.195949,38400,28.474,29,70,20.0521,0
8x4x12,100,637,0.191899,38400,28.474,29,70,20.0521,0
8x4x12,100,638,0.182699,38400,28.474,29,70,20.0521,0
8x4x12,100,639,0.25418,38400,28.474,29,70,20.0521,0
8x4x12,100,640,0.332288,38400,28.474,29,70,20.0521,0
8x4x12,100,641,0.198699,38400,28.474,29,70,20.0521,0
8x4x12,100,642,0.19382,38400,28.474,29,70,20.0521,0
8x4x12,100,643,0.163659,38400,28.474,29,70,20.0521,0
8x4x12,100,644,0.169999,38400,28.474,29,70,20.0521,0
8x4x12,100,645,0.1618,38400,28.474,29,70,20.0521,0
8x4x12,100,646,0.171889,38400,28.474,29,70,20.0521,0
8x4x12,100,647,0.225969,38400,28.474,29,70,20.0521,0
8x4x12,100,648,0.16279,38400,28.474,29,70,20.0521,0
8x4x12,100,649,0.160809,38400,28.474,29,70,20.0521,0
8x4x12,100,650,0.16042,38400,28.474,29,70,20.0521,0
8x4x12,100,651,0.166589,38400,28.474,29,70,20.0521,0
8x4x12,100,652,0.1605,38400,28.474,29,70,20.0521,0
8x4x12,100,653,0.160599,38400,28.474,29,70,20.0521,0
8x4x12,100,654,0.262989,38400,28.474,29,70,20.0521,0
8x4x12,100,655,0.348259,38400,28.474,29,70,20.0521,0
8x4x12,100,656,0.342428,38400,28.474,29,70,20.0521,0
8x4x12,100,657,0.17731,38400,28.474,29,70,20.0521,0
8x4x12,100,658,0.257139,38400,28.474,29,70,20.0521,0
8x4x12,100,659,0.169579,38400,28.474,29,70,20.0521,0
8x4x12,100,660,0.1743,38400,28.474,29,70,20.0521,0
8x4x12,100,661,0.171919,38400,28.474,29,70,20.0521,0
8x4x12,100,662,0.215329,38400,28.474,29,70,20.0521,0
8x4x12,100,663,0.252619,38400,28.474,29,70,20.0521,0
8x4x12,100,664,0.298849,38400,28.474,29,70,20.0521,0
8x4x12,100,665,0.283899,38400,28.474,29,70,20.0521,0
8x4x12,100,666,0.19193,38400,28.474,29,70,20.0521,0
8x4x12,100,667,0.274229,38400,28.474,29,70,20.0521,0
8x4x12,100,668,0.322668,38400,28.474,29,70,20.0521,0
8x4x12,100,669,0.258819,38400,28.474,29,70,20.0521,0
8x4x12,100,670,0.21179,38400,28.474,29,70,20.0521,0
8x4x12,100,671,0.175139,38400,28.474,29,70,20.0521,0
8x4x12,100,672,0.239179,38400,28.474,29,70,20.0521,0
8x4x12,100,673,0.395199,38400,28.474,29,70,20.0521,0
8x4x12,100,674,0.275299,38400,28.474,29,70,20.0521,0
8x4x12,100,675,0.301999,38400,28.474,29,70,20.0521,0
8x4x12,100,676,0.333899,38400,28.474,29,70,20.0521,0
8x4x12,100,677,0.296209,38400,28.474,29,70,20.0521,0
8x4x12,100,678,0.297349,38400,28.474,29,70,20.0521,0
8x4x12,100,679,0.298679,38400,28.474,29,70,20.0521,0
8x4x12,100,680,0.258719,38400,28.474,29,70,20.0521,0
8x4x12,100,681,0.259989,38400,28.474,29,70,20.0521,0
8x4x12,100,682,0.19027,38400,28.474,29,70,20.0521,0
8x4x12,100,683,0.174709,38400,28.474,29,70,20.0521,0
8x4x12,100,684,0.164769,38400,28.474,29,70,20.0521,0
8x4x12,100,685,0.16619,38400,28.474,29,70,20.0521,0
8x4x12,100,686,0.163769,38400,28.474,29,70,20.0521,0
8x4x12,100,687,0.16416,38400,28.474,29,70,20.0521,0
8x4x12,100,688,0.263539,38400,28.474,29,70,20.0521,0
8x4x12,100,689,0.263659,38400,28.474,29,70,20.0521,0
8x4x12,100,690,0.286249,38400,28.474,29,70,20.0521,0
8x4x12,100,691,0.288519,38400,28.474,29,70,20.0521,0
8x4x12,100,692,0.294919,38400,28.474,29,70,20.0521,0
8x4x12,100,693,0.280499,38400,28.474,29,70,20.0521,0
8x4x12,100,694,0.171839,38400,28.474,29,70,20.0521,0
8x4x12,100,695,0.216939,38400,28.474,29,70,20.0521,0
8x4x12,100,696,0.171429,38400,28.474,29,70,20.0521,0
8x4x12,100,697,0.16273,38400,28.474,29,70,20.0521,0
8x4x12,100,698,0.207599,38400,28.474,29,70,20.0521,0
8x4x12,100,699,0.230679,38400,28.474,29,70,20.0521,0
8x4x12,100,700,0.18237,38400,28.474,29,70,20.0521,0
8x4x12,100,701,0.192769,38400,28.474,29,70,20.0521,0
8x4x12,100,702,0.185849,38400,28.474,29,70,20.0521,0
8x4x12,100,703,0.2049,38400,28.474,29,70,20.0521,0
8x4x12,100,704,0.188979,38400,28.474,29,70,20.0521,0
8x4x12,100,705,0.184819,38400,28.474,29,70,20.0521,0
8x4x12,100,706,0.243029,38400,28.474,29,70,20.0521,0
8x4x12,100,707,0.20955,38400,28.474,29,70,20.0521,0
8x4x12,100,708,0.191289,38400,28.474,29,70,20.0521,0
8x4x12,100,709,0.164329,38400,28.474,29,70,20.0521,0
8x4x12,100,710,0.16554,38400,28.474,29,70,20.0521,0
8x4x12,100,711,0.176249,38400,28.474,29,70,20.0521,0
8x4x12,100,712,0.264169,38400,28.474,29,70,20.0521,0
8x4x12,100,713,0.16426,38400,28.474,29,70,20.0521,0
8x4x12,100,714,0.166169,38400,28.474,29,70,20.0521,0
8x4x12,100,715,0.169379,38400,28.474,29,70,20.0521,0
8x4x12,100,716,0.16193,38400,28.474,29,70,20.0521,0
8x4x12,100,717,0.167409,38400,28.474,29,70,20.0521,0
8x4x12,100,718,0.158719,38400,28.474,29,70,20.0521,0
8x4x12,100,719,0.15896,38400,28.474,29,70,20.0521,0
8x4x12,100,720,0.159549,38400,28.474,29,70,20.0521,0
8x4x12,100,721,0.15791,38400,28.474,29,70,20.0521,0
8x4x12,100,722,0.157819,38400,28.474,29,70,20.0521,0
8x4x12,100,723,0.16191,38400,28.474,29,70,20.0521,0
8x4x12,100,724,0.159129,38400,28.474,29,70,20.0521,0
8x4x12,100,725,0.16007,38400,28.474,29,70,20.0521,0
8x4x12,100,726,0.159749,38400,28.474,29,70,20.0521,0
8x4x12,100,727,0.158919,38400,28.474,29,70,20.0521,0
8x4x12,100,728,0.16086,38400,28.474,29,70,20.0521,0
8x4x12,100,729,0.166679,38400,28.474,29,70,20.0521,0
8x4x12,100,730,0.160509,38400,28.474,29,70,20.0521,0
8x4x12,100,731,0.16064,38400,28.474,29,70,20.0521,0
8x4x12,100,732,0.159439,38400,28.474,29,70,20.0521,0
8x4x12,100,733,0.253719,38400,28.474,29,70,20.0521,0
8x4x12,100,734,0.409539,38400,28.474,29,70,20.0521,0
8x4x12,100,735,0.282649,38400,28.474,29,70,20.0521,0
8x4x12,100,736,0.297179,38400,28.474,29,70,20.0521,0
8x4x12,100,737,0.360938,38400,28.474,29,70,20.0521,0
8x4x12,100,738,0.25473,38400,28.474,29,70,20.0521,0
8x4x12,100,739,0.174629,38400,28.474,29,70,20.0521,0
8x4x12,100,740,0.202569,38400,28.474,29,70,20.0521,0
8x4x12,100,741,0.16486,38400,28.474,29,70,20.0521,0
8x4x12,100,742,0.194409,38400,28.474,29,70,20.0521,0
8x4x12,100,743,0.184919,38400,28.474,29,70,20.0521,0
8x4x12,100,744,0.16108,38400,28.474,29,70,20.0521,0
8x4x12,100,745,0.185679,38400,28.474,29,70,20.0521,0
8x4x12,100,746,0.209119,38400,28.474,29,70,20.0521,0
8x4x12,100,747,0.187069,38400,28.474,29,70,20.0521,0
8x4x12,100,748,0.16067,38400,28.474,29,70,20.0521,0
8x4x12,100,749,0.160169,38400,28.474,29,70,20.0521,0
8x4x12,100,750,0.15986,38400,28.474,29,70,20.0521,0
8x4x12,100,751,0.160639,38400,28.474,29,70,20.0521,0
8x4x12,100,752,0.159219,38400,28.474,29,70,20.0521,0
8x4x12,100,753,0.16389,38400,28.474,29,70,20.0521,0
8x4x12,100,754,0.161789,38400,28.474,29,70,20.0521,0
8x4x12,100,755,0.15915,38400,28.474,29,70,20.0521,0
8x4x12,100,756,0.159279,38400,28.474,29,70,20.0521,0
8x4x12,100,757,0.15865,38400,28.474,29,70,20.0521,0
8x4x12,100,758,0.160839,38400,28.474,29,70,20.0521,0
8x4x12,100,759,0.165989,38400,28.474,29,70,20.0521,0
8x4x12,100,760,0.15922,38400,28.474,29,70,20.0521,0
8x4x12,100,761,0.158669,38400,28.474,29,70,20.0521,0
8x4x12,100,762,0.15925,38400,28.474,29,70,20.0521,0
8x4x12,100,763,0.158839,38400,28.474,29,70,20.0521,0
8x4x12,100,764,0.158069,38400,28.474,29,70,20.0521,0
8x4x12,100,765,0.16451,38400,28.474,29,70,20.0521,0
8x4x12,100,766,0.159929,38400,28.474,29,70,20.0521,0
8x4x12,100,767,0.15903,38400,28.474,29,70,20.0521,0
8x4x12,100,768,0.159749,38400,28.474,29,70,20.0521,0
8x4x12,100,769,0.15753,38400,28.474,29,70,20.0521,0
8x4x12,100,770,0.156859,38400,28.474,29,70,20.0521,0
8x4x12,100,771,0.177649,38400,28.474,29,70,20.0521,0
8x4x12,100,772,0.16007,38400,28.474,29,70,20.0521,0
8x4x12,100,773,0.160649,38400,28.474,29,70,20.0521,0
8x4x12,100,774,0.184729,38400,28.474,29,70,20.0521,0
8x4x12,100,775,0.1717,38400,28.474,29,70,20.0521,0
8x4x12,100,776,0.158459,38400,28.474,29,70,20.0521,0
8x4x12,100,777,0.17511,38400,28.474,29,70,20.0521,0
8x4x12,100,778,0.245059,38400,28.474,29,70,20.0521,0
8x4x12,100,779,0.265549,38400,28.474,29,70,20.0521,0
8x4x12,100,780,0.275089,38400,28.474,29,70,20.0521,0
8x4x12,100,781,0.288169,38400,28.474,29,70,20.0521,0
8x4x12,100,782,0.330179,38400,28.474,29,70,20.0521,0
8x4x12,100,783,0.255569,38400,28.474,29,70,20.0521,0
8x4x12,100,784,0.179929,38400,28.474,29,70,20.0521,0
8x4x12,100,785,0.184429,38400,28.474,29,70,20.0521,0
8x4x12,100,786,0.248329,38400,28.474,29,70,20.0521,0
8x4x12,100,787,0.287949,38400,28.474,29,70,20.0521,0
8x4x12,100,788,0.21796,38400,28.474,29,70,20.0521,0
8x4x12,100,789,0.314709,38400,28.474,29,70,20.0521,0
8x4x12,100,790,0.317838,38400,28.474,29,70,20.0521,0
8x4x12,100,791,0.305619,38400,28.474,29,70,20.0521,0
8x4x12,100,792,0.351249,38400,28.474,29,70,20.0521,0
8x4x12,100,793,0.324599,38400,28.474,29,70,20.0521,0
8x4x12,100,794,0.304989,38400,28.474,29,70,20.0521,0
8x4x12,100,795,0.303649,38400,28.474,29,70,20.0521,0
8x4x12,100,796,0.295248,38400,28.474,29,70,20.0521,0
8x4x12,100,797,0.25309,38400,28.474,29,70,20.0521,0
8x4x12,100,798,0.259529,38400,28.474,29,70,20.0521,0
8x4x12,100,799,0.183889,38400,28.474,29,70,20.0521,0
8x4x12,100,800,0.167609,38400,28.474,29,70,20.0521,0
8x4x12,100,801,0.16513,38400,28.474,29,70,20.0521,0
8x4x12,100,802,0.165179,38400,28.474,29,70,20.0521,0
8x4x12,100,803,0.16376,38400,28.474,29,70,20.0521,0
8x4x12,100,804,0.163759,38400,28.474,29,70,20.0521,0
8x4x12,100,805,0.164879,38400,28.474,29,70,20.0521,0
8x4x12,100,806,0.16012,38400,28.474,29,70,20.0521,0
8x4x12,100,807,0.161209,38400,28.474,29,70,20.0521,0
8x4x12,100,808,0.17724,38400,28.474,29,70,20.0521,0
8x4x12,100,809,0.235819,38400,28.474,29,70,20.0521,0
8x4x12,100,810,0.297759,38400,28.474,29,70,20.0521,0
8x4x12,100,811,0.323698,38400,28.474,29,70,20.0521,0
8x4x12,100,812,0.16522,38400,28.474,29,70,20.0521,0
8x4x12,100,813,0.233049,38400,28.474,29,70,20.0521,0
8x4x12,100,814,0.285989,38400,28.474,29,70,20.0521,0
8x4x12,100,815,0.339929,38400,28.474,29,70,20.0521,0
8x4x12,100,816,0.178719,38400,28.474,29,70,20.0521,0
8x4x12,100,817,0.254869,38400,28.474,29,70,20.0521,0
8x4x12,100,818,0.169349,38400,28.474,29,70,20.0521,0
8x4x12,100,819,0.17352,38400,28.474,29,70,20.0521,0
8x4x12,100,820,0.184789,38400,28.474,29,70,20.0521,0
8x4x12,100,821,0.16006,38400,28.474,29,70,20.0521,0
8x4x12,100,822,0.158299,38400,28.474,29,70,20.0521,0
8x4x12,100,823,0.18106,38400,28.474,29,70,20.0521,0
8x4x12,100,824,0.168059,38400,28.474,29,70,20.0521,0
8x4x12,100,825,0.159449,38400,28.474,29,70,20.0521,0
8x4x12,100,826,0.19595,38400,28.474,29,70,20.0521,0
8x4x12,100,827,0.201359,38400,28.474,29,70,20.0521,0
8x4x12,100,828,0.190369,38400,28.474,29,70,20.0521,0
8x4x12,100,829,0.240479,38400,28.474,29,70,20.0521,0
8x4x12,100,830,0.15988,38400,28.474,29,70,20.0521,0
8x4x12,100,831,0.157629,38400,28.474,29,70,20.0521,0
8x4x12,100,832,0.1582,38400,28.474,29,70,20.0521,0
8x4x12,100,833,0.157109,38400,28.474,29,70,20.0521,0
8x4x12,100,834,0.158979,38400,28.474,29,70,20.0521,0
8x4x12,100,835,0.16138,38400,28.474,29,70,20.0521,0
8x4x12,100,836,0.172179,38400,28.474,29,70,20.0521,0
8x4x12,100,837,0.16097,38400,28.474,29,70,20.0521,0
8x4x12,100,838,0.158159,38400,28.474,29,70,20.0521,0
8x4x12,100,839,0.157659,38400,28.474,29,70,20.0521,0
8x4x12,100,840,0.15965,38400,28.474,29,70,20.0521,0
8x4x12,100,841,0.165379,38400,28.474,29,70,20.0521,0
8x4x12,100,842,0.15788,38400,28.474,29,70,20.0521,0
8x4x12,100,843,0.159049,38400,28.474,29,70,20.0521,0
8x4x12,100,844,0.15736,38400,28.474,29,70,20.0521,0
8x4x12,100,845,0.157219,38400,28.474,29,70,20.0521,0
8x4x12,100,846,0.15867,38400,28.474,29,70,20.0521,0
8x4x12,100,847,0.161759,38400,28.474,29,70,20.0521,0
8x4x12,100,848,0.159049,38400,28.474,29,70,20.0521,0
8x4x12,100,849,0.15711,38400,28.474,29,70,20.0521,0
8x4x12,100,850,0.157289,38400,28.474,29,70,20.0521,0
8x4x12,100,851,0.15636,38400,28.474,29,70,20.0521,0
8x4x12,100,852,0.157539,38400,28.474,29,70,20.0521,0
8x4x12,100,853,0.157549,38400,28.474,29,70,20.0521,0
8x4x12,100,854,0.17308,38400,28.474,29,70,20.0521,0
8x4x12,100,855,0.157409,38400,28.474,29,70,20.0521,0
8x4x12,100,856,0.15707,38400,28.474,29,70,20.0521,0
8x4x12,100,857,0.155859,38400,28.474,29,70,20.0521,0
8x4x12,100,858,0.15715,38400,28.474,29,70,20.0521,0
8x4x12,100,859,0.158129,38400,28.474,29,70,20.0521,0
8x4x12,100,860,0.163289,38400,28.474,29,70,20.0521,0
8x4x12,100,861,0.15732,38400,28.474,29,70,20.0521,0
8x4x12,100,862,0.184799,38400,28.474,29,70,20.0521,0
8x4x12,100,863,0.232249,38400,28.474,29,70,20.0521,0
8x4x12,100,864,0.16453,38400,28.474,29,70,20.0521,0
8x4x12,100,865,0.173729,38400,28.474,29,70,20.0521,0
8x4x12,100,866,0.241689,38400,28.474,29,70,20.0521,0
8x4x12,100,867,0.164049,38400,28.474,29,70,20.0521,0
8x4x12,100,868,0.16724,38400,28.474,29,70,20.0521,0
8x4x12,100,869,0.241419,38400,28.474,29,70,20.0521,0
8x4x12,100,870,0.329029,38400,28.474,29,70,20.0521,0
8x4x12,100,871,0.269069,38400,28.474,29,70,20.0521,0
8x4x12,100,872,0.320269,38400,28.474,29,70,20.0521,0
8x4x12,100,873,0.308839,38400,28.474,29,70,20.0521,0
8x4x12,100,874,0.334108,38400,28.474,29,70,20.0521,0
8x4x12,100,875,0.336519,38400,28.474,29,70,20.0521,0
8x4x12,100,876,0.341659,38400,28.474,29,70,20.0521,0
8x4x12,100,877,0.250619,38400,28.474,29,70,20.0521,0
8x4x12,100,878,0.231339,38400,28.474,29,70,20.0521,0
8x4x12,100,879,0.172299,38400,28.474,29,70,20.0521,0
8x4x12,100,880,0.16669,38400,28.474,29,70,20.0521,0
8x4x12,100,881,0.169559,38400,28.474,29,70,20.0521,0
8x4x12,100,882,0.16375,38400,28.474,29,70,20.0521,0
8x4x12,100,883,0.161679,38400,28.474,29,70,20.0521,0
8x4x12,100,884,0.164229,38400,28.474,29,70,20.0521,0
8x4x12,100,885,0.16135,38400,28.474,29,70,20.0521,0
8x4x12,100,886,0.159669,38400,28.474,29,70,20.0521,0
8x4x12,100,887,0.167309,38400,28.474,29,70,20.0521,0
8x4x12,100,888,0.15971,38400,28.474,29,70,20.0521,0
8x4x12,100,889,0.158939,38400,28.474,29,70,20.0521,0
8x4x12,100,890,0.18728,38400,28.474,29,70,20.0521,0
8x4x12,100,891,0.272929,38400,28.474,29,70,20.0521,0
8x4x12,100,892,0.294919,38400,28.474,29,70,20.0521,0
8x4x12,100,893,0.250939,38400,28.474,29,70,20.0521,0
8x4x12,100,894,0.172209,38400,28.474,29,70,20.0521,0
8x4x12,100,895,0.210059,38400,28.474,29,70,20.0521,0
8x4x12,100,896,0.238619,38400,28.474,29,70,20.0521,0
8x4x12,100,897,0.16657,38400,28.474,29,70,20.0521,0
8x4x12,100,898,0.263399,38400,28.474,29,70,20.0521,0
8x4x12,100,899,0.176789,38400,28.474,29,70,20.0521,0
8x4x12,100,900,0.16248,38400,28.474,29,70,20.0521,0
8x4x12,100,901,0.205589,38400,28.474,29,70,20.0521,0
8x4x12,100,902,0.237039,38400,28.474,29,70,20.0521,0
8x4x12,100,903,0.300719,38400,28.474,29,70,20.0521,0
8x4x12,100,904,0.270419,38400,28.474,29,70,20.0521,0
8x4x12,100,905,0.333409,38400,28.474,29,70,20.0521,0
8x4x12,100,906,0.276069,38400,28.474,29,70,20.0521,0
8x4x12,100,907,0.331679,38400,28.474,29,70,20.0521,0
8x4x12,100,908,0.263949,38400,28.474,29,70,20.0521,0
8x4x12,100,909,0.174969,38400,28.474,29,70,20.0521,0
8x4x12,100,910,0.188789,38400,28.474,29,70,20.0521,0
8x4x12,100,911,0.21194,38400,28.474,29,70,20.0521,0
8x4x12,100,912,0.18425,38400,28.474,29,70,20.0521,0
8x4x12,100,913,0.168219,38400,28.474,29,70,20.0521,0
8x4x12,100,914,0.1598,38400,28.474,29,70,20.0521,0
8x4x12,100,915,0.158249,38400,28.474,29,70,20.0521,0
8x4x12,100,916,0.15763,38400,28.474,29,70,20.0521,0
8x4x12,100,917,0.159409,38400,28.474,29,70,20.0521,0
8x4x12,100,918,0.157339,38400,28.474,29,70,20.0521,0
8x4x12,100,919,0.1649,38400,28.474,29,70,20.0521,0
8x4x12,100,920,0.157819,38400,28.474,29,70,20.0521,0
8x4x12,100,921,0.16025,38400,28.474,29,70,20.0521,0
8x4x12,100,922,0.174559,38400,28.474,29,70,20.0521,0
8x4x12,100,923,0.158429,38400,28.474,29,70,20.0521,0
8x4x12,100,924,0.16102,38400,28.474,29,70,20.0521,0
8x4x12,100,925,0.163389,38400,28.474,29,70,20.0521,0
8x4x12,100,926,0.1574,38400,28.474,29,70,20.0521,0
8x4x12,100,927,0.157029,38400,28.474,29,70,20.0521,0
8x4x12,100,928,0.15833,38400,28.474,29,70,20.0521,0
8x4x12,100,929,0.157749,38400,28.474,29,70,20.0521,0
8x4x12,100,930,0.208359,38400,28.474,29,70,20.0521,0
8x4x12,100,931,0.16226,38400,28.474,29,70,20.0521,0
8x4x12,100,932,0.159179,38400,28.474,29,70,20.0521,0
8x4x12,100,933,0.16578,38400,28.474,29,70,20.0521,0
8x4x12,100,934,0.159249,38400,28.474,29,70,20.0521,0
8x4x12,100,935,0.160079,38400,28.474,29,70,20.0521,0
8x4x12,100,936,0.15897,38400,28.474,29,70,20.0521,0
8x4x12,100,937,0.157139,38400,28.474,29,70,20.0521,0
8x4x12,100,938,0.16512,38400,28.474,29,70,20.0521,0
8x4x12,100,939,0.174889,38400,28.474,29,70,20.0521,0
8x4x12,100,940,0.216999,38400,28.474,29,70,20.0521,0
8x4x12,100,941,0.228549,38400,28.474,29,70,20.0521,0
8x4x12,100,942,0.17477,38400,28.474,29,70,20.0521,0
8x4x12,100,943,0.181079,38400,28.474,29,70,20.0521,0
8x4x12,100,944,0.16139,38400,28.474,29,70,20.0521,0
8x4x12,100,945,0.265298,38400,28.474,29,70,20.0521,0
8x4x12,100,946,0.291779,38400,28.474,29,70,20.0521,0
8x4x12,100,947,0.18593,38400,28.474,29,70,20.0521,0
8x4x12,100,948,0.275459,38400,28.474,29,70,20.0521,0
8x4x12,100,949,0.322549,38400,28.474,29,70,20.0521,0
8x4x12,100,950,0.309429,38400,28.474,29,70,20.0521,0
8x4x12,100,951,0.356248,38400,28.474,29,70,20.0521,0
8x4x12,100,952,0.335169,38400,28.474,29,70,20.0521,0
8x4x12,100,953,0.365969,38400,28.474,29,70,20.0521,0
8x4x12,100,954,0.292479,38400,28.474,29,70,20.0521,0
8x4x12,100,955,0.266219,38400,28.474,29,70,20.0521,0
8x4x12,100,956,0.249409,38400,28.474,29,70,20.0521,0
8x4x12,100,957,0.222429,38400,28.474,29,70,20.0521,0
8x4x12,100,958,0.170099,38400,28.474,29,70,20.0521,0
8x4x12,100,959,0.16851,38400,28.474,29,70,20.0521,0
8x4x12,100,960,0.164099,38400,28.474,29,70,20.0521,0
8x4x12,100,961,0.162789,38400,28.474,29,70,20.0521,0
8x4x12,100,962,0.16179,38400,28.474,29,70,20.0521,0
8x4x12,100,963,0.169019,38400,28.474,29,70,20.0521,0
8x4x12,100,964,0.16187,38400,28.474,29,70,20.0521,0
8x4x12,100,965,0.161019,38400,28.474,29,70,20.0521,0
8x4x12,100,966,0.160909,38400,28.474,29,70,20.0521,0
8x4x12,100,967,0.1599,38400,28.474,29,70,20.0521,0
8x4x12,100,968,0.160519,38400,28.474,29,70,20.0521,0
8x4x12,100,969,0.164269,38400,28.474,29,70,20.0521,0
8x4x12,100,970,0.15961,38400,28.474,29,70,20.0521,0
8x4x12,100,971,0.159279,38400,28.474,29,70,20.0521,0
8x4x12,100,972,0.1597,38400,28.474,29,70,20.0521,0
8x4x12,100,973,0.161199,38400,28.474,29,70,20.0521,0
8x4x12,100,974,0.15986,38400,28.474,29,70,20.0521,0
8x4x12,100,975,0.164019,38400,28.474,29,70,20.0521,0
8x4x12,100,976,0.16042,38400,28.474,29,70,20.0521,0
8x4x12,100,977,0.160139,38400,28.474,29,70,20.0521,0
8x4x12,100,978,0.159709,38400,28.474,29,70,20.0521,0
8x4x12,100,979,0.19913,38400,28.474,29,70,20.0521,0
8x4x12,100,980,0.184319,38400,28.474,29,70,20.0521,0
8x4x12,100,981,0.244799,38400,28.474,29,70,20.0521,0
8x4x12,100,982,0.162089,38400,28.474,29,70,20.0521,0
8x4x12,100,983,0.19839,38400,28.474,29,70,20.0521,0
8x4x12,100,984,0.159309,38400,28.474,29,70,20.0521,0
8x4x12,100,985,0.15956,38400,28.474,29,70,20.0521,0
8x4x12,100,986,0.162099,38400,28.474,29,70,20.0521,0
8x4x12,100,987,0.202799,38400,28.474,29,70,20.0521,0
8x4x12,100,988,0.15895,38400,28.474,29,70,20.0521,0
8x4x12,100,989,0.158919,38400,28.474,29,70,20.0521,0
8x4x12,100,990,0.182759,38400,28.474,29,70,20.0521,0
8x4x12,100,991,0.15872,38400,28.474,29,70,20.0521,0
8x4x12,100,992,0.162149,38400,28.474,29,70,20.0521,0
8x4x12,100,993,0.1802,38400,28.474,29,70,20.0521,0
8x4x12,100,994,0.181439,38400,28.474,29,70,20.0521,0
8x4x12,100,995,0.156929,38400,28.474,29,70,20.0521,0
8x4x12,100,996,0.17988,38400,28.474,29,70,20.0521,0
8x4x12,100,997,0.165099,38400,28.474,29,70,20.0521,0
8x4x12,100,998,0.240769,38400,28.474,29,70,20.0521,0
8x4x12,100,999,0.16827,38400,28.474,29,70,20.0521,0
8x4x12,1000,0,2.02163,384000,267.234,263,630,17.7083,0
8x4x12,1000,1,1.84548,384000,267.234,263,630,17.7083,0
8x4x12,1000,2,1.79319,384000,267.234,263,630,17.7083,0
8x4x12,1000,3,1.92754,384000,267.234,263,630,17.7083,0
8x4x12,1000,4,2.03069,384000,267.234,263,630,17.7083,0
8x4x12,1000,5,1.91754,384000,267.234,263,630,17.7083,0
8x4x12,1000,6,1.98875,384000,267.234,263,630,17.7083,0
8x4x12,1000,7,2.39054,384000,267.234,263,630,17.7083,0
8x4x12,1000,8,2.06869,384000,267.234,263,630,17.7083,0
8x4x12,1000,9,1.98078,384000,267.234,263,630,17.7083,0
8x4x12,1000,10,1.79183,384000,267.234,263,630,17.7083,0
8x4x12,1000,11,1.94963,384000,267.234,263,630,17.7083,0
8x4x12,1000,12,2.01123,384000,267.234,263,630,17.7083,0
8x4x12,1000,13,1.93117,384000,267.234,263,630,17.7083,0
8x4x12,1000,14,1.84379,384000,267.234,263,630,17.7083,0
8x4x12,1000,15,1.92417,384000,267.234,263,630,17.7083,0
8x4x12,1000,16,1.85442,384000,267.234,263,630,17.7083,0
8x4x12,1000,17,1.96677,384000,267.234,263,630,17.7083,0
8x4x12,1000,18,1.81333,384000,267.234,263,630,17.7083,0
8x4x12,1000,19,1.8362,384000,267.234,263,630,17.7083,0
8x4x12,1000,20,2.01247,384000,267.234,263,630,17.7083,0
8x4x12,1000,21,2.1468,384000,267.234,263,630,17.7083,0
8x4x12,1000,22,1.86862,384000,267.234,263,630,17.7083,0
8x4x12,1000,23,2.16982,384000,267.234,263,630,17.7083,0
8x4x12,1000,24,1.89861,384000,267.234,263,630,17.7083,0
8x4x12,1000,25,2.24377,384000,267.234,263,630,17.7083,0
8x4x12,1000,26,1.87608,384000,267.234,263,630,17.7083,0
8x4x12,1000,27,2.40494,384000,267.234,263,630,17.7083,0
8x4x12,1000,28,1.95183,384000,267.234,263,630,17.7083,0
8x4x12,1000,29,2.11957,384000,267.234,263,630,17.7083,0
8x4x12,1000,30,1.80132,384000,267.234,263,630,17.7083,0
8x4x12,1000,31,1.83527,384000,267.234,263,630,17.7083,0
8x4x12,1000,32,2.37451,384000,267.234,263,630,17.7083,0
8x4x12,1000,33,1.97958,384000,267.234,263,630,17.7083,0
8x4x12,1000,34,2.1728,384000,267.234,263,630,17.7083,0
8x4x12,1000,35,2.85638,384000,267.234,263,630,17.7083,0
8x4x12,1000,36,2.1806,384000,267.234,263,630,17.7083,0
8x4x12,1000,37,1.88784,384000,267.234,263,630,17.7083,0
8x4x12,1000,38,2.00835,384000,267.234,263,630,17.7083,0
8x4x12,1000,39,1.84916,384000,267.234,263,630,17.7083,0
8x4x12,1000,40,2.12162,384000,267.234,263,630,17.7083,0
8x4x12,1000,41,2.10814,384000,267.234,263,630,17.7083,0
8x4x12,1000,42,2.76246,384000,267.234,263,630,17.7083,0
8x4x12,1000,43,2.39921,384000,267.234,263,630,17.7083,0
8x4x12,1000,44,2.53192,384000,267.234,263,630,17.7083,0
8x4x12,1000,45,1.93917,384000,267.234,263,630,17.7083,0
8x4x12,1000,46,1.78776,384000,267.234,263,630,17.7083,0
8x4x12,1000,47,1.78952,384000,267.234,263,630,17.7083,0
8x4x12,1000,48,1.84243,384000,267.234,263,630,17.7083,0
8x4x12,1000,49,1.9561,384000,267.234,263,630,17.7083,0
8x4x12,1000,50,1.78115,384000,267.234,263,630,17.7083,0
8x4x12,1000,51,1.80915,384000,267.234,263,630,17.7083,0
8x4x12,1000,52,2.28388,384000,267.234,263,630,17.7083,0
8x4x12,1000,53,2.90633,384000,267.234,263,630,17.7083,0
8x4x12,1000,54,2.70764,384000,267.234,263,630,17.7083,0
8x4x12,1000,55,1.8652,384000,267.234,263,630,17.7083,0
8x4x12,1000,56,1.91375,384000,267.234,263,630,17.7083,0
8x4x12,1000,57,1.89501,384000,267.234,263,630,17.7083,0
8x4x12,1000,58,2.59712,384000,267.234,263,630,17.7083,0
8x4x12,1000,59,1.88313,384000,267.234,263,630,17.7083,0
8x4x12,1000,60,2.41049,384000,267.234,263,630,17.7083,0
8x4x12,1000,61,2.93604,384000,267.234,263,630,17.7083,0
8x4x12,1000,62,1.86013,384000,267.234,263,630,17.7083,0
8x4x12,1000,63,1.88255,384000,267.234,263,630,17.7083,0
8x4x12,1000,64,2.57919,384000,267.234,263,630,17.7083,0
8x4x12,1000,65,2.41655,384000,267.234,263,630,17.7083,0
8x4x12,1000,66,1.99645,384000,267.234,263,630,17.7083,0
8x4x12,1000,67,2.59894,384000,267.234,263,630,17.7083,0
8x4x12,1000,68,2.93106,384000,267.234,263,630,17.7083,0
8x4x12,1000,69,1.85193,384000,267.234,263,630,17.7083,0
8x4x12,1000,70,1.8309,384000,267.234,263,630,17.7083,0
8x4x12,1000,71,1.91843,384000,267.234,263,630,17.7083,0
8x4x12,1000,72,1.97785,384000,267.234,263,630,17.7083,0
8x4x12,1000,73,1.81048,384000,267.234,263,630,17.7083,0
8x4x12,1000,74,1.92108,384000,267.234,263,630,17.7083,0
8x4x12,1000,75,2.79391,384000,267.234,263,630,17.7083,0
8x4x12,1000,76,2.46189,384000,267.234,263,630,17.7083,0
8x4x12,1000,77,2.09546,384000,267.234,263,630,17.7083,0
8x4x12,1000,78,1.83566,384000,267.234,263,630,17.7083,0
8x4x12,1000,79,2.01258,384000,267.234,263,630,17.7083,0
8x4x12,1000,80,1.90256,384000,267.234,263,630,17.7083,0
8x4x12,1000,81,1.81963,384000,267.234,263,630,17.7083,0
8x4x12,1000,82,2.06578,384000,267.234,263,630,17.7083,0
8x4x12,1000,83,3.13862,384000,267.234,263,630,17.7083,0
8x4x12,1000,84,2.35551,384000,267.234,263,630,17.7083,0
8x4x12,1000,85,2.11311,384000,267.234,263,630,17.7083,0
8x4x12,1000,86,1.95192,384000,267.234,263,630,17.7083,0
8x4x12,1000,87,2.09649,384000,267.234,263,630,17.7083,0
8x4x12,1000,88,1.78527,384000,267.234,263,630,17.7083,0
8x4x12,1000,89,1.82265,384000,267.234,263,630,17.7083,0
8x4x12,1000,90,1.98803,384000,267.234,263,630,17.7083,0
8x4x12,1000,91,2.00647,384000,267.234,263,630,17.7083,0
8x4x12,1000,92,1.82818,384000,267.234,263,630,17.7083,0
8x4x12,1000,93,2.44211,384000,267.234,263,630,17.7083,0
8x4x12,1000,94,2.4459,384000,267.234,263,630,17.7083,0
8x4x12,1000,95,2.7197,384000,267.234,263,630,17.7083,0
8x4x12,1000,96,1.84058,384000,267.234,263,630,17.7083,0
8x4x12,1000,97,1.83167,384000,267.234,263,630,17.7083,0
8x4x12,1000,98,2.03047,384000,267.234,263,630,17.7083,0
8x4x12,1000,99,2.26155,384000,267.234,263,630,17.7083,0
8x4x12,1000,100,2.13556,384000,267.234,263,630,17.7083,0
8x4x12,1000,101,2.71577,384000,267.234,263,630,17.7083,0
8x4x12,1000,102,2.68791,384000,267.234,263,630,17.7083,0
8x4x12,1000,103,1.94216,384000,267.234,263,630,17.7083,0
8x4x12,1000,104,1.93657,384000,267.234,263,630,17.7083,0
8x4x12,1000,105,2.44053,384000,267.234,263,630,17.7083,0
8x4x12,1000,106,2.04441,384000,267.234,263,630,17.7083,0
8x4x12,1000,107,2.15811,384000,267.234,263,630,17.7083,0
8x4x12,1000,108,2.35286,384000,267.234,263,630,17.7083,0
8x4x12,1000,109,2.8284,384000,267.234,263,630,17.7083,0
8x4x12,1000,110,2.04221,384000,267.234,263,630,17.7083,0
8x4x12,1000,111,1.82064,384000,267.234,263,630,17.7083,0
8x4x12,1000,112,1.80086,384000,267.234,263,630,17.7083,0
8x4x12,1000,113,2.00913,384000,267.234,263,630,17.7083,0
8x4x12,1000,114,1.98405,384000,267.234,263,630,17.7083,0
8x4x12,1000,115,1.98311,384000,267.234,263,630,17.7083,0
8x4x12,1000,116,2.51797,384000,267.234,263,630,17.7083,0
8x4x12,1000,117,2.37647,384000,267.234,263,630,17.7083,0
8x4x12,1000,118,2.0986,384000,267.234,263,630,17.7083,0
8x4x12,1000,119,1.90544,384000,267.234,263,630,17.7083,0
8x4x12,1000,120,1.79782,384000,267.234,263,630,17.7083,0
8x4x12,1000,121,2.06949,384000,267.234,263,630,17.7083,0
8x4x12,1000,122,2.08524,384000,267.234,263,630,17.7083,0
8x4x12,1000,123,2.17047,384000,267.234,263,630,17.7083,0
8x4x12,1000,124,2.96963,384000,267.234,263,630,17.7083,0
8x4x12,1000,125,2.65549,384000,267.234,263,630,17.7083,0
8x4x12,1000,126,2.20131,384000,267.234,263,630,17.7083,0
8x4x12,1000,127,1.80494,384000,267.234,263,630,17.7083,0
8x4x12,1000,128,1.97597,384000,267.234,263,630,17.7083,0
8x4x12,1000,129,1.92677,384000,267.234,263,630,17.7083,0
8x4x12,1000,130,1.90591,384000,267.234,263,630,17.7083,0
8x4x12,1000,131,1.78779,384000,267.234,263,630,17.7083,0
8x4x12,1000,132,1.79446,384000,267.234,263,630,17.7083,0
8x4x12,1000,133,1.89349,384000,267.234,263,630,17.7083,0
8x4x12,1000,134,2.66822,384000,267.234,263,630,17.7083,0
8x4x12,1000,135,2.77284,384000,267.234,263,630,17.7083,0
8x4x12,1000,136,2.42945,384000,267.234,263,630,17.7083,0
8x4x12,1000,137,2.02593,384000,267.234,263,630,17.7083,0
8x4x12,1000,138,1.82774,384000,267.234,263,630,17.7083,0
8x4x12,1000,139,1.83702,384000,267.234,263,630,17.7083,0
8x4x12,1000,140,1.83382,384000,267.234,263,630,17.7083,0
8x4x12,1000,141,2.4418,384000,267.234,263,630,17.7083,0
8x4x12,1000,142,2.38413,384000,267.234,263,630,17.7083,0
8x4x12,1000,143,1.8282,384000,267.234,263,630,17.7083,0
8x4x12,1000,144,2.01652,384000,267.234,263,630,17.7083,0
8x4x12,1000,145,2.0702,384000,267.234,263,630,17.7083,0
8x4x12,1000,146,1.87235,384000,267.234,263,630,17.7083,0
8x4x12,1000,147,1.79386,384000,267.234,263,630,17.7083,0
8x4x12,1000,148,1.78689,384000,267.234,263,630,17.7083,0
8x4x12,1000,149,2.5072,384000,267.234,263,630,17.7083,0
8x4x12,1000,150,2.19613,384000,267.234,263,630,17.7083,0
8x4x12,1000,151,1.83,384000,267.234,263,630,17.7083,0
8x4x12,1000,152,2.01686,384000,267.234,263,630,17.7083,0
8x4x12,1000,153,1.91953,384000,267.234,263,630,17.7083,0
8x4x12,1000,154,1.95903,384000,267.234,263,630,17.7083,0
8x4x12,1000,155,1.85382,384000,267.234,263,630,17.7083,0
8x4x12,1000,156,1.77863,384000,267.234,263,630,17.7083,0
8x4x12,1000,157,1.84504,384000,267.234,263,630,17.7083,0
8x4x12,1000,158,2.20496,384000,267.234,263,630,17.7083,0
8x4x12,1000,159,1.80459,384000,267.234,263,630,17.7083,0
8x4x12,1000,160,1.79279,384000,267.234,263,630,17.7083,0
8x4x12,1000,161,1.97929,384000,267.234,263,630,17.7083,0
8x4x12,1000,162,1.94824,384000,267.234,263,630,17.7083,0
8x4x12,1000,163,2.02007,384000,267.234,263,630,17.7083,0
8x4x12,1000,164,1.78768,384000,267.234,263,630,17.7083,0
8x4x12,1000,165,1.98597,384000,267.234,263,630,17.7083,0
8x4x12,1000,166,2.23572,384000,267.234,263,630,17.7083,0
8x4x12,1000,167,2.4349,384000,267.234,263,630,17.7083,0
8x4x12,1000,168,1.84644,384000,267.234,263,630,17.7083,0
8x4x12,1000,169,1.83411,384000,267.234,263,630,17.7083,0
8x4x12,1000,170,2.39154,384000,267.234,263,630,17.7083,0
8x4x12,1000,171,2.00821,384000,267.234,263,630,17.7083,0
8x4x12,1000,172,1.80687,384000,267.234,263,630,17.7083,0
8x4x12,1000,173,1.85545,384000,267.234,263,630,17.7083,0
8x4x12,1000,174,1.85569,384000,267.234,263,630,17.7083,0
8x4x12,1000,175,1.9774,384000,267.234,263,630,17.7083,0
8x4x12,1000,176,1.80218,384000,267.234,263,630,17.7083,0
8x4x12,1000,177,1.80596,384000,267.234,263,630,17.7083,0
8x4x12,1000,178,2.4031,384000,267.234,263,630,17.7083,0
8x4x12,1000,179,2.2356,384000,267.234,263,630,17.7083,0
8x4x12,1000,180,1.8395,384000,267.234,263,630,17.7083,0
8x4x12,1000,181,1.81257,384000,267.234,263,630,17.7083,0
8x4x12,1000,182,1.82473,384000,267.234,263,630,17.7083,0
8x4x12,1000,183,1.96609,384000,267.234,263,630,17.7083,0
8x4x12,1000,184,2.17894,384000,267.234,263,630,17.7083,0
8x4x12,1000,185,1.80227,384000,267.234,263,630,17.7083,0
8x4x12,1000,186,2.32771,384000,267.234,263,630,17.7083,0
8x4x12,1000,187,2.35382,384000,267.234,263,630,17.7083,0
8x4x12,1000,188,1.90999,384000,267.234,263,630,17.7083,0
8x4x12,1000,189,2.07661,384000,267.234,263,630,17.7083,0
8x4x12,1000,190,2.00976,384000,267.234,263,630,17.7083,0
8x4x12,1000,191,2.0328,384000,267.234,263,630,17.7083,0
8x4x12,1000,192,1.91362,384000,267.234,263,630,17.7083,0
8x4x12,1000,193,1.81677,384000,267.234,263,630,17.7083,0
8x4x12,1000,194,2.36072,384000,267.234,263,630,17.7083,0
8x4x12,1000,195,2.02795,384000,267.234,263,630,17.7083,0
8x4x12,1000,196,2.13398,384000,267.234,263,630,17.7083,0
8x4x12,1000,197,1.83065,384000,267.234,263,630,17.7083,0
8x4x12,1000,198,1.87531,384000,267.234,263,630,17.7083,0
8x4x12,1000,199,1.89532,384000,267.234,263,630,17.7083,0
8x4x12,1000,200,1.89986,384000,267.234,263,630,17.7083,0
8x4x12,1000,201,1.93933,384000,267.234,263,630,17.7083,0
8x4x12,1000,202,2.08185,384000,267.234,263,630,17.7083,0
8x4x12,1000,203,2.46043,384000,267.234,263,630,17.7083,0
8x4x12,1000,204,1.99378,384000,267.234,263,630,17.7083,0
8x4x12,1000,205,1.81114,384000,267.234,263,630,17.7083,0
8x4x12,1000,206,1.79705,384000,267.234,263,630,17.7083,0
8x4x12,1000,207,1.88794,384000,267.234,263,630,17.7083,0
8x4x12,1000,208,2.07187,384000,267.234,263,630,17.7083,0
8x4x12,1000,209,1.83367,384000,267.234,263,630,17.7083,0
8x4x12,1000,210,2.11777,384000,267.234,263,630,17.7083,0
8x4x12,1000,211,2.18566,384000,267.234,263,630,17.7083,0
8x4x12,1000,212,2.05166,384000,267.234,263,630,17.7083,0
8x4x12,1000,213,1.84034,384000,267.234,263,630,17.7083,0
8x4x12,1000,214,1.83343,384000,267.234,263,630,17.7083,0
8x4x12,1000,215,1.80391,384000,267.234,263,630,17.7083,0
8x4x12,1000,216,1.90558,384000,267.234,263,630,17.7083,0
8x4x12,1000,217,2.00385,384000,267.234,263,630,17.7083,0
8x4x12,1000,218,1.8101,384000,267.234,263,630,17.7083,0
8x4x12,1000,219,1.8252,384000,267.234,263,630,17.7083,0
8x4x12,1000,220,2.00965,384000,267.234,263,630,17.7083,0
8x4x12,1000,221,2.00431,384000,267.234,263,630,17.7083,0
8x4x12,1000,222,1.9266,384000,267.234,263,630,17.7083,0
8x4x12,1000,223,1.78077,384000,267.234,263,630,17.7083,0
8x4x12,1000,224,2.00015,384000,267.234,263,630,17.7083,0
8x4x12,1000,225,2.03679,384000,267.234,263,630,17.7083,0
8x4x12,1000,226,1.99041,384000,267.234,263,630,17.7083,0
8x4x12,1000,227,1.85473,384000,267.234,263,630,17.7083,0
8x4x12,1000,228,1.96471,384000,267.234,263,630,17.7083,0
8x4x12,1000,229,2.00469,384000,267.234,263,630,17.7083,0
8x4x12,1000,230,2.16443,384000,267.234,263,630,17.7083,0
8x4x12,1000,231,1.83224,384000,267.234,263,630,17.7083,0
8x4x12,1000,232,1.88328,384000,267.234,263,630,17.7083,0
8x4x12,1000,233,1.92535,384000,267.234,263,630,17.7083,0
8x4x12,1000,234,2.05306,384000,267.234,263,630,17.7083,0
8x4x12,1000,235,1.78968,384000,267.234,263,630,17.7083,0
8x4x12,1000,236,1.81425,384000,267.234,263,630,17.7083,0
8x4x12,1000,237,2.32893,384000,267.234,263,630,17.7083,0
8x4x12,1000,238,2.3324,384000,267.234,263,630,17.7083,0
8x4x12,1000,239,1.80053,384000,267.234,263,630,17.7083,0
8x4x12,1000,240,1.91055,384000,267.234,263,630,17.7083,0
8x4x12,1000,241,1.86177,384000,267.234,263,630,17.7083,0
8x4x12,1000,242,2.1009,384000,267.234,263,630,17.7083,0
8x4x12,1000,243,1.84977,384000,267.234,263,630,17.7083,0
8x4x12,1000,244,1.79454,384000,267.234,263,630,17.7083,0
8x4x12,1000,245,2.3465,384000,267.234,263,630,17.7083,0
8x4x12,1000,246,2.1838,384000,267.234,263,630,17.7083,0
8x4x12,1000,247,1.81287,384000,267.234,263,630,17.7083,0
8x4x12,1000,248,1.77708,384000,267.234,263,630,17.7083,0
8x4x12,1000,249,1.81654,384000,267.234,263,630,17.7083,0
8x4x12,1000,250,2.03278,384000,267.234,263,630,17.7083,0
8x4x12,1000,251,2.14,384000,267.234,263,630,17.7083,0
8x4x12,1000,252,1.86778,384000,267.234,263,630,17.7083,0
8x4x12,1000,253,2.34622,384000,267.234,263,630,17.7083,0
8x4x12,1000,254,2.15425,384000,267.234,263,630,17.7083,0
8x4x12,1000,255,2.50441,384000,267.234,263,630,17.7083,0
8x4x12,1000,256,2.1319,384000,267.234,263,630,17.7083,0
8x4x12,1000,257,1.88867,384000,267.234,263,630,17.7083,0
8x4x12,1000,258,1.87285,384000,267.234,263,630,17.7083,0
8x4x12,1000,259,1.89483,384000,267.234,263,630,17.7083,0
8x4x12,1000,260,2.38732,384000,267.234,263,630,17.7083,0
8x4x12,1000,261,2.52553,384000,267.234,263,630,17.7083,0
8x4x12,1000,262,2.42151,384000,267.234,263,630,17.7083,0
8x4x12,1000,263,1.9902,384000,267.234,263,630,17.7083,0
8x4x12,1000,264,2.08346,384000,267.234,263,630,17.7083,0
8x4x12,1000,265,1.95551,384000,267.234,263,630,17.7083,0
8x4x12,1000,266,2.40647,384000,267.234,263,630,17.7083,0
8x4x12,1000,267,1.84276,384000,267.234,263,630,17.7083,0
8x4x12,1000,268,2.16775,384000,267.234,263,630,17.7083,0
8x4x12,1000,269,2.31604,384000,267.234,263,630,17.7083,0
8x4x12,1000,270,2.2681,384000,267.234,263,630,17.7083,0
8x4x12,1000,271,2.13675,384000,267.234,263,630,17.7083,0
8x4x12,1000,272,2.48075,384000,267.234,263,630,17.7083,0
8x4x12,1000,273,2.08257,384000,267.234,263,630,17.7083,0
8x4x12,1000,274,2.02035,384000,267.234,263,630,17.7083,0
8x4x12,1000,275,1.82758,384000,267.234,263,630,17.7083,0
8x4x12,1000,276,2.11874,384000,267.234,263,630,17.7083,0
8x4x12,1000,277,1.94363,384000,267.234,263,630,17.7083,0
8x4x12,1000,278,2.03709,384000,267.234,263,630,17.7083,0
8x4x12,1000,279,1.82499,384000,267.234,263,630,17.7083,0
8x4x12,1000,280,2.19122,384000,267.234,263,630,17.7083,0
8x4x12,1000,281,2.07817,384000,267.234,263,630,17.7083,0
8x4x12,1000,282,2.08968,384000,267.234,263,630,17.7083,0
8x4x12,1000,283,1.79351,384000,267.234,263,630,17.7083,0
8x4x12,1000,284,2.64348,384000,267.234,263,630,17.7083,0
8x4x12,1000,285,1.98251,384000,267.234,263,630,17.7083,0
8x4x12,1000,286,2.05844,384000,267.234,263,630,17.7083,0
8x4x12,1000,287,1.85026,384000,267.234,263,630,17.7083,0
8x4x12,1000,288,1.89015,384000,267.234,263,630,17.7083,0
8x4x12,1000,289,1.92578,384000,267.234,263,630,17.7083,0
8x4x12,1000,290,2.0418,384000,267.234,263,630,17.7083,0
8x4x12,1000,291,1.99232,384000,267.234,263,630,17.7083,0
8x4x12,1000,292,2.2564,384000,267.234,263,630,17.7083,0
8x4x12,1000,293,2.4104,384000,267.234,263,630,17.7083,0
8x4x12,1000,294,2.01207,384000,267.234,263,630,17.7083,0
8x4x12,1000,295,2.17773,384000,267.234,263,630,17.7083,0
8x4x12,1000,296,2.1214,384000,267.234,263,630,17.7083,0
8x4x12,1000,297,2.08196,384000,267.234,263,630,17.7083,0
8x4x12,1000,298,2.05248,384000,267.234,263,630,17.7083,0
8x4x12,1000,299,2.33014,384000,267.234,263,630,17.7083,0
8x4x12,1000,300,2.2464,384000,267.234,263,630,17.7083,0
8x4x12,1000,301,1.97911,384000,267.234,263,630,17.7083,0
8x4x12,1000,302,1.96002,384000,267.234,263,630,17.7083,0
8x4x12,1000,303,1.85078,384000,267.234,263,630,17.7083,0
8x4x12,1000,304,1.81626,384000,267.234,263,630,17.7083,0
8x4x12,1000,305,1.89253,384000,267.234,263,630,17.7083,0
8x4x12,1000,306,2.15714,384000,267.234,263,630,17.7083,0
8x4x12,1000,307,1.96839,384000,267.234,263,630,17.7083,0
8x4x12,1000,308,2.09183,384000,267.234,263,630,17.7083,0
8x4x12,1000,309,2.31096,384000,267.234,263,630,17.7083,0
8x4x12,1000,310,2.10537,384000,267.234,263,630,17.7083,0
8x4x12,1000,311,1.83514,384000,267.234,263,630,17.7083,0
8x4x12,1000,312,1.79201,384000,267.234,263,630,17.7083,0
8x4x12,1000,313,2.02201,384000,267.234,263,630,17.7083,0
8x4x12,1000,314,2.10293,384000,267.234,263,630,17.7083,0
8x4x12,1000,315,1.9559,384000,267.234,263,630,17.7083,0
8x4x12,1000,316,1.99013,384000,267.234,263,630,17.7083,0
8x4x12,1000,317,2.02866,384000,267.234,263,630,17.7083,0
8x4x12,1000,318,2.4365,384000,267.234,263,630,17.7083,0
8x4x12,1000,319,2.33806,384000,267.234,263,630,17.7083,0
8x4x12,1000,320,1.89663,384000,267.234,263,630,17.7083,0
8x4x12,1000,321,1.94235,384000,267.234,263,630,17.7083,0
8x4x12,1000,322,2.02336,384000,267.234,263,630,17.7083,0
8x4x12,1000,323,2.6177,384000,267.234,263,630,17.7083,0
8x4x12,1000,324,3.09695,384000,267.234,263,630,17.7083,0
8x4x12,1000,325,2.09633,384000,267.234,263,630,17.7083,0
8x4x12,1000,326,2.02354,384000,267.234,263,630,17.7083,0
8x4x12,1000,327,1.8995,384000,267.234,263,630,17.7083,0
8x4x12,1000,328,1.92939,384000,267.234,263,630,17.7083,0
8x4x12,1000,329,1.99838,384000,267.234,263,630,17.7083,0
8x4x12,1000,330,2.69125,384000,267.234,263,630,17.7083,0
8x4x12,1000,331,2.96461,384000,267.234,263,630,17.7083,0
8x4x12,1000,332,2.77348,384000,267.234,263,630,17.7083,0
8x4x12,1000,333,2.11616,384000,267.234,263,630,17.7083,0
8x4x12,1000,334,1.9594,384000,267.234,263,630,17.7083,0
8x4x12,1000,335,1.86269,384000,267.234,263,630,17.7083,0
8x4x12,1000,336,2.47432,384000,267.234,263,630,17.7083,0
8x4x12,1000,337,2.67412,384000,267.234,263,630,17.7083,0
8x4x12,1000,338,1.99353,384000,267.234,263,630,17.7083,0
8x4x12,1000,339,2.09744,384000,267.234,263,630,17.7083,0
8x4x12,1000,340,2.83598,384000,267.234,263,630,17.7083,0
8x4x12,1000,341,1.88945,384000,267.234,263,630,17.7083,0
8x4x12,1000,342,1.90947,384000,267.234,263,630,17.7083,0
8x4x12,1000,343,2.24426,384000,267.234,263,630,17.7083,0
8x4x12,1000,344,2.97208,384000,267.234,263,630,17.7083,0
8x4x12,1000,345,2.3928,384000,267.234,263,630,17.7083,0
8x4x12,1000,346,1.93589,384000,267.234,263,630,17.7083,0
8x4x12,1000,347,3.03425,384000,267.234,263,630,17.7083,0
8x4x12,1000,348,1.90662,384000,267.234,263,630,17.7083,0
8x4x12,1000,349,2.21945,384000,267.234,263,630,17.7083,0
8x4x12,1000,350,1.9728,384000,267.234,263,630,17.7083,0
8x4x12,1000,351,2.12731,384000,267.234,263,630,17.7083,0
8x4x12,1000,352,1.97984,384000,267.234,263,630,17.7083,0
8x4x12,1000,353,1.8505,384000,267.234,263,630,17.7083,0
8x4x12,1000,354,2.27607,384000,267.234,263,630,17.7083,0
8x4x12,1000,355,2.68464,384000,267.234,263,630,17.7083,0
8x4x12,1000,356,1.88062,384000,267.234,263,630,17.7083,0
8x4x12,1000,357,1.82085,384000,267.234,263,630,17.7083,0
8x4x12,1000,358,2.0108,384000,267.234,263,630,17.7083,0
8x4x12,1000,359,2.74346,384000,267.234,263,630,17.7083,0
8x4x12,1000,360,1.83419,384000,267.234,263,630,17.7083,0
8x4x12,1000,361,1.82212,384000,267.234,263,630,17.7083,0
8x4x12,1000,362,3.0037,384000,267.234,263,630,17.7083,0
8x4x12,1000,363,2.04788,384000,267.234,263,630,17.7083,0
8x4x12,1000,364,1.84858,384000,267.234,263,630,17.7083,0
8x4x12,1000,365,1.84569,384000,267.234,263,630,17.7083,0
8x4x12,1000,366,1.8722,384000,267.234,263,630,17.7083,0
8x4x12,1000,367,1.96334,384000,267.234,263,630,17.7083,0
8x4x12,1000,368,1.79958,384000,267.234,263,630,17.7083,0
8x4x12,1000,369,1.81076,384000,267.234,263,630,17.7083,0
8x4x12,1000,370,1.94011,384000,267.234,263,630,17.7083,0
8x4x12,1000,371,2.03906,384000,267.234,263,630,17.7083,0
8x4x12,1000,372,1.99076,384000,267.234,263,630,17.7083,0
8x4x12,1000,373,1.77846,384000,267.234,263,630,17.7083,0
8x4x12,1000,374,1.78745,384000,267.234,263,630,17.7083,0
8x4x12,1000,375,2.69737,384000,267.234,263,630,17.7083,0
8x4x12,1000,376,1.85818,384000,267.234,263,630,17.7083,0
8x4x12,1000,377,1.82859,384000,267.234,263,630,17.7083,0
8x4x12,1000,378,2.63688,384000,267.234,263,630,17.7083,0
8x4x12,1000,379,2.08325,384000,267.234,263,630,17.7083,0
8x4x12,1000,380,2.13685,384000,267.234,263,630,17.7083,0
8x4x12,1000,381,1.81646,384000,267.234,263,630,17.7083,0
8x4x12,1000,382,1.84309,384000,267.234,263,630,17.7083,0
8x4x12,1000,383,1.97608,384000,267.234,263,630,17.7083,0
8x4x12,1000,384,1.91579,384000,267.234,263,630,17.7083,0
8x4x12,1000,385,1.95261,384000,267.234,263,630,17.7083,0
8x4x12,1000,386,2.40478,384000,267.234,263,630,17.7083,0
8x4x12,1000,387,2.03354,384000,267.234,263,630,17.7083,0
8x4x12,1000,388,2.01429,384000,267.234,263,630,17.7083,0
8x4x12,1000,389,1.83927,384000,267.234,263,630,17.7083,0
8x4x12,1000,390,1.81253,384000,267.234,263,630,17.7083,0
8x4x12,1000,391,1.887,384000,267.234,263,630,17.7083,0
8x4x12,1000,392,1.90341,384000,267.234,263,630,17.7083,0
8x4x12,1000,393,1.90867,384000,267.234,263,630,17.7083,0
8x4x12,1000,394,2.4616,384000,267.234,263,630,17.7083,0
8x4x12,1000,395,2.10781,384000,267.234,263,630,17.7083,0
8x4x12,1000,396,2.02744,384000,267.234,263,630,17.7083,0
8x4x12,1000,397,1.82064,384000,267.234,263,630,17.7083,0
8x4x12,1000,398,1.82088,384000,267.234,263,630,17.7083,0
8x4x12,1000,399,1.93426,384000,267.234,263,630,17.7083,0
8x4x12,1000,400,2.02118,384000,267.234,263,630,17.7083,0
8x4x12,1000,401,1.9249,384000,267.234,263,630,17.7083,0
8x4x12,1000,402,2.24156,384000,267.234,263,630,17.7083,0
8x4x12,1000,403,2.26093,384000,267.234,263,630,17.7083,0
8x4x12,1000,404,2.05183,384000,267.234,263,630,17.7083,0
8x4x12,1000,405,1.81278,384000,267.234,263,630,17.7083,0
8x4x12,1000,406,1.83424,384000,267.234,263,630,17.7083,0
8x4x12,1000,407,1.89314,384000,267.234,263,630,17.7083,0
8x4x12,1000,408,1.95389,384000,267.234,263,630,17.7083,0
8x4x12,1000,409,2.11759,384000,267.234,263,630,17.7083,0
8x4x12,1000,410,2.15142,384000,267.234,263,630,17.7083,0
8x4x12,1000,411,2.27056,384000,267.234,263,630,17.7083,0
8x4x12,1000,412,2.09619,384000,267.234,263,630,17.7083,0
8x4x12,1000,413,1.92722,384000,267.234,263,630,17.7083,0
8x4x12,1000,414,1.84122,384000,267.234,263,630,17.7083,0
8x4x12,1000,415,1.94579,384000,267.234,263,630,17.7083,0
8x4x12,1000,416,1.88205,384000,267.234,263,630,17.7083,0
8x4x12,1000,417,1.9677,384000,267.234,263,630,17.7083,0
8x4x12,1000,418,1.82558,384000,267.234,263,630,17.7083,0
8x4x12,1000,419,1.81346,384000,267.234,263,630,17.7083,0
8x4x12,1000,420,2.01281,384000,267.234,263,630,17.7083,0
8x4x12,1000,421,2.13433,384000,267.234,263,630,17.7083,0
8x4x12,1000,422,2.7749,384000,267.234,263,630,17.7083,0
8x4x12,1000,423,1.9294,384000,267.234,263,630,17.7083,0
8x4x12,1000,424,1.92649,384000,267.234,263,630,17.7083,0
8x4x12,1000,425,1.99846,384000,267.234,263,630,17.7083,0
8x4x12,1000,426,1.78633,384000,267.234,263,630,17.7083,0
8x4x12,1000,427,1.79693,384000,267.234,263,630,17.7083,0
8x4x12,1000,428,2.03808,384000,267.234,263,630,17.7083,0
8x4x12,1000,429,1.96421,384000,267.234,263,630,17.7083,0
8x4x12,1000,430,1.88478,384000,267.234,263,630,17.7083,0
8x4x12,1000,431,1.91905,384000,267.234,263,630,17.7083,0
8x4x12,1000,432,1.92007,384000,267.234,263,630,17.7083,0
8x4x12,1000,433,1.96377,384000,267.234,263,630,17.7083,0
8x4x12,1000,434,2.8924,384000,267.234,263,630,17.7083,0
8x4x12,1000,435,1.85599,384000,267.234,263,630,17.7083,0
8x4x12,1000,436,2.0124,384000,267.234,263,630,17.7083,0
8x4x12,1000,437,2.2879,384000,267.234,263,630,17.7083,0
8x4x12,1000,438,2.60803,384000,267.234,263,630,17.7083,0
8x4x12,1000,439,3.04724,384000,267.234,263,630,17.7083,0
8x4x12,1000,440,2.41695,384000,267.234,263,630,17.7083,0
8x4x12,1000,441,1.94884,384000,267.234,263,630,17.7083,0
8x4x12,1000,442,1.841,384000,267.234,263,630,17.7083,0
8x4x12,1000,443,1.9939,384000,267.234,263,630,17.7083,0
8x4x12,1000,444,2.07534,384000,267.234,263,630,17.7083,0
8x4x12,1000,445,2.41914,384000,267.234,263,630,17.7083,0
8x4x12,1000,446,1.81446,384000,267.234,263,630,17.7083,0
8x4x12,1000,447,1.83228,384000,267.234,263,630,17.7083,0
8x4x12,1000,448,1.92901,384000,267.234,263,630,17.7083,0
8x4x12,1000,449,1.96392,384000,267.234,263,630,17.7083,0
8x4x12,1000,450,1.80422,384000,267.234,263,630,17.7083,0
8x4x12,1000,451,1.81836,384000,267.234,263,630,17.7083,0
8x4x12,1000,452,2.03411,384000,267.234,263,630,17.7083,0
8x4x12,1000,453,2.90554,384000,267.234,263,630,17.7083,0
8x4x12,1000,454,1.87386,384000,267.234,263,630,17.7083,0
8x4x12,1000,455,1.85283,384000,267.234,263,630,17.7083,0
8x4x12,1000,456,1.86553,384000,267.234,263,630,17.7083,0
8x4x12,1000,457,2.09406,384000,267.234,263,630,17.7083,0
8x4x12,1000,458,1.83384,384000,267.234,263,630,17.7083,0
8x4x12,1000,459,1.81575,384000,267.234,263,630,17.7083,0
8x4x12,1000,460,1.92868,384000,267.234,263,630,17.7083,0
8x4x12,1000,461,2.08156,384000,267.234,263,630,17.7083,0
8x4x12,1000,462,1.79224,384000,267.234,263,630,17.7083,0
8x4x12,1000,463,1.80877,384000,267.234,263,630,17.7083,0
8x4x12,1000,464,2.24407,384000,267.234,263,630,17.7083,0
8x4x12,1000,465,2.30749,384000,267.234,263,630,17.7083,0
8x4x12,1000,466,1.9958,384000,267.234,263,630,17.7083,0
8x4x12,1000,467,1.87904,384000,267.234,263,630,17.7083,0
8x4x12,1000,468,1.947,384000,267.234,263,630,17.7083,0
8x4x12,1000,469,1.9555,384000,267.234,263,630,17.7083,0
8x4x12,1000,470,1.98169,384000,267.234,263,630,17.7083,0
8x4x12,1000,471,1.84271,384000,267.234,263,630,17.7083,0
8x4x12,1000,472,1.81662,384000,267.234,263,630,17.7083,0
8x4x12,1000,473,2.16898,384000,267.234,263,630,17.7083,0
8x4x12,1000,474,2.20306,384000,267.234,263,630,17.7083,0
8x4x12,1000,475,2.02681,384000,267.234,263,630,17.7083,0
8x4x12,1000,476,2.30905,384000,267.234,263,630,17.7083,0
8x4x12,1000,477,1.96966,384000,267.234,263,630,17.7083,0
8x4x12,1000,478,2.02205,384000,267.234,263,630,17.7083,0
8x4x12,1000,479,1.81974,384000,267.234,263,630,17.7083,0
8x4x12,1000,480,1.81749,384000,267.234,263,630,17.7083,0
8x4x12,1000,481,2.0598,384000,267.234,263,630,17.7083,0
8x4x12,1000,482,2.55176,384000,267.234,263,630,17.7083,0
8x4x12,1000,483,1.92599,384000,267.234,263,630,17.7083,0
8x4x12,1000,484,1.83957,384000,267.234,263,630,17.7083,0
8x4x12,1000,485,2.05319,384000,267.234,263,630,17.7083,0
8x4x12,1000,486,1.96573,384000,267.234,263,630,17.7083,0
8x4x12,1000,487,1.83517,384000,267.234,263,630,17.7083,0
8x4x12,1000,488,1.80648,384000,267.234,263,630,17.7083,0
8x4x12,1000,489,1.90397,384000,267.234,263,630,17.7083,0
8x4x12,1000,490,1.94259,384000,267.234,263,630,17.7083,0
8x4x12,1000,491,1.90792,384000,267.234,263,630,17.7083,0
8x4x12,1000,492,2.32159,384000,267.234,263,630,17.7083,0
8x4x12,1000,493,1.9552,384000,267.234,263,630,17.7083,0
8x4x12,1000,494,1.99519,384000,267.234,263,630,17.7083,0
8x4x12,1000,495,1.9299,384000,267.234,263,630,17.7083,0
8x4x12,1000,496,1.83346,384000,267.234,263,630,17.7083,0
8x4x12,1000,497,1.89866,384000,267.234,263,630,17.7083,0
8x4x12,1000,498,2.0569,384000,267.234,263,630,17.7083,0
8x4x12,1000,499,2.13659,384000,267.234,263,630,17.7083,0
8x4x12,1000,500,1.99432,384000,267.234,263,630,17.7083,0
8x4x12,1000,501,1.86891,384000,267.234,263,630,17.7083,0
8x4x12,1000,502,2.00542,384000,267.234,263,630,17.7083,0
8x4x12,1000,503,1.95967,384000,267.234,263,630,17.7083,0
8x4x12,1000,504,1.78417,384000,267.234,263,630,17.7083,0
8x4x12,1000,505,1.80765,384000,267.234,263,630,17.7083,0
8x4x12,1000,506,1.80979,384000,267.234,263,630,17.7083,0
8x4x12,1000,507,2.02576,384000,267.234,263,630,17.7083,0
8x4x12,1000,508,1.79944,384000,267.234,263,630,17.7083,0
8x4x12,1000,509,2.17254,384000,267.234,263,630,17.7083,0
8x4x12,1000,510,1.99575,384000,267.234,263,630,17.7083,0
8x4x12,1000,511,2.27264,384000,267.234,263,630,17.7083,0
8x4x12,1000,512,2.24462,384000,267.234,263,630,17.7083,0
8x4x12,1000,513,1.7945,384000,267.234,263,630,17.7083,0
8x4x12,1000,514,1.82555,384000,267.234,263,630,17.7083,0
8x4x12,1000,515,1.88571,384000,267.234,263,630,17.7083,0
8x4x12,1000,516,1.9217,384000,267.234,263,630,17.7083,0
8x4x12,1000,517,1.81208,384000,267.234,263,630,17.7083,0
8x4x12,1000,518,1.92319,384000,267.234,263,630,17.7083,0
8x4x12,1000,519,2.21313,384000,267.234,263,630,17.7083,0
8x4x12,1000,520,2.37335,384000,267.234,263,630,17.7083,0
8x4x12,1000,521,1.8295,384000,267.234,263,630,17.7083,0
8x4x12,1000,522,1.8627,384000,267.234,263,630,17.7083,0
8x4x12,1000,523,1.85542,384000,267.234,263,630,17.7083,0
8x4x12,1000,524,1.99173,384000,267.234,263,630,17.7083,0
8x4x12,1000,525,1.84095,384000,267.234,263,630,17.7083,0
8x4x12,1000,526,2.13684,384000,267.234,263,630,17.7083,0
8x4x12,1000,527,2.28409,384000,267.234,263,630,17.7083,0
8x4x12,1000,528,2.15577,384000,267.234,263,630,17.7083,0
8x4x12,1000,529,1.91117,384000,267.234,263,630,17.7083,0
8x4x12,1000,530,1.87825,384000,267.234,263,630,17.7083,0
8x4x12,1000,531,1.81011,384000,267.234,263,630,17.7083,0
8x4x12,1000,532,2.01079,384000,267.234,263,630,17.7083,0
8x4x12,1000,533,1.93428,384000,267.234,263,630,17.7083,0
8x4x12,1000,534,1.92357,384000,267.234,263,630,17.7083,0
8x4x12,1000,535,1.95672,384000,267.234,263,630,17.7083,0
8x4x12,1000,536,1.96185,384000,267.234,263,630,17.7083,0
8x4x12,1000,537,1.95631,384000,267.234,263,630,17.7083,0
8x4x12,1000,538,1.82147,384000,267.234,263,630,17.7083,0
8x4x12,1000,539,1.81465,384000,267.234,263,630,17.7083,0
8x4x12,1000,540,1.85756,384000,267.234,263,630,17.7083,0
8x4x12,1000,541,2.12464,384000,267.234,263,630,17.7083,0
8x4x12,1000,542,2.95434,384000,267.234,263,630,17.7083,0
8x4x12,1000,543,2.04541,384000,267.234,263,630,17.7083,0
8x4x12,1000,544,2.17133,384000,267.234,263,630,17.7083,0
8x4x12,1000,545,1.97809,384000,267.234,263,630,17.7083,0
8x4x12,1000,546,1.87723,384000,267.234,263,630,17.7083,0
8x4x12,1000,547,2.07543,384000,267.234,263,630,17.7083,0
8x4x12,1000,548,3.18237,384000,267.234,263,630,17.7083,0
8x4x12,1000,549,2.4492,384000,267.234,263,630,17.7083,0
8x4x12,1000,550,2.96495,384000,267.234,263,630,17.7083,0
8x4x12,1000,551,2.19869,384000,267.234,263,630,17.7083,0
8x4x12,1000,552,1.94161,384000,267.234,263,630,17.7083,0
8x4x12,1000,553,1.82342,384000,267.234,263,630,17.7083,0
8x4x12,1000,554,1.79776,384000,267.234,263,630,17.7083,0
8x4x12,1000,555,1.91837,384000,267.234,263,630,17.7083,0
8x4x12,1000,556,2.21675,384000,267.234,263,630,17.7083,0
8x4x12,1000,557,3.04351,384000,267.234,263,630,17.7083,0
8x4x12,1000,558,3.39324,384000,267.234,263,630,17.7083,0
8x4x12,1000,559,3.24091,384000,267.234,263,630,17.7083,0
8x4x12,1000,560,3.09076,384000,267.234,263,630,17.7083,0
8x4x12,1000,561,3.23074,384000,267.234,263,630,17.7083,0
8x4x12,1000,562,2.8596,384000,267.234,263,630,17.7083,0
8x4x12,1000,563,3.06033,384000,267.234,263,630,17.7083,0
8x4x12,1000,564,3.22358,384000,267.234,263,630,17.7083,0
8x4x12,1000,565,2.29565,384000,267.234,263,630,17.7083,0
8x4x12,1000,566,1.83874,384000,267.234,263,630,17.7083,0
8x4x12,1000,567,1.88468,384000,267.234,263,630,17.7083,0
8x4x12,1000,568,2.01855,384000,267.234,263,630,17.7083,0
8x4x12,1000,569,2.48404,384000,267.234,263,630,17.7083,0
8x4x12,1000,570,2.85239,384000,267.234,263,630,17.7083,0
8x4x12,1000,571,1.95581,384000,267.234,263,630,17.7083,0
8x4x12,1000,572,1.90706,384000,267.234,263,630,17.7083,0
8x4x12,1000,573,2.33926,384000,267.234,263,630,17.7083,0
8x4x12,1000,574,2.06472,384000,267.234,263,630,17.7083,0
8x4x12,1000,575,1.95717,384000,267.234,263,630,17.7083,0
8x4x12,1000,576,2.32416,384000,267.234,263,630,17.7083,0
8x4x12,1000,577,2.83643,384000,267.234,263,630,17.7083,0
8x4x12,1000,578,2.06687,384000,267.234,263,630,17.7083,0
8x4x12,1000,579,1.98271,384000,267.234,263,630,17.7083,0
8x4x12,1000,580,1.87639,384000,267.234,263,630,17.7083,0
8x4x12,1000,581,1.84663,384000,267.234,263,630,17.7083,0
8x4x12,1000,582,2.72607,384000,267.234,263,630,17.7083,0
8x4x12,1000,583,3.04859,384000,267.234,263,630,17.7083,0
8x4x12,1000,584,1.83766,384000,267.234,263,630,17.7083,0
8x4x12,1000,585,2.61179,384000,267.234,263,630,17.7083,0
8x4x12,1000,586,1.97186,384000,267.234,263,630,17.7083,0
8x4x12,1000,587,1.90915,384000,267.234,263,630,17.7083,0
8x4x12,1000,588,1.8282,384000,267.234,263,630,17.7083,0
8x4x12,1000,589,1.83017,384000,267.234,263,630,17.7083,0
8x4x12,1000,590,1.94143,384000,267.234,263,630,17.7083,0
8x4x12,1000,591,1.95948,384000,267.234,263,630,17.7083,0
8x4x12,1000,592,1.76819,384000,267.234,263,630,17.7083,0
8x4x12,1000,593,1.91548,384000,267.234,263,630,17.7083,0
8x4x12,1000,594,2.77735,384000,267.234,263,630,17.7083,0
8x4x12,1000,595,3.17748,384000,267.234,263,630,17.7083,0
8x4x12,1000,596,2.34598,384000,267.234,263,630,17.7083,0
8x4x12,1000,597,1.80917,384000,267.234,263,630,17.7083,0
8x4x12,1000,598,1.96326,384000,267.234,263,630,17.7083,0
8x4x12,1000,599,1.89121,384000,267.234,263,630,17.7083,0
8x4x12,1000,600,2.14752,384000,267.234,263,630,17.7083,0
8x4x12,1000,601,2.92195,384000,267.234,263,630,17.7083,0
8x4x12,1000,602,3.23672,384000,267.234,263,630,17.7083,0
8x4x12,1000,603,2.16456,384000,267.234,263,630,17.7083,0
8x4x12,1000,604,1.81912,384000,267.234,263,630,17.7083,0
8x4x12,1000,605,2.01089,384000,267.234,263,630,17.7083,0
8x4x12,1000,606,2.46071,384000,267.234,263,630,17.7083,0
8x4x12,1000,607,1.92375,384000,267.234,263,630,17.7083,0
8x4x12,1000,608,2.59697,384000,267.234,263,630,17.7083,0
8x4x12,1000,609,1.81748,384000,267.234,263,630,17.7083,0
8x4x12,1000,610,2.24128,384000,267.234,263,630,17.7083,0
8x4x12,1000,611,1.98717,384000,267.234,263,630,17.7083,0
8x4x12,1000,612,1.91749,384000,267.234,263,630,17.7083,0
8x4x12,1000,613,2.14748,384000,267.234,263,630,17.7083,0
8x4x12,1000,614,1.9618,384000,267.234,263,630,17.7083,0
8x4x12,1000,615,2.02399,384000,267.234,263,630,17.7083,0
8x4x12,1000,616,2.88183,384000,267.234,263,630,17.7083,0
8x4x12,1000,617,3.11378,384000,267.234,263,630,17.7083,0
8x4x12,1000,618,1.84698,384000,267.234,263,630,17.7083,0
8x4x12,1000,619,1.83621,384000,267.234,263,630,17.7083,0
8x4x12,1000,620,1.93001,384000,267.234,263,630,17.7083,0
8x4x12,1000,621,1.95406,384000,267.234,263,630,17.7083,0
8x4x12,1000,622,2.12866,384000,267.234,263,630,17.7083,0
8x4x12,1000,623,3.0309,384000,267.234,263,630,17.7083,0
8x4x12,1000,624,3.13203,384000,267.234,263,630,17.7083,0
8x4x12,1000,625,1.82762,384000,267.234,263,630,17.7083,0
8x4x12,1000,626,2.28046,384000,267.234,263,630,17.7083,0
8x4x12,1000,627,2.11224,384000,267.234,263,630,17.7083,0
8x4x12,1000,628,1.94941,384000,267.234,263,630,17.7083,0
8x4x12,1000,629,1.81045,384000,267.234,263,630,17.7083,0
8x4x12,1000,630,1.78909,384000,267.234,263,630,17.7083,0
8x4x12,1000,631,1.95926,384000,267.234,263,630,17.7083,0
8x4x12,1000,632,1.99559,384000,267.234,263,630,17.7083,0
8x4x12,1000,633,1.79499,384000,267.234,263,630,17.7083,0
8x4x12,1000,634,1.80596,384000,267.234,263,630,17.7083,0
8x4x12,1000,635,2.19601,384000,267.234,263,630,17.7083,0
8x4x12,1000,636,3.09361,384000,267.234,263,630,17.7083,0
8x4x12,1000,637,2.98146,384000,267.234,263,630,17.7083,0
8x4x12,1000,638,2.15133,384000,267.234,263,630,17.7083,0
8x4x12,1000,639,2.04311,384000,267.234,263,630,17.7083,0
8x4x12,1000,640,2.03417,384000,267.234,263,630,17.7083,0
8x4x12,1000,641,1.79081,384000,267.234,263,630,17.7083,0
8x4x12,1000,642,2.33735,384000,267.234,263,630,17.7083,0
8x4x12,1000,643,3.20274,384000,267.234,263,630,17.7083,0
8x4x12,1000,644,2.52473,384000,267.234,263,630,17.7083,0
8x4x12,1000,645,1.92664,384000,267.234,263,630,17.7083,0
8x4x12,1000,646,2.50605,384000,267.234,263,630,17.7083,0
8x4x12,1000,647,2.55976,384000,267.234,263,630,17.7083,0
8x4x12,1000,648,2.42059,384000,267.234,263,630,17.7083,0
8x4x12,1000,649,1.90225,384000,267.234,263,630,17.7083,0
8x4x12,1000,650,1.98616,384000,267.234,263,630,17.7083,0
8x4x12,1000,651,2.02127,384000,267.234,263,630,17.7083,0
8x4x12,1000,652,1.79881,384000,267.234,263,630,17.7083,0
8x4x12,1000,653,1.81622,384000,267.234,263,630,17.7083,0
8x4x12,1000,654,2.18575,384000,267.234,263,630,17.7083,0
8x4x12,1000,655,2.09061,384000,267.234,263,630,17.7083,0
8x4x12,1000,656,1.81073,384000,267.234,263,630,17.7083,0
8x4x12,1000,657,1.77707,384000,267.234,263,630,17.7083,0
8x4x12,1000,658,2.05532,384000,267.234,263,630,17.7083,0
8x4x12,1000,659,2.00141,384000,267.234,263,630,17.7083,0
8x4x12,1000,660,1.79778,384000,267.234,263,630,17.7083,0
8x4x12,1000,661,1.78068,384000,267.234,263,630,17.7083,0
8x4x12,1000,662,2.07738,384000,267.234,263,630,17.7083,0
8x4x12,1000,663,1.95787,384000,267.234,263,630,17.7083,0
8x4x12,1000,664,1.89141,384000,267.234,263,630,17.7083,0
8x4x12,1000,665,1.81321,384000,267.234,263,630,17.7083,0
8x4x12,1000,666,1.83295,384000,267.234,263,630,17.7083,0
8x4x12,1000,667,2.12995,384000,267.234,263,630,17.7083,0
8x4x12,1000,668,1.96701,384000,267.234,263,630,17.7083,0
8x4x12,1000,669,1.78543,384000,267.234,263,630,17.7083,0
8x4x12,1000,670,1.82454,384000,267.234,263,630,17.7083,0
8x4x12,1000,671,2.00775,384000,267.234,263,630,17.7083,0
8x4x12,1000,672,1.96073,384000,267.234,263,630,17.7083,0
8x4x12,1000,673,1.78207,384000,267.234,263,630,17.7083,0
8x4x12,1000,674,1.79793,384000,267.234,263,630,17.7083,0
8x4x12,1000,675,1.79146,384000,267.234,263,630,17.7083,0
8x4x12,1000,676,2.48968,384000,267.234,263,630,17.7083,0
8x4x12,1000,677,1.8138,384000,267.234,263,630,17.7083,0
8x4x12,1000,678,1.81173,384000,267.234,263,630,17.7083,0
8x4x12,1000,679,2.62138,384000,267.234,263,630,17.7083,0
8x4x12,1000,680,2.06093,384000,267.234,263,630,17.7083,0
8x4x12,1000,681,2.03991,384000,267.234,263,630,17.7083,0
8x4x12,1000,682,1.78074,384000,267.234,263,630,17.7083,0
8x4x12,1000,683,1.80153,384000,267.234,263,630,17.7083,0
8x4x12,1000,684,2.02132,384000,267.234,263,630,17.7083,0
8x4x12,1000,685,1.90763,384000,267.234,263,630,17.7083,0
8x4x12,1000,686,1.83032,384000,267.234,263,630,17.7083,0
8x4x12,1000,687,2.34206,384000,267.234,263,630,17.7083,0
8x4x12,1000,688,2.03368,384000,267.234,263,630,17.7083,0
8x4x12,1000,689,1.95372,384000,267.234,263,630,17.7083,0
8x4x12,1000,690,1.80938,384000,267.234,263,630,17.7083,0
8x4x12,1000,691,1.78683,384000,267.234,263,630,17.7083,0
8x4x12,1000,692,2.09339,384000,267.234,263,630,17.7083,0
8x4x12,1000,693,2.00218,384000,267.234,263,630,17.7083,0
8x4x12,1000,694,1.78854,384000,267.234,263,630,17.7083,0
8x4x12,1000,695,2.39113,384000,267.234,263,630,17.7083,0
8x4x12,1000,696,2.04953,384000,267.234,263,630,17.7083,0
8x4x12,1000,697,1.98812,384000,267.234,263,630,17.7083,0
8x4x12,1000,698,1.84372,384000,267.234,263,630,17.7083,0
8x4x12,1000,699,1.82404,384000,267.234,263,630,17.7083,0
8x4x12,1000,700,2.18091,384000,267.234,263,630,17.7083,0
8x4x12,1000,701,1.96902,384000,267.234,263,630,17.7083,0
8x4x12,1000,702,2.03411,384000,267.234,263,630,17.7083,0
8x4x12,1000,703,2.04701,384000,267.234,263,630,17.7083,0
8x4x12,1000,704,2.13096,384000,267.234,263,630,17.7083,0
8x4x12,1000,705,2.06312,384000,267.234,263,630,17.7083,0
8x4x12,1000,706,2.02102,384000,267.234,263,630,17.7083,0
8x4x12,1000,707,2.30615,384000,267.234,263,630,17.7083,0
8x4x12,1000,708,1.88983,384000,267.234,263,630,17.7083,0
8x4x12,1000,709,1.95072,384000,267.234,263,630,17.7083,0
8x4x12,1000,710,1.9376,384000,267.234,263,630,17.7083,0
8x4x12,1000,711,1.82756,384000,267.234,263,630,17.7083,0
8x4x12,1000,712,1.9461,384000,267.234,263,630,17.7083,0
8x4x12,1000,713,2.02987,384000,267.234,263,630,17.7083,0
8x4x12,1000,714,1.996,384000,267.234,263,630,17.7083,0
8x4x12,1000,715,1.85679,384000,267.234,263,630,17.7083,0
8x4x12,1000,716,1.90363,384000,267.234,263,630,17.7083,0
8x4x12,1000,717,1.84196,384000,267.234,263,630,17.7083,0
8x4x12,1000,718,1.97953,384000,267.234,263,630,17.7083,0
8x4x12,1000,719,2.38994,384000,267.234,263,630,17.7083,0
8x4x12,1000,720,1.83193,384000,267.234,263,630,17.7083,0
8x4x12,1000,721,2.24564,384000,267.234,263,630,17.7083,0
8x4x12,1000,722,1.98694,384000,267.234,263,630,17.7083,0
8x4x12,1000,723,2.31357,384000,267.234,263,630,17.7083,0
8x4x12,1000,724,1.93528,384000,267.234,263,630,17.7083,0
8x4x12,1000,725,1.84858,384000,267.234,263,630,17.7083,0
8x4x12,1000,726,2.09981,384000,267.234,263,630,17.7083,0
8x4x12,1000,727,1.87412,384000,267.234,263,630,17.7083,0
8x4x12,1000,728,1.91366,384000,267.234,263,630,17.7083,0
8x4x12,1000,729,2.14537,384000,267.234,263,630,17.7083,0
8x4x12,1000,730,2.08338,384000,267.234,263,630,17.7083,0
8x4x12,1000,731,2.49696,384000,267.234,263,630,17.7083,0
8x4x12,1000,732,2.13613,384000,267.234,263,630,17.7083,0
8x4x12,1000,733,1.97432,384000,267.234,263,630,17.7083,0
8x4x12,1000,734,1.939,384000,267.234,263,630,17.7083,0
8x4x12,1000,735,2.01588,384000,267.234,263,630,17.7083,0
8x4x12,1000,736,2.17662,384000,267.234,263,630,17.7083,0
8x4x12,1000,737,2.12052,384000,267.234,263,630,17.7083,0
8x4x12,1000,738,2.18316,384000,267.234,263,630,17.7083,0
8x4x12,1000,739,2.35952,384000,267.234,263,630,17.7083,0
8x4x12,1000,740,1.82337,384000,267.234,263,630,17.7083,0
8x4x12,1000,741,1.86927,384000,267.234,263,630,17.7083,0
8x4x12,1000,742,2.33572,384000,267.234,263,630,17.7083,0
8x4x12,1000,743,2.19104,384000,267.234,263,630,17.7083,0
8x4x12,1000,744,1.84714,384000,267.234,263,630,17.7083,0
8x4x12,1000,745,2.16421,384000,267.234,263,630,17.7083,0
8x4x12,1000,746,2.48046,384000,267.234,263,630,17.7083,0
8x4x12,1000,747,2.01625,384000,267.234,263,630,17.7083,0
8x4x12,1000,748,1.86683,384000,267.234,263,630,17.7083,0
8x4x12,1000,749,1.95533,384000,267.234,263,630,17.7083,0
8x4x12,1000,750,2.40797,384000,267.234,263,630,17.7083,0
8x4x12,1000,751,1.98925,384000,267.234,263,630,17.7083,0
8x4x12,1000,752,1.79217,384000,267.234,263,630,17.7083,0
8x4x12,1000,753,2.14793,384000,267.234,263,630,17.7083,0
8x4x12,1000,754,2.33177,384000,267.234,263,630,17.7083,0
8x4x12,1000,755,1.89632,384000,267.234,263,630,17.7083,0
8x4x12,1000,756,1.89337,384000,267.234,263,630,17.7083,0
8x4x12,1000,757,1.95398,384000,267.234,263,630,17.7083,0
8x4x12,1000,758,2.24096,384000,267.234,263,630,17.7083,0
8x4x12,1000,759,1.86072,384000,267.234,263,630,17.7083,0
8x4x12,1000,760,1.86266,384000,267.234,263,630,17.7083,0
8x4x12,1000,761,2.00232,384000,267.234,263,630,17.7083,0
8x4x12,1000,762,2.12853,384000,267.234,263,630,17.7083,0
8x4x12,1000,763,1.93641,384000,267.234,263,630,17.7083,0
8x4x12,1000,764,1.84226,384000,267.234,263,630,17.7083,0
8x4x12,1000,765,1.9015,384000,267.234,263,630,17.7083,0
8x4x12,1000,766,2.10175,384000,267.234,263,630,17.7083,0
8x4x12,1000,767,2.25878,384000,267.234,263,630,17.7083,0
8x4x12,1000,768,2.38181,384000,267.234,263,630,17.7083,0
8x4x12,1000,769,2.27245,384000,267.234,263,630,17.7083,0
8x4x12,1000,770,2.02662,384000,267.234,263,630,17.7083,0
8x4x12,1000,771,2.93973,384000,267.234,263,630,17.7083,0
8x4x12,1000,772,1.84209,384000,267.234,263,630,17.7083,0
8x4x12,1000,773,1.95801,384000,267.234,263,630,17.7083,0
8x4x12,1000,774,2.72266,384000,267.234,263,630,17.7083,0
8x4x12,1000,775,2.165,384000,267.234,263,630,17.7083,0
8x4x12,1000,776,1.89502,384000,267.234,263,630,17.7083,0
8x4x12,1000,777,2.48359,384000,267.234,263,630,17.7083,0
8x4x12,1000,778,2.10665,384000,267.234,263,630,17.7083,0
8x4x12,1000,779,1.87167,384000,267.234,263,630,17.7083,0
8x4x12,1000,780,1.87639,384000,267.234,263,630,17.7083,0
8x4x12,1000,781,2.18254,384000,267.234,263,630,17.7083,0
8x4x12,1000,782,2.52384,384000,267.234,263,630,17.7083,0
8x4x12,1000,783,3.02485,384000,267.234,263,630,17.7083,0
8x4x12,1000,784,3.02704,384000,267.234,263,630,17.7083,0
8x4x12,1000,785,1.95907,384000,267.234,263,630,17.7083,0
8x4x12,1000,786,1.88101,384000,267.234,263,630,17.7083,0
8x4x12,1000,787,1.81621,384000,267.234,263,630,17.7083,0
8x4x12,1000,788,1.88368,384000,267.234,263,630,17.7083,0
8x4x12,1000,789,2.50975,384000,267.234,263,630,17.7083,0
8x4x12,1000,790,2.81966,384000,267.234,263,630,17.7083,0
8x4x12,1000,791,2.88162,384000,267.234,263,630,17.7083,0
8x4x12,1000,792,2.26981,384000,267.234,263,630,17.7083,0
8x4x12,1000,793,2.22316,384000,267.234,263,630,17.7083,0
8x4x12,1000,794,1.81088,384000,267.234,263,630,17.7083,0
8x4x12,1000,795,1.88818,384000,267.234,263,630,17.7083,0
8x4x12,1000,796,2.57692,384000,267.234,263,630,17.7083,0
8x4x12,1000,797,1.79563,384000,267.234,263,630,17.7083,0
8x4x12,1000,798,1.83195,384000,267.234,263,630,17.7083,0
8x4x12,1000,799,2.0125,384000,267.234,263,630,17.7083,0
8x4x12,1000,800,2.52253,384000,267.234,263,630,17.7083,0
8x4x12,1000,801,1.8617,384000,267.234,263,630,17.7083,0
8x4x12,1000,802,1.84109,384000,267.234,263,630,17.7083,0
8x4x12,1000,803,1.89757,384000,267.234,263,630,17.7083,0
8x4x12,1000,804,2.1531,384000,267.234,263,630,17.7083,0
8x4x12,1000,805,1.82418,384000,267.234,263,630,17.7083,0
8x4x12,1000,806,1.89318,384000,267.234,263,630,17.7083,0
8x4x12,1000,807,2.01539,384000,267.234,263,630,17.7083,0
8x4x12,1000,808,2.21569,384000,267.234,263,630,17.7083,0
8x4x12,1000,809,2.46765,384000,267.234,263,630,17.7083,0
8x4x12,1000,810,2.01612,384000,267.234,263,630,17.7083,0
8x4x12,1000,811,1.85537,384000,267.234,263,630,17.7083,0
8x4x12,1000,812,2.07623,384000,267.234,263,630,17.7083,0
8x4x12,1000,813,1.94942,384000,267.234,263,630,17.7083,0
8x4x12,1000,814,1.88966,384000,267.234,263,630,17.7083,0
8x4x12,1000,815,2.03971,384000,267.234,263,630,17.7083,0
8x4x12,1000,816,2.42378,384000,267.234,263,630,17.7083,0
8x4x12,1000,817,2.22481,384000,267.234,263,630,17.7083,0
8x4x12,1000,818,1.85584,384000,267.234,263,630,17.7083,0
8x4x12,1000,819,2.01126,384000,267.234,263,630,17.7083,0
8x4x12,1000,820,2.07506,384000,267.234,263,630,17.7083,0
8x4x12,1000,821,1.95215,384000,267.234,263,630,17.7083,0
8x4x12,1000,822,1.84045,384000,267.234,263,630,17.7083,0
8x4x12,1000,823,1.99432,384000,267.234,263,630,17.7083,0
8x4x12,1000,824,2.42388,384000,267.234,263,630,17.7083,0
8x4x12,1000,825,2.41768,384000,267.234,263,630,17.7083,0
8x4x12,1000,826,1.89497,384000,267.234,263,630,17.7083,0
8x4x12,1000,827,2.02614,384000,267.234,263,630,17.7083,0
8x4x12,1000,828,2.07757,384000,267.234,263,630,17.7083,0
8x4x12,1000,829,2.09949,384000,267.234,263,630,17.7083,0
8x4x12,1000,830,1.85342,384000,267.234,263,630,17.7083,0
8x4x12,1000,831,1.94807,384000,267.234,263,630,17.7083,0
8x4x12,1000,832,2.57188,384000,267.234,263,630,17.7083,0
8x4x12,1000,833,2.08271,384000,267.234,263,630,17.7083,0
8x4x12,1000,834,1.98754,384000,267.234,263,630,17.7083,0
8x4x12,1000,835,1.90903,384000,267.234,263,630,17.7083,0
8x4x12,1000,836,1.95333,384000,267.234,263,630,17.7083,0
8x4x12,1000,837,1.99401,384000,267.234,263,630,17.7083,0
8x4x12,1000,838,1.78868,384000,267.234,263,630,17.7083,0
8x4x12,1000,839,2.24935,384000,267.234,263,630,17.7083,0
8x4x12,1000,840,2.33544,384000,267.234,263,630,17.7083,0
8x4x12,1000,841,1.97749,384000,267.234,263,630,17.7083,0
8x4x12,1000,842,1.86084,384000,267.234,263,630,17.7083,0
8x4x12,1000,843,1.81404,384000,267.234,263,630,17.7083,0
8x4x12,1000,844,1.93813,384000,267.234,263,630,17.7083,0
8x4x12,1000,845,2.03545,384000,267.234,263,630,17.7083,0
8x4x12,1000,846,1.8313,384000,267.234,263,630,17.7083,0
8x4x12,1000,847,1.82123,384000,267.234,263,630,17.7083,0
8x4x12,1000,848,2.06449,384000,267.234,263,630,17.7083,0
8x4x12,1000,849,2.00824,384000,267.234,263,630,17.7083,0
8x4x12,1000,850,1.97002,384000,267.234,263,630,17.7083,0
8x4x12,1000,851,1.81959,384000,267.234,263,630,17.7083,0
8x4x12,1000,852,2.01444,384000,267.234,263,630,17.7083,0
8x4x12,1000,853,2.42975,384000,267.234,263,630,17.7083,0
8x4x12,1000,854,1.8959,384000,267.234,263,630,17.7083,0
8x4x12,1000,855,1.81173,384000,267.234,263,630,17.7083,0
8x4x12,1000,856,1.98914,384000,267.234,263,630,17.7083,0
8x4x12,1000,857,1.9531,384000,267.234,263,630,17.7083,0
8x4x12,1000,858,1.92531,384000,267.234,263,630,17.7083,0
8x4x12,1000,859,1.79424,384000,267.234,263,630,17.7083,0
8x4x12,1000,860,1.87489,384000,267.234,263,630,17.7083,0
8x4x12,1000,861,2.11089,384000,267.234,263,630,17.7083,0
8x4x12,1000,862,2.04543,384000,267.234,263,630,17.7083,0
8x4x12,1000,863,1.80079,384000,267.234,263,630,17.7083,0
8x4x12,1000,864,1.80802,384000,267.234,263,630,17.7083,0
8x4x12,1000,865,2.03268,384000,267.234,263,630,17.7083,0
8x4x12,1000,866,1.99462,384000,267.234,263,630,17.7083,0
8x4x12,1000,867,1.83897,384000,267.234,263,630,17.7083,0
8x4x12,1000,868,1.79192,384000,267.234,263,630,17.7083,0
8x4x12,1000,869,1.93344,384000,267.234,263,630,17.7083,0
8x4x12,1000,870,2.1034,384000,267.234,263,630,17.7083,0
8x4x12,1000,871,1.98807,384000,267.234,263,630,17.7083,0
8x4x12,1000,872,1.79423,384000,267.234,263,630,17.7083,0
8x4x12,1000,873,1.94474,384000,267.234,263,630,17.7083,0
8x4x12,1000,874,1.94484,384000,267.234,263,630,17.7083,0
8x4x12,1000,875,1.92869,384000,267.234,263,630,17.7083,0
8x4x12,1000,876,1.83836,384000,267.234,263,630,17.7083,0
8x4x12,1000,877,2.3803,384000,267.234,263,630,17.7083,0
8x4x12,1000,878,2.13244,384000,267.234,263,630,17.7083,0
8x4x12,1000,879,2.00139,384000,267.234,263,630,17.7083,0
8x4x12,1000,880,1.81109,384000,267.234,263,630,17.7083,0
8x4x12,1000,881,1.88247,384000,267.234,263,630,17.7083,0
8x4x12,1000,882,1.98915,384000,267.234,263,630,17.7083,0
8x4x12,1000,883,1.97117,384000,267.234,263,630,17.7083,0
8x4x12,1000,884,1.79043,384000,267.234,263,630,17.7083,0
8x4x12,1000,885,2.11042,384000,267.234,263,630,17.7083,0
8x4x12,1000,886,1.85965,384000,267.234,263,630,17.7083,0
8x4x12,1000,887,1.93782,384000,267.234,263,630,17.7083,0
8x4x12,1000,888,2.07979,384000,267.234,263,630,17.7083,0
8x4x12,1000,889,1.81447,384000,267.234,263,630,17.7083,0
8x4x12,1000,890,2.17371,384000,267.234,263,630,17.7083,0
8x4x12,1000,891,1.93142,384000,267.234,263,630,17.7083,0
8x4x12,1000,892,1.97168,384000,267.234,263,630,17.7083,0
8x4x12,1000,893,1.80475,384000,267.234,263,630,17.7083,0
8x4x12,1000,894,1.94855,384000,267.234,263,630,17.7083,0
8x4x12,1000,895,1.90729,384000,267.234,263,630,17.7083,0
8x4x12,1000,896,1.94928,384000,267.234,263,630,17.7083,0
8x4x12,1000,897,1.81295,384000,267.234,263,630,17.7083,0
8x4x12,1000,898,1.95951,384000,267.234,263,630,17.7083,0
8x4x12,1000,899,2.14077,384000,267.234,263,630,17.7083,0
8x4x12,1000,900,1.96752,384000,267.234,263,630,17.7083,0
8x4x12,1000,901,1.88545,384000,267.234,263,630,17.7083,0
8x4x12,1000,902,1.9119,384000,267.234,263,630,17.7083,0
8x4x12,1000,903,1.86056,384000,267.234,263,630,17.7083,0
8x4x12,1000,904,1.98099,384000,267.234,263,630,17.7083,0
8x4x12,1000,905,1.92159,384000,267.234,263,630,17.7083,0
8x4x12,1000,906,2.28158,384000,267.234,263,630,17.7083,0
8x4x12,1000,907,2.16723,384000,267.234,263,630,17.7083,0
8x4x12,1000,908,2.04063,384000,267.234,263,630,17.7083,0
8x4x12,1000,909,1.92073,384000,267.234,263,630,17.7083,0
8x4x12,1000,910,1.93009,384000,267.234,263,630,17.7083,0
8x4x12,1000,911,1.871,384000,267.234,263,630,17.7083,0
8x4x12,1000,912,2.44134,384000,267.234,263,630,17.7083,0
8x4x12,1000,913,1.9218,384000,267.234,263,630,17.7083,0
8x4x12,1000,914,2.05967,384000,267.234,263,630,17.7083,0
8x4x12,1000,915,2.01993,384000,267.234,263,630,17.7083,0
8x4x12,1000,916,2.0476,384000,267.234,263,630,17.7083,0
8x4x12,1000,917,1.94197,384000,267.234,263,630,17.7083,0
8x4x12,1000,918,1.81289,384000,267.234,263,630,17.7083,0
8x4x12,1000,919,1.79818,384000,267.234,263,630,17.7083,0
8x4x12,1000,920,1.86642,384000,267.234,263,630,17.7083,0
8x4x12,1000,921,2.17416,384000,267.234,263,630,17.7083,0
8x4x12,1000,922,2.20936,384000,267.234,263,630,17.7083,0
8x4x12,1000,923,1.86989,384000,267.234,263,630,17.7083,0
8x4x12,1000,924,2.05235,384000,267.234,263,630,17.7083,0
8x4x12,1000,925,2.0695,384000,267.234,263,630,17.7083,0
8x4x12,1000,926,1.84763,384000,267.234,263,630,17.7083,0
8x4x12,1000,927,1.85883,384000,267.234,263,630,17.7083,0
8x4x12,1000,928,1.98565,384000,267.234,263,630,17.7083,0
8x4x12,1000,929,2.39252,384000,267.234,263,630,17.7083,0
8x4x12,1000,930,2.49179,384000,267.234,263,630,17.7083,0
8x4x12,1000,931,1.89445,384000,267.234,263,630,17.7083,0
8x4x12,1000,932,2.08241,384000,267.234,263,630,17.7083,0
8x4x12,1000,933,1.93373,384000,267.234,263,630,17.7083,0
8x4x12,1000,934,1.98416,384000,267.234,263,630,17.7083,0
8x4x12,1000,935,1.86414,384000,267.234,263,630,17.7083,0
8x4x12,1000,936,1.79528,384000,267.234,263,630,17.7083,0
8x4x12,1000,937,2.29077,384000,267.234,263,630,17.7083,0
8x4x12,1000,938,1.88566,384000,267.234,263,630,17.7083,0
8x4x12,1000,939,1.79637,384000,267.234,263,630,17.7083,0
8x4x12,1000,940,1.9613,384000,267.234,263,630,17.7083,0
8x4x12,1000,941,1.93574,384000,267.234,263,630,17.7083,0
8x4x12,1000,942,1.99604,384000,267.234,263,630,17.7083,0
8x4x12,1000,943,1.89504,384000,267.234,263,630,17.7083,0
8x4x12,1000,944,2.25717,384000,267.234,263,630,17.7083,0
8x4x12,1000,945,2.36483,384000,267.234,263,630,17.7083,0
8x4x12,1000,946,1.99225,384000,267.234,263,630,17.7083,0
8x4x12,1000,947,1.84568,384000,267.234,263,630,17.7083,0
8x4x12,1000,948,1.80624,384000,267.234,263,630,17.7083,0
8x4x12,1000,949,2.00925,384000,267.234,263,630,17.7083,0
8x4x12,1000,950,2.00065,384000,267.234,263,630,17.7083,0
8x4x12,1000,951,2.39793,384000,267.234,263,630,17.7083,0
8x4x12,1000,952,1.80511,384000,267.234,263,630,17.7083,0
8x4x12,1000,953,2.32462,384000,267.234,263,630,17.7083,0
8x4x12,1000,954,2.00723,384000,267.234,263,630,17.7083,0
8x4x12,1000,955,1.81166,384000,267.234,263,630,17.7083,0
8x4x12,1000,956,1.80301,384000,267.234,263,630,17.7083,0
8x4x12,1000,957,2.06089,384000,267.234,263,630,17.7083,0
8x4x12,1000,958,2.01874,384000,267.234,263,630,17.7083,0
8x4x12,1000,959,2.50577,384000,267.234,263,630,17.7083,0
8x4x12,1000,960,1.8191,384000,267.234,263,630,17.7083,0
8x4x12,1000,961,1.92562,384000,267.234,263,630,17.7083,0
8x4x12,1000,962,2.00426,384000,267.234,263,630,17.7083,0
8x4x12,1000,963,1.81904,384000,267.234,263,630,17.7083,0
8x4x12,1000,964,1.88272,384000,267.234,263,630,17.7083,0
8x4x12,1000,965,2.02184,384000,267.234,263,630,17.7083,0
8x4x12,1000,966,2.12071,384000,267.234,263,630,17.7083,0
8x4x12,1000,967,2.14358,384000,267.234,263,630,17.7083,0
8x4x12,1000,968,1.93969,384000,267.234,263,630,17.7083,0
8x4x12,1000,969,1.84436,384000,267.234,263,630,17.7083,0
8x4x12,1000,970,1.9762,384000,267.234,263,630,17.7083,0
8x4x12,1000,971,2.03133,384000,267.234,263,630,17.7083,0
8x4x12,1000,972,1.84864,384000,267.234,263,630,17.7083,0
8x4x12,1000,973,1.97385,384000,267.234,263,630,17.7083,0
8x4x12,1000,974,1.90876,384000,267.234,263,630,17.7083,0
8x4x12,1000,975,2.00931,384000,267.234,263,630,17.7083,0
8x4x12,1000,976,1.80423,384000,267.234,263,630,17.7083,0
8x4x12,1000,977,2.08157,384000,267.234,263,630,17.7083,0
8x4x12,1000,978,1.91963,384000,267.234,263,630,17.7083,0
8x4x12,1000,979,2.06956,384000,267.234,263,630,17.7083,0
8x4x12,1000,980,1.87556,384000,267.234,263,630,17.7083,0
8x4x12,1000,981,1.90315,384000,267.234,263,630,17.7083,0
8x4x12,1000,982,1.94328,384000,267.234,263,630,17.7083,0
8x4x12,1000,983,1.98798,384000,267.234,263,630,17.7083,0
8x4x12,1000,984,1.87238,384000,267.234,263,630,17.7083,0
8x4x12,1000,985,2.09564,384000,267.234,263,630,17.7083,0
8x4x12,1000,986,1.99781,384000,267.234,263,630,17.7083,0
8x4x12,1000,987,1.98788,384000,267.234,263,630,17.7083,0
8x4x12,1000,988,2.57173,384000,267.234,263,630,17.7083,0
8x4x12,1000,989,1.82002,384000,267.234,263,630,17.7083,0
8x4x12,1000,990,2.05816,384000,267.234,263,630,17.7083,0
8x4x12,1000,991,2.02074,384000,267.234,263,630,17.7083,0
8x4x12,1000,992,1.89892,384000,267.234,263,630,17.7083,0
8x4x12,1000,993,2.17433,384000,267.234,263,630,17.7083,0
8x4x12,1000,994,1.79687,384000,267.234,263,630,17.7083,0
8x4x12,1000,995,1.96159,384000,267.234,263,630,17.7083,0
8x4x12,1000,996,2.23119,384000,267.234,263,630,17.7083,0
8x4x12,1000,997,1.81132,384000,267.234,263,630,17.7083,0
8x4x12,1000,998,1.87662,384000,267.234,263,630,17.7083,0
8x4x12,1000,999,1.98187,384000,267.234,263,630,17.7083,0
16x9x24,100,0,1.39536,345600,24.8924,26,59,23.8426,0
16x9x24,100,1,1.42522,345600,24.8924,26,59,23.8426,0
16x9x24,100,2,1.32821,345600,24.8924,26,59,23.8426,0
16x9x24,100,3,1.32588,345600,24.8924,26,59,23.8426,0
16x9x24,100,4,1.28577,345600,24.8924,26,59,23.8426,0
16x9x24,100,5,1.36855,345600,24.8924,26,59,23.8426,0
16x9x24,100,6,1.83303,345600,24.8924,26,59,23.8426,0
16x9x24,100,7,1.44315,345600,24.8924,26,59,23.8426,0
16x9x24,100,8,1.33542,345600,24.8924,26,59,23.8426,0
16x9x24,100,9,1.318,345600,24.8924,26,59,23.8426,0
16x9x24,100,10,1.38254,345600,24.8924,26,59,23.8426,0
16x9x24,100,11,1.86091,345600,24.8924,26,59,23.8426,0
16x9x24,100,12,2.49418,345600,24.8924,26,59,23.8426,0
16x9x24,100,13,1.33978,345600,24.8924,26,59,23.8426,0
16x9x24,100,14,1.32731,345600,24.8924,26,59,23.8426,0
16x9x24,100,15,1.33438,345600,24.8924,26,59,23.8426,0
16x9x24,100,16,2.16767,345600,24.8924,26,59,23.8426,0
16x9x24,100,17,1.86982,345600,24.8924,26,59,23.8426,0
16x9x24,100,18,1.64756,345600,24.8924,26,59,23.8426,0
16x9x24,100,19,1.40569,345600,24.8924,26,59,23.8426,0
16x9x24,100,20,1.51314,345600,24.8924,26,59,23.8426,0
16x9x24,100,21,1.41974,345600,24.8924,26,59,23.8426,0
16x9x24,100,22,1.7797,345600,24.8924,26,59,23.8426,0
16x9x24,100,23,1.43385,345600,24.8924,26,59,23.8426,0
16x9x24,100,24,1.72263,345600,24.8924,26,59,23.8426,0
16x9x24,100,25,1.53444,345600,24.8924,26,59,23.8426,0
16x9x24,100,26,1.34434,345600,24.8924,26,59,23.8426,0
16x9x24,100,27,1.62921,345600,24.8924,26,59,23.8426,0
16x9x24,100,28,1.60579,345600,24.8924,26,59,23.8426,0
16x9x24,100,29,1.3511,345600,24.8924,26,59,23.8426,0
16x9x24,100,30,1.31412,345600,24.8924,26,59,23.8426,0
16x9x24,100,31,1.45355,345600,24.8924,26,59,23.8426,0
16x9x24,100,32,1.44308,345600,24.8924,26,59,23.8426,0
16x9x24,100,33,1.93363,345600,24.8924,26,59,23.8426,0
16x9x24,100,34,1.65812,345600,24.8924,26,59,23.8426,0
16x9x24,100,35,1.33204,345600,24.8924,26,59,23.8426,0
16x9x24,100,36,1.31557,345600,24.8924,26,59,23.8426,0
16x9x24,100,37,1.39499,345600,24.8924,26,59,23.8426,0
16x9x24,100,38,2.09028,345600,24.8924,26,59,23.8426,0
16x9x24,100,39,1.7139,345600,24.8924,26,59,23.8426,0
16x9x24,100,40,1.33292,345600,24.8924,26,59,23.8426,0
16x9x24,100,41,1.33841,345600,24.8924,26,59,23.8426,0
16x9x24,100,42,1.48542,345600,24.8924,26,59,23.8426,0
16x9x24,100,43,1.41175,345600,24.8924,26,59,23.8426,0
16x9x24,100,44,1.85172,345600,24.8924,26,59,23.8426,0
16x9x24,100,45,2.01976,345600,24.8924,26,59,23.8426,0
16x9x24,100,46,1.39295,345600,24.8924,26,59,23.8426,0
16x9x24,100,47,1.32284,345600,24.8924,26,59,23.8426,0
16x9x24,100,48,1.51431,345600,24.8924,26,59,23.8426,0
16x9x24,100,49,1.47213,345600,24.8924,26,59,23.8426,0
16x9x24,100,50,1.31835,345600,24.8924,26,59,23.8426,0
16x9x24,100,51,1.31966,345600,24.8924,26,59,23.8426,0
16x9x24,100,52,1.3241,345600,24.8924,26,59,23.8426,0
16x9x24,100,53,1.51391,345600,24.8924,26,59,23.8426,0
16x9x24,100,54,1.4117,345600,24.8924,26,59,23.8426,0
16x9x24,100,55,1.56159,345600,24.8924,26,59,23.8426,0
16x9x24,100,56,1.34266,345600,24.8924,26,59,23.8426,0
16x9x24,100,57,1.80227,345600,24.8924,26,59,23.8426,0
16x9x24,100,58,2.42414,345600,24.8924,26,59,23.8426,0
16x9x24,100,59,1.67764,345600,24.8924,26,59,23.8426,0
16x9x24,100,60,1.43833,345600,24.8924,26,59,23.8426,0
16x9x24,100,61,1.34864,345600,24.8924,26,59,23.8426,0
16x9x24,100,62,1.32742,345600,24.8924,26,59,23.8426,0
16x9x24,100,63,1.34787,345600,24.8924,26,59,23.8426,0
16x9x24,100,64,1.82128,345600,24.8924,26,59,23.8426,0
16x9x24,100,65,1.52937,345600,24.8924,26,59,23.8426,0
16x9x24,100,66,1.46415,345600,24.8924,26,59,23.8426,0
16x9x24,100,67,1.63781,345600,24.8924,26,59,23.8426,0
16x9x24,100,68,2.38306,345600,24.8924,26,59,23.8426,0
16x9x24,100,69,1.59496,345600,24.8924,26,59,23.8426,0
16x9x24,100,70,1.5111,345600,24.8924,26,59,23.8426,0
16x9x24,100,71,1.39284,345600,24.8924,26,59,23.8426,0
16x9x24,100,72,1.46394,345600,24.8924,26,59,23.8426,0
16x9x24,100,73,2.03834,345600,24.8924,26,59,23.8426,0
16x9x24,100,74,1.5979,345600,24.8924,26,59,23.8426,0
16x9x24,100,75,1.4365,345600,24.8924,26,59,23.8426,0
16x9x24,100,76,1.96302,345600,24.8924,26,59,23.8426,0
16x9x24,100,77,2.39863,345600,24.8924,26,59,23.8426,0
16x9x24,100,78,1.74067,345600,24.8924,26,59,23.8426,0
16x9x24,100,79,1.76657,345600,24.8924,26,59,23.8426,0
16x9x24,100,80,1.47205,345600,24.8924,26,59,23.8426,0
16x9x24,100,81,1.33858,345600,24.8924,26,59,23.8426,0
16x9x24,100,82,1.32587,345600,24.8924,26,59,23.8426,0
16x9x24,100,83,1.33269,345600,24.8924,26,59,23.8426,0
16x9x24,100,84,1.49365,345600,24.8924,26,59,23.8426,0
16x9x24,100,85,1.43257,345600,24.8924,26,59,23.8426,0
16x9x24,100,86,1.72359,345600,24.8924,26,59,23.8426,0
16x9x24,100,87,1.92246,345600,24.8924,26,59,23.8426,0
16x9x24,100,88,2.03249,345600,24.8924,26,59,23.8426,0
16x9x24,100,89,1.89544,345600,24.8924,26,59,23.8426,0
16x9x24,100,90,1.61454,345600,24.8924,26,59,23.8426,0
16x9x24,100,91,1.37279,345600,24.8924,26,59,23.8426,0
16x9x24,100,92,1.34362,345600,24.8924,26,59,23.8426,0
16x9x24,100,93,1.34053,345600,24.8924,26,59,23.8426,0
16x9x24,100,94,1.4902,345600,24.8924,26,59,23.8426,0
16x9x24,100,95,1.41531,345600,24.8924,26,59,23.8426,0
16x9x24,100,96,1.58125,345600,24.8924,26,59,23.8426,0
16x9x24,100,97,2.18014,345600,24.8924,26,59,23.8426,0
16x9x24,100,98,1.68893,345600,24.8924,26,59,23.8426,0
16x9x24,100,99,2.15908,345600,24.8924,26,59,23.8426,0
16x9x24,100,100,2.32753,345600,24.8924,26,59,23.8426,0
16x9x24,100,101,1.39075,345600,24.8924,26,59,23.8426,0
16x9x24,100,102,1.30867,345600,24.8924,26,59,23.8426,0
16x9x24,100,103,1.34825,345600,24.8924,26,59,23.8426,0
16x9x24,100,104,1.44341,345600,24.8924,26,59,23.8426,0
16x9x24,100,105,1.46,345600,24.8924,26,59,23.8426,0
16x9x24,100,106,1.42034,345600,24.8924,26,59,23.8426,0
16x9x24,100,107,1.29366,345600,24.8924,26,59,23.8426,0
16x9x24,100,108,1.33062,345600,24.8924,26,59,23.8426,0
16x9x24,100,109,2.12269,345600,24.8924,26,59,23.8426,0
16x9x24,100,110,2.67163,345600,24.8924,26,59,23.8426,0
16x9x24,100,111,2.55077,345600,24.8924,26,59,23.8426,0
16x9x24,100,112,2.51019,345600,24.8924,26,59,23.8426,0
16x9x24,100,113,2.67477,345600,24.8924,26,59,23.8426,0
16x9x24,100,114,2.65891,345600,24.8924,26,59,23.8426,0
16x9x24,100,115,2.4326,345600,24.8924,26,59,23.8426,0
16x9x24,100,116,2.55243,345600,24.8924,26,59,23.8426,0
16x9x24,100,117,2.57721,345600,24.8924,26,59,23.8426,0
16x9x24,100,118,2.51301,345600,24.8924,26,59,23.8426,0
16x9x24,100,119,2.77056,345600,24.8924,26,59,23.8426,0
16x9x24,100,120,2.63477,345600,24.8924,26,59,23.8426,0
16x9x24,100,121,1.76949,345600,24.8924,26,59,23.8426,0
16x9x24,100,122,1.41569,345600,24.8924,26,59,23.8426,0
16x9x24,100,123,1.48548,345600,24.8924,26,59,23.8426,0
16x9x24,100,124,1.85372,345600,24.8924,26,59,23.8426,0
16x9x24,100,125,1.71191,345600,24.8924,26,59,23.8426,0
16x9x24,100,126,1.3434,345600,24.8924,26,59,23.8426,0
16x9x24,100,127,1.3422,345600,24.8924,26,59,23.8426,0
16x9x24,100,128,1.36184,345600,24.8924,26,59,23.8426,0
16x9x24,100,129,1.55428,345600,24.8924,26,59,23.8426,0
16x9x24,100,130,1.4326,345600,24.8924,26,59,23.8426,0
16x9x24,100,131,1.59648,345600,24.8924,26,59,23.8426,0
16x9x24,100,132,1.99568,345600,24.8924,26,59,23.8426,0
16x9x24,100,133,2.32423,345600,24.8924,26,59,23.8426,0
16x9x24,100,134,1.38504,345600,24.8924,26,59,23.8426,0
16x9x24,100,135,1.53395,345600,24.8924,26,59,23.8426,0
16x9x24,100,136,1.4068,345600,24.8924,26,59,23.8426,0
16x9x24,100,137,1.31707,345600,24.8924,26,59,23.8426,0
16x9x24,100,138,1.8508,345600,24.8924,26,59,23.8426,0
16x9x24,100,139,2.58058,345600,24.8924,26,59,23.8426,0
16x9x24,100,140,1.72363,345600,24.8924,26,59,23.8426,0
16x9x24,100,141,2.15293,345600,24.8924,26,59,23.8426,0
16x9x24,100,142,2.25779,345600,24.8924,26,59,23.8426,0
16x9x24,100,143,1.81848,345600,24.8924,26,59,23.8426,0
16x9x24,100,144,1.55976,345600,24.8924,26,59,23.8426,0
16x9x24,100,145,1.40768,345600,24.8924,26,59,23.8426,0
16x9x24,100,146,1.31901,345600,24.8924,26,59,23.8426,0
16x9x24,100,147,1.32855,345600,24.8924,26,59,23.8426,0
16x9x24,100,148,1.34979,345600,24.8924,26,59,23.8426,0
16x9x24,100,149,1.51441,345600,24.8924,26,59,23.8426,0
16x9x24,100,150,2.03664,345600,24.8924,26,59,23.8426,0
16x9x24,100,151,2.38524,345600,24.8924,26,59,23.8426,0
16x9x24,100,152,1.71006,345600,24.8924,26,59,23.8426,0
16x9x24,100,153,1.86396,345600,24.8924,26,59,23.8426,0
16x9x24,100,154,1.4732,345600,24.8924,26,59,23.8426,0
16x9x24,100,155,1.40382,345600,24.8924,26,59,23.8426,0
16x9x24,100,156,1.3271,345600,24.8924,26,59,23.8426,0
16x9x24,100,157,1.3273,345600,24.8924,26,59,23.8426,0
16x9x24,100,158,1.796,345600,24.8924,26,59,23.8426,0
16x9x24,100,159,1.78566,345600,24.8924,26,59,23.8426,0
16x9x24,100,160,1.79393,345600,24.8924,26,59,23.8426,0
16x9x24,100,161,1.97862,345600,24.8924,26,59,23.8426,0
16x9x24,100,162,2.34785,345600,24.8924,26,59,23.8426,0
16x9x24,100,163,2.65024,345600,24.8924,26,59,23.8426,0
16x9x24,100,164,2.56637,345600,24.8924,26,59,23.8426,0
16x9x24,100,165,2.5274,345600,24.8924,26,59,23.8426,0
16x9x24,100,166,2.724,345600,24.8924,26,59,23.8426,0
16x9x24,100,167,2.57796,345600,24.8924,26,59,23.8426,0
16x9x24,100,168,2.44086,345600,24.8924,26,59,23.8426,0
16x9x24,100,169,2.40777,345600,24.8924,26,59,23.8426,0
16x9x24,100,170,2.64775,345600,24.8924,26,59,23.8426,0
16x9x24,100,171,2.44881,345600,24.8924,26,59,23.8426,0
16x9x24,100,172,2.66089,345600,24.8924,26,59,23.8426,0
16x9x24,100,173,2.71514,345600,24.8924,26,59,23.8426,0
16x9x24,100,174,2.44627,345600,24.8924,26,59,23.8426,0
16x9x24,100,175,2.47129,345600,24.8924,26,59,23.8426,0
16x9x24,100,176,2.60817,345600,24.8924,26,59,23.8426,0
16x9x24,100,177,2.15019,345600,24.8924,26,59,23.8426,0
16x9x24,100,178,2.04326,345600,24.8924,26,59,23.8426,0
16x9x24,100,179,2.58101,345600,24.8924,26,59,23.8426,0
16x9x24,100,180,2.59565,345600,24.8924,26,59,23.8426,0
16x9x24,100,181,2.51149,345600,24.8924,26,59,23.8426,0
16x9x24,100,182,2.51247,345600,24.8924,26,59,23.8426,0
16x9x24,100,183,2.62605,345600,24.8924,26,59,23.8426,0
16x9x24,100,184,2.01112,345600,24.8924,26,59,23.8426,0
16x9x24,100,185,2.39107,345600,24.8924,26,59,23.8426,0
16x9x24,100,186,2.01159,345600,24.8924,26,59,23.8426,0
16x9x24,100,187,1.44605,345600,24.8924,26,59,23.8426,0
16x9x24,100,188,1.39033,345600,24.8924,26,59,23.8426,0
16x9x24,100,189,1.41297,345600,24.8924,26,59,23.8426,0
16x9x24,100,190,1.33527,345600,24.8924,26,59,23.8426,0
16x9x24,100,191,1.31341,345600,24.8924,26,59,23.8426,0
16x9x24,100,192,1.40112,345600,24.8924,26,59,23.8426,0
16x9x24,100,193,1.44129,345600,24.8924,26,59,23.8426,0
16x9x24,100,194,1.86596,345600,24.8924,26,59,23.8426,0
16x9x24,100,195,2.37745,345600,24.8924,26,59,23.8426,0
16x9x24,100,196,1.6776,345600,24.8924,26,59,23.8426,0
16x9x24,100,197,1.40734,345600,24.8924,26,59,23.8426,0
16x9x24,100,198,1.56299,345600,24.8924,26,59,23.8426,0
16x9x24,100,199,1.31086,345600,24.8924,26,59,23.8426,0
16x9x24,100,200,1.32127,345600,24.8924,26,59,23.8426,0
16x9x24,100,201,1.33143,345600,24.8924,26,59,23.8426,0
16x9x24,100,202,1.30828,345600,24.8924,26,59,23.8426,0
16x9x24,100,203,1.40105,345600,24.8924,26,59,23.8426,0
16x9x24,100,204,2.0554,345600,24.8924,26,59,23.8426,0
16x9x24,100,205,1.99551,345600,24.8924,26,59,23.8426,0
16x9x24,100,206,2.41774,345600,24.8924,26,59,23.8426,0
16x9x24,100,207,1.71042,345600,24.8924,26,59,23.8426,0
16x9x24,100,208,1.89637,345600,24.8924,26,59,23.8426,0
16x9x24,100,209,2.13486,345600,24.8924,26,59,23.8426,0
16x9x24,100,210,1.32371,345600,24.8924,26,59,23.8426,0
16x9x24,100,211,1.30905,345600,24.8924,26,59,23.8426,0
16x9x24,100,212,1.38133,345600,24.8924,26,59,23.8426,0
16x9x24,100,213,2.40288,345600,24.8924,26,59,23.8426,0
16x9x24,100,214,2.48894,345600,24.8924,26,59,23.8426,0
16x9x24,100,215,2.63789,345600,24.8924,26,59,23.8426,0
16x9x24,100,216,2.75808,345600,24.8924,26,59,23.8426,0
16x9x24,100,217,2.43755,345600,24.8924,26,59,23.8426,0
16x9x24,100,218,2.47591,345600,24.8924,26,59,23.8426,0
16x9x24,100,219,2.58334,345600,24.8924,26,59,23.8426,0
16x9x24,100,220,2.34196,345600,24.8924,26,59,23.8426,0
16x9x24,100,221,1.95897,345600,24.8924,26,59,23.8426,0
16x9x24,100,222,2.33417,345600,24.8924,26,59,23.8426,0
16x9x24,100,223,2.19688,345600,24.8924,26,59,23.8426,0
16x9x24,100,224,2.16858,345600,24.8924,26,59,23.8426,0
16x9x24,100,225,1.37105,345600,24.8924,26,59,23.8426,0
16x9x24,100,226,1.31876,345600,24.8924,26,59,23.8426,0
16x9x24,100,227,1.348,345600,24.8924,26,59,23.8426,0
16x9x24,100,228,1.38538,345600,24.8924,26,59,23.8426,0
16x9x24,100,229,1.58697,345600,24.8924,26,59,23.8426,0
16x9x24,100,230,2.14542,345600,24.8924,26,59,23.8426,0
16x9x24,100,231,1.90108,345600,24.8924,26,59,23.8426,0
16x9x24,100,232,1.51198,345600,24.8924,26,59,23.8426,0
16x9x24,100,233,1.46975,345600,24.8924,26,59,23.8426,0
16x9x24,100,234,1.43528,345600,24.8924,26,59,23.8426,0
16x9x24,100,235,1.36384,345600,24.8924,26,59,23.8426,0
16x9x24,100,236,1.93974,345600,24.8924,26,59,23.8426,0
16x9x24,100,237,1.52263,345600,24.8924,26,59,23.8426,0
16x9x24,100,238,1.42969,345600,24.8924,26,59,23.8426,0
16x9x24,100,239,1.7457,345600,24.8924,26,59,23.8426,0
16x9x24,100,240,2.36521,345600,24.8924,26,59,23.8426,0
16x9x24,100,241,1.47795,345600,24.8924,26,59,23.8426,0
16x9x24,100,242,1.71419,345600,24.8924,26,59,23.8426,0
16x9x24,100,243,1.73538,345600,24.8924,26,59,23.8426,0
16x9x24,100,244,2.00082,345600,24.8924,26,59,23.8426,0
16x9x24,100,245,1.33804,345600,24.8924,26,59,23.8426,0
16x9x24,100,246,1.32708,345600,24.8924,26,59,23.8426,0
16x9x24,100,247,1.33359,345600,24.8924,26,59,23.8426,0
16x9x24,100,248,1.83834,345600,24.8924,26,59,23.8426,0
16x9x24,100,249,1.96883,345600,24.8924,26,59,23.8426,0
16x9x24,100,250,1.36813,345600,24.8924,26,59,23.8426,0
16x9x24,100,251,1.43165,345600,24.8924,26,59,23.8426,0
16x9x24,100,252,1.56188,345600,24.8924,26,59,23.8426,0
16x9x24,100,253,1.41156,345600,24.8924,26,59,23.8426,0
16x9x24,100,254,1.50175,345600,24.8924,26,59,23.8426,0
16x9x24,100,255,1.36402,345600,24.8924,26,59,23.8426,0
16x9x24,100,256,1.32481,345600,24.8924,26,59,23.8426,0
16x9x24,100,257,1.34534,345600,24.8924,26,59,23.8426,0
16x9x24,100,258,1.3142,345600,24.8924,26,59,23.8426,0
16x9x24,100,259,1.5306,345600,24.8924,26,59,23.8426,0
16x9x24,100,260,1.94908,345600,24.8924,26,59,23.8426,0
16x9x24,100,261,1.31126,345600,24.8924,26,59,23.8426,0
16x9x24,100,262,1.32118,345600,24.8924,26,59,23.8426,0
16x9x24,100,263,1.39955,345600,24.8924,26,59,23.8426,0
16x9x24,100,264,1.86884,345600,24.8924,26,59,23.8426,0
16x9x24,100,265,2.1223,345600,24.8924,26,59,23.8426,0
16x9x24,100,266,1.32886,345600,24.8924,26,59,23.8426,0
16x9x24,100,267,1.40873,345600,24.8924,26,59,23.8426,0
16x9x24,100,268,1.32559,345600,24.8924,26,59,23.8426,0
16x9x24,100,269,1.309,345600,24.8924,26,59,23.8426,0
16x9x24,100,270,2.27006,345600,24.8924,26,59,23.8426,0
16x9x24,100,271,1.53162,345600,24.8924,26,59,23.8426,0
16x9x24,100,272,1.33661,345600,24.8924,26,59,23.8426,0
16x9x24,100,273,1.32598,345600,24.8924,26,59,23.8426,0
16x9x24,100,274,1.4158,345600,24.8924,26,59,23.8426,0
16x9x24,100,275,1.48394,345600,24.8924,26,59,23.8426,0
16x9x24,100,276,1.46016,345600,24.8924,26,59,23.8426,0
16x9x24,100,277,1.40529,345600,24.8924,26,59,23.8426,0
16x9x24,100,278,1.5774,345600,24.8924,26,59,23.8426,0
16x9x24,100,279,1.40035,345600,24.8924,26,59,23.8426,0
16x9x24,100,280,1.95328,345600,24.8924,26,59,23.8426,0
16x9x24,100,281,1.53331,345600,24.8924,26,59,23.8426,0
16x9x24,100,282,1.45534,345600,24.8924,26,59,23.8426,0
16x9x24,100,283,1.34458,345600,24.8924,26,59,23.8426,0
16x9x24,100,284,1.31078,345600,24.8924,26,59,23.8426,0
16x9x24,100,285,1.36224,345600,24.8924,26,59,23.8426,0
16x9x24,100,286,1.54741,345600,24.8924,26,59,23.8426,0
16x9x24,100,287,1.4609,345600,24.8924,26,59,23.8426,0
16x9x24,100,288,1.45115,345600,24.8924,26,59,23.8426,0
16x9x24,100,289,1.43155,345600,24.8924,26,59,23.8426,0
16x9x24,100,290,1.88034,345600,24.8924,26,59,23.8426,0
16x9x24,100,291,1.84663,345600,24.8924,26,59,23.8426,0
16x9x24,100,292,1.56795,345600,24.8924,26,59,23.8426,0
16x9x24,100,293,1.45772,345600,24.8924,26,59,23.8426,0
16x9x24,100,294,1.31964,345600,24.8924,26,59,23.8426,0
16x9x24,100,295,1.32102,345600,24.8924,26,59,23.8426,0
16x9x24,100,296,1.48154,345600,24.8924,26,59,23.8426,0
16x9x24,100,297,1.44234,345600,24.8924,26,59,23.8426,0
16x9x24,100,298,1.4997,345600,24.8924,26,59,23.8426,0
16x9x24,100,299,1.37672,345600,24.8924,26,59,23.8426,0
16x9x24,100,300,1.34478,345600,24.8924,26,59,23.8426,0
16x9x24,100,301,1.61488,345600,24.8924,26,59,23.8426,0
16x9x24,100,302,1.34525,345600,24.8924,26,59,23.8426,0
16x9x24,100,303,1.45148,345600,24.8924,26,59,23.8426,0
16x9x24,100,304,1.51666,345600,24.8924,26,59,23.8426,0
16x9x24,100,305,1.33666,345600,24.8924,26,59,23.8426,0
16x9x24,100,306,1.32361,345600,24.8924,26,59,23.8426,0
16x9x24,100,307,1.33461,345600,24.8924,26,59,23.8426,0
16x9x24,100,308,1.50248,345600,24.8924,26,59,23.8426,0
16x9x24,100,309,1.45061,345600,24.8924,26,59,23.8426,0
16x9x24,100,310,1.58325,345600,24.8924,26,59,23.8426,0
16x9x24,100,311,1.48117,345600,24.8924,26,59,23.8426,0
16x9x24,100,312,1.3056,345600,24.8924,26,59,23.8426,0
16x9x24,100,313,1.35173,345600,24.8924,26,59,23.8426,0
16x9x24,100,314,1.30812,345600,24.8924,26,59,23.8426,0
16x9x24,100,315,1.45327,345600,24.8924,26,59,23.8426,0
16x9x24,100,316,1.53002,345600,24.8924,26,59,23.8426,0
16x9x24,100,317,1.3239,345600,24.8924,26,59,23.8426,0
16x9x24,100,318,1.31795,345600,24.8924,26,59,23.8426,0
16x9x24,100,319,1.35512,345600,24.8924,26,59,23.8426,0
16x9x24,100,320,1.43944,345600,24.8924,26,59,23.8426,0
16x9x24,100,321,1.71894,345600,24.8924,26,59,23.8426,0
16x9x24,100,322,1.53665,345600,24.8924,26,59,23.8426,0
16x9x24,100,323,1.36461,345600,24.8924,26,59,23.8426,0
16x9x24,100,324,1.36669,345600,24.8924,26,59,23.8426,0
16x9x24,100,325,1.30817,345600,24.8924,26,59,23.8426,0
16x9x24,100,326,1.72302,345600,24.8924,26,59,23.8426,0
16x9x24,100,327,1.65705,345600,24.8924,26,59,23.8426,0
16x9x24,100,328,1.86686,345600,24.8924,26,59,23.8426,0
16x9x24,100,329,1.35691,345600,24.8924,26,59,23.8426,0
16x9x24,100,330,1.41105,345600,24.8924,26,59,23.8426,0
16x9x24,100,331,1.83042,345600,24.8924,26,59,23.8426,0
16x9x24,100,332,1.92536,345600,24.8924,26,59,23.8426,0
16x9x24,100,333,1.47809,345600,24.8924,26,59,23.8426,0
16x9x24,100,334,1.35136,345600,24.8924,26,59,23.8426,0
16x9x24,100,335,1.35294,345600,24.8924,26,59,23.8426,0
16x9x24,100,336,1.38531,345600,24.8924,26,59,23.8426,0
16x9x24,100,337,1.57325,345600,24.8924,26,59,23.8426,0
16x9x24,100,338,1.88411,345600,24.8924,26,59,23.8426,0
16x9x24,100,339,1.38868,345600,24.8924,26,59,23.8426,0
16x9x24,100,340,1.35594,345600,24.8924,26,59,23.8426,0
16x9x24,100,341,1.49674,345600,24.8924,26,59,23.8426,0
16x9x24,100,342,1.47013,345600,24.8924,26,59,23.8426,0
16x9x24,100,343,1.64893,345600,24.8924,26,59,23.8426,0
16x9x24,100,344,1.41697,345600,24.8924,26,59,23.8426,0
16x9x24,100,345,1.36625,345600,24.8924,26,59,23.8426,0
16x9x24,100,346,1.40441,345600,24.8924,26,59,23.8426,0
16x9x24,100,347,1.42224,345600,24.8924,26,59,23.8426,0
16x9x24,100,348,1.65694,345600,24.8924,26,59,23.8426,0
16x9x24,100,349,2.10217,345600,24.8924,26,59,23.8426,0
16x9x24,100,350,2.28195,345600,24.8924,26,59,23.8426,0
16x9x24,100,351,2.07346,345600,24.8924,26,59,23.8426,0
16x9x24,100,352,2.1916,345600,24.8924,26,59,23.8426,0
16x9x24,100,353,1.58016,345600,24.8924,26,59,23.8426,0
16x9x24,100,354,1.33385,345600,24.8924,26,59,23.8426,0
16x9x24,100,355,1.39299,345600,24.8924,26,59,23.8426,0
16x9x24,100,356,1.34319,345600,24.8924,26,59,23.8426,0
16x9x24,100,357,1.88381,345600,24.8924,26,59,23.8426,0
16x9x24,100,358,1.88505,345600,24.8924,26,59,23.8426,0
16x9x24,100,359,1.51479,345600,24.8924,26,59,23.8426,0
16x9x24,100,360,1.33737,345600,24.8924,26,59,23.8426,0
16x9x24,100,361,1.45575,345600,24.8924,26,59,23.8426,0
16x9x24,100,362,2.23779,345600,24.8924,26,59,23.8426,0
16x9x24,100,363,1.38868,345600,24.8924,26,59,23.8426,0
16x9x24,100,364,1.46909,345600,24.8924,26,59,23.8426,0
16x9x24,100,365,1.62797,345600,24.8924,26,59,23.8426,0
16x9x24,100,366,1.45217,345600,24.8924,26,59,23.8426,0
16x9x24,100,367,1.83794,345600,24.8924,26,59,23.8426,0
16x9x24,100,368,2.65668,345600,24.8924,26,59,23.8426,0
16x9x24,100,369,1.62702,345600,24.8924,26,59,23.8426,0
16x9x24,100,370,2.45074,345600,24.8924,26,59,23.8426,0
16x9x24,100,371,1.95508,345600,24.8924,26,59,23.8426,0
16x9x24,100,372,1.57637,345600,24.8924,26,59,23.8426,0
16x9x24,100,373,1.35866,345600,24.8924,26,59,23.8426,0
16x9x24,100,374,1.53622,345600,24.8924,26,59,23.8426,0
16x9x24,100,375,1.35502,345600,24.8924,26,59,23.8426,0
16x9x24,100,376,1.45595,345600,24.8924,26,59,23.8426,0
16x9x24,100,377,1.72651,345600,24.8924,26,59,23.8426,0
16x9x24,100,378,1.45788,345600,24.8924,26,59,23.8426,0
16x9x24,100,379,1.38928,345600,24.8924,26,59,23.8426,0
16x9x24,100,380,1.34432,345600,24.8924,26,59,23.8426,0
16x9x24,100,381,1.48981,345600,24.8924,26,59,23.8426,0
16x9x24,100,382,1.40928,345600,24.8924,26,59,23.8426,0
16x9x24,100,383,1.50374,345600,24.8924,26,59,23.8426,0
16x9x24,100,384,1.36486,345600,24.8924,26,59,23.8426,0
16x9x24,100,385,1.32194,345600,24.8924,26,59,23.8426,0
16x9x24,100,386,1.36264,345600,24.8924,26,59,23.8426,0
16x9x24,100,387,1.39925,345600,24.8924,26,59,23.8426,0
16x9x24,100,388,1.46959,345600,24.8924,26,59,23.8426,0
16x9x24,100,389,1.71195,345600,24.8924,26,59,23.8426,0
16x9x24,100,390,1.41012,345600,24.8924,26,59,23.8426,0
16x9x24,100,391,1.40773,345600,24.8924,26,59,23.8426,0
16x9x24,100,392,1.39486,345600,24.8924,26,59,23.8426,0
16x9x24,100,393,1.47626,345600,24.8924,26,59,23.8426,0
16x9x24,100,394,1.48236,345600,24.8924,26,59,23.8426,0
16x9x24,100,395,1.44786,345600,24.8924,26,59,23.8426,0
16x9x24,100,396,1.47864,345600,24.8924,26,59,23.8426,0
16x9x24,100,397,1.31561,345600,24.8924,26,59,23.8426,0
16x9x24,100,398,1.36906,345600,24.8924,26,59,23.8426,0
16x9x24,100,399,1.43267,345600,24.8924,26,59,23.8426,0
16x9x24,100,400,1.5685,345600,24.8924,26,59,23.8426,0
16x9x24,100,401,1.54533,345600,24.8924,26,59,23.8426,0
16x9x24,100,402,1.29709,345600,24.8924,26,59,23.8426,0
16x9x24,100,403,1.35119,345600,24.8924,26,59,23.8426,0
16x9x24,100,404,1.3553,345600,24.8924,26,59,23.8426,0
16x9x24,100,405,1.50049,345600,24.8924,26,59,23.8426,0
16x9x24,100,406,1.39239,345600,24.8924,26,59,23.8426,0
16x9x24,100,407,1.49661,345600,24.8924,26,59,23.8426,0
16x9x24,100,408,1.3863,345600,24.8924,26,59,23.8426,0
16x9x24,100,409,1.31197,345600,24.8924,26,59,23.8426,0
16x9x24,100,410,1.37353,345600,24.8924,26,59,23.8426,0
16x9x24,100,411,2.0277,345600,24.8924,26,59,23.8426,0
16x9x24,100,412,1.48083,345600,24.8924,26,59,23.8426,0
16x9x24,100,413,1.41898,345600,24.8924,26,59,23.8426,0
16x9x24,100,414,1.41766,345600,24.8924,26,59,23.8426,0
16x9x24,100,415,1.34981,345600,24.8924,26,59,23.8426,0
16x9x24,100,416,1.50446,345600,24.8924,26,59,23.8426,0
16x9x24,100,417,1.46247,345600,24.8924,26,59,23.8426,0
16x9x24,100,418,1.47984,345600,24.8924,26,59,23.8426,0
16x9x24,100,419,1.3032,345600,24.8924,26,59,23.8426,0
16x9x24,100,420,1.33705,345600,24.8924,26,59,23.8426,0
16x9x24,100,421,1.32848,345600,24.8924,26,59,23.8426,0
16x9x24,100,422,1.36682,345600,24.8924,26,59,23.8426,0
16x9x24,100,423,1.65436,345600,24.8924,26,59,23.8426,0
16x9x24,100,424,1.44835,345600,24.8924,26,59,23.8426,0
16x9x24,100,425,1.34029,345600,24.8924,26,59,23.8426,0
16x9x24,100,426,1.30649,345600,24.8924,26,59,23.8426,0
16x9x24,100,427,1.32449,345600,24.8924,26,59,23.8426,0
16x9x24,100,428,1.50999,345600,24.8924,26,59,23.8426,0
16x9x24,100,429,1.44327,345600,24.8924,26,59,23.8426,0
16x9x24,100,430,1.74688,345600,24.8924,26,59,23.8426,0
16x9x24,100,431,1.37381,345600,24.8924,26,59,23.8426,0
16x9x24,100,432,1.3659,345600,24.8924,26,59,23.8426,0
16x9x24,100,433,1.35217,345600,24.8924,26,59,23.8426,0
16x9x24,100,434,2.05852,345600,24.8924,26,59,23.8426,0
16x9x24,100,435,1.47127,345600,24.8924,26,59,23.8426,0
16x9x24,100,436,1.32583,345600,24.8924,26,59,23.8426,0
16x9x24,100,437,1.3258,345600,24.8924,26,59,23.8426,0
16x9x24,100,438,1.3434,345600,24.8924,26,59,23.8426,0
16x9x24,100,439,1.47027,345600,24.8924,26,59,23.8426,0
16x9x24,100,440,1.44955,345600,24.8924,26,59,23.8426,0
16x9x24,100,441,1.70271,345600,24.8924,26,59,23.8426,0
16x9x24,100,442,1.33864,345600,24.8924,26,59,23.8426,0
16x9x24,100,443,1.3434,345600,24.8924,26,59,23.8426,0
16x9x24,100,444,1.41851,345600,24.8924,26,59,23.8426,0
16x9x24,100,445,1.62861,345600,24.8924,26,59,23.8426,0
16x9x24,100,446,1.47581,345600,24.8924,26,59,23.8426,0
16x9x24,100,447,1.64429,345600,24.8924,26,59,23.8426,0
16x9x24,100,448,1.32127,345600,24.8924,26,59,23.8426,0
16x9x24,100,449,1.31642,345600,24.8924,26,59,23.8426,0
16x9x24,100,450,1.55024,345600,24.8924,26,59,23.8426,0
16x9x24,100,451,1.66757,345600,24.8924,26,59,23.8426,0
16x9x24,100,452,1.76606,345600,24.8924,26,59,23.8426,0
16x9x24,100,453,1.31083,345600,24.8924,26,59,23.8426,0
16x9x24,100,454,1.34655,345600,24.8924,26,59,23.8426,0
16x9x24,100,455,1.31391,345600,24.8924,26,59,23.8426,0
16x9x24,100,456,1.36732,345600,24.8924,26,59,23.8426,0
16x9x24,100,457,1.42833,345600,24.8924,26,59,23.8426,0
16x9x24,100,458,1.49627,345600,24.8924,26,59,23.8426,0
16x9x24,100,459,1.33,345600,24.8924,26,59,23.8426,0
16x9x24,100,460,1.3264,345600,24.8924,26,59,23.8426,0
16x9x24,100,461,1.32275,345600,24.8924,26,59,23.8426,0
16x9x24,100,462,1.86493,345600,24.8924,26,59,23.8426,0
16x9x24,100,463,1.72266,345600,24.8924,26,59,23.8426,0
16x9x24,100,464,1.43137,345600,24.8924,26,59,23.8426,0
16x9x24,100,465,1.35359,345600,24.8924,26,59,23.8426,0
16x9x24,100,466,1.47243,345600,24.8924,26,59,23.8426,0
16x9x24,100,467,1.74003,345600,24.8924,26,59,23.8426,0
16x9x24,100,468,1.46714,345600,24.8924,26,59,23.8426,0
16x9x24,100,469,1.59075,345600,24.8924,26,59,23.8426,0
16x9x24,100,470,1.32561,345600,24.8924,26,59,23.8426,0
16x9x24,100,471,1.3377,345600,24.8924,26,59,23.8426,0
16x9x24,100,472,1.32644,345600,24.8924,26,59,23.8426,0
16x9x24,100,473,1.82335,345600,24.8924,26,59,23.8426,0
16x9x24,100,474,1.78777,345600,24.8924,26,59,23.8426,0
16x9x24,100,475,1.44192,345600,24.8924,26,59,23.8426,0
16x9x24,100,476,1.35967,345600,24.8924,26,59,23.8426,0
16x9x24,100,477,1.38597,345600,24.8924,26,59,23.8426,0
16x9x24,100,478,1.38442,345600,24.8924,26,59,23.8426,0
16x9x24,100,479,1.39696,345600,24.8924,26,59,23.8426,0
16x9x24,100,480,1.65775,345600,24.8924,26,59,23.8426,0
16x9x24,100,481,1.32705,345600,24.8924,26,59,23.8426,0
16x9x24,100,482,1.34045,345600,24.8924,26,59,23.8426,0
16x9x24,100,483,1.32944,345600,24.8924,26,59,23.8426,0
16x9x24,100,484,1.46879,345600,24.8924,26,59,23.8426,0
16x9x24,100,485,1.37991,345600,24.8924,26,59,23.8426,0
16x9x24,100,486,1.56659,345600,24.8924,26,59,23.8426,0
16x9x24,100,487,1.36024,345600,24.8924,26,59,23.8426,0
16x9x24,100,488,1.34445,345600,24.8924,26,59,23.8426,0
16x9x24,100,489,1.61626,345600,24.8924,26,59,23.8426,0
16x9x24,100,490,1.85338,345600,24.8924,26,59,23.8426,0
16x9x24,100,491,1.46927,345600,24.8924,26,59,23.8426,0
16x9x24,100,492,1.65937,345600,24.8924,26,59,23.8426,0
16x9x24,100,493,1.33788,345600,24.8924,26,59,23.8426,0
16x9x24,100,494,1.42861,345600,24.8924,26,59,23.8426,0
16x9x24,100,495,1.50152,345600,24.8924,26,59,23.8426,0
16x9x24,100,496,1.38817,345600,24.8924,26,59,23.8426,0
16x9x24,100,497,1.6436,345600,24.8924,26,59,23.8426,0
16x9x24,100,498,1.32626,345600,24.8924,26,59,23.8426,0
16x9x24,100,499,1.31639,345600,24.8924,26,59,23.8426,0
16x9x24,100,500,1.4919,345600,24.8924,26,59,23.8426,0
16x9x24,100,501,1.58102,345600,24.8924,26,59,23.8426,0
16x9x24,100,502,1.49701,345600,24.8924,26,59,23.8426,0
16x9x24,100,503,1.68179,345600,24.8924,26,59,23.8426,0
16x9x24,100,504,1.3613,345600,24.8924,26,59,23.8426,0
16x9x24,100,505,1.32494,345600,24.8924,26,59,23.8426,0
16x9x24,100,506,1.40177,345600,24.8924,26,59,23.8426,0
16x9x24,100,507,1.42251,345600,24.8924,26,59,23.8426,0
16x9x24,100,508,1.60301,345600,24.8924,26,59,23.8426,0
16x9x24,100,509,1.50172,345600,24.8924,26,59,23.8426,0
16x9x24,100,510,1.33037,345600,24.8924,26,59,23.8426,0
16x9x24,100,511,1.78875,345600,24.8924,26,59,23.8426,0
16x9x24,100,512,1.47453,345600,24.8924,26,59,23.8426,0
16x9x24,100,513,2.40174,345600,24.8924,26,59,23.8426,0
16x9x24,100,514,1.65215,345600,24.8924,26,59,23.8426,0
16x9x24,100,515,1.34055,345600,24.8924,26,59,23.8426,0
16x9x24,100,516,1.33021,345600,24.8924,26,59,23.8426,0
16x9x24,100,517,1.64492,345600,24.8924,26,59,23.8426,0
16x9x24,100,518,2.26413,345600,24.8924,26,59,23.8426,0
16x9x24,100,519,1.57933,345600,24.8924,26,59,23.8426,0
16x9x24,100,520,1.7558,345600,24.8924,26,59,23.8426,0
16x9x24,100,521,1.32373,345600,24.8924,26,59,23.8426,0
16x9x24,100,522,1.32215,345600,24.8924,26,59,23.8426,0
16x9x24,100,523,2.34843,345600,24.8924,26,59,23.8426,0
16x9x24,100,524,1.53844,345600,24.8924,26,59,23.8426,0
16x9x24,100,525,1.34854,345600,24.8924,26,59,23.8426,0
16x9x24,100,526,1.33157,345600,24.8924,26,59,23.8426,0
16x9x24,100,527,1.62472,345600,24.8924,26,59,23.8426,0
16x9x24,100,528,2.31081,345600,24.8924,26,59,23.8426,0
16x9x24,100,529,1.66799,345600,24.8924,26,59,23.8426,0
16x9x24,100,530,1.54984,345600,24.8924,26,59,23.8426,0
16x9x24,100,531,1.35367,345600,24.8924,26,59,23.8426,0
16x9x24,100,532,1.33834,345600,24.8924,26,59,23.8426,0
16x9x24,100,533,2.28565,345600,24.8924,26,59,23.8426,0
16x9x24,100,534,1.56444,345600,24.8924,26,59,23.8426,0
16x9x24,100,535,1.39766,345600,24.8924,26,59,23.8426,0
16x9x24,100,536,2.19184,345600,24.8924,26,59,23.8426,0
16x9x24,100,537,1.61375,345600,24.8924,26,59,23.8426,0
16x9x24,100,538,1.47822,345600,24.8924,26,59,23.8426,0
16x9x24,100,539,1.55983,345600,24.8924,26,59,23.8426,0
16x9x24,100,540,1.37955,345600,24.8924,26,59,23.8426,0
16x9x24,100,541,1.34974,345600,24.8924,26,59,23.8426,0
16x9x24,100,542,1.3778,345600,24.8924,26,59,23.8426,0
16x9x24,100,543,1.42475,345600,24.8924,26,59,23.8426,0
16x9x24,100,544,1.75172,345600,24.8924,26,59,23.8426,0
16x9x24,100,545,1.83865,345600,24.8924,26,59,23.8426,0
16x9x24,100,546,2.15423,345600,24.8924,26,59,23.8426,0
16x9x24,100,547,1.71234,345600,24.8924,26,59,23.8426,0
16x9x24,100,548,2.16724,345600,24.8924,26,59,23.8426,0
16x9x24,100,549,2.24082,345600,24.8924,26,59,23.8426,0
16x9x24,100,550,1.328,345600,24.8924,26,59,23.8426,0
16x9x24,100,551,1.31472,345600,24.8924,26,59,23.8426,0
16x9x24,100,552,1.33363,345600,24.8924,26,59,23.8426,0
16x9x24,100,553,1.58713,345600,24.8924,26,59,23.8426,0
16x9x24,100,554,1.54374,345600,24.8924,26,59,23.8426,0
16x9x24,100,555,1.33844,345600,24.8924,26,59,23.8426,0
16x9x24,100,556,1.30988,345600,24.8924,26,59,23.8426,0
16x9x24,100,557,1.40077,345600,24.8924,26,59,23.8426,0
16x9x24,100,558,1.91912,345600,24.8924,26,59,23.8426,0
16x9x24,100,559,1.73038,345600,24.8924,26,59,23.8426,0
16x9x24,100,560,1.44769,345600,24.8924,26,59,23.8426,0
16x9x24,100,561,1.31716,345600,24.8924,26,59,23.8426,0
16x9x24,100,562,1.41417,345600,24.8924,26,59,23.8426,0
16x9x24,100,563,1.41576,345600,24.8924,26,59,23.8426,0
16x9x24,100,564,2.41622,345600,24.8924,26,59,23.8426,0
16x9x24,100,565,1.51599,345600,24.8924,26,59,23.8426,0
16x9x24,100,566,1.33512,345600,24.8924,26,59,23.8426,0
16x9x24,100,567,1.34461,345600,24.8924,26,59,23.8426,0
16x9x24,100,568,1.70956,345600,24.8924,26,59,23.8426,0
16x9x24,100,569,2.47155,345600,24.8924,26,59,23.8426,0
16x9x24,100,570,1.9436,345600,24.8924,26,59,23.8426,0
16x9x24,100,571,1.33726,345600,24.8924,26,59,23.8426,0
16x9x24,100,572,1.40133,345600,24.8924,26,59,23.8426,0
16x9x24,100,573,1.31974,345600,24.8924,26,59,23.8426,0
16x9x24,100,574,1.46567,345600,24.8924,26,59,23.8426,0
16x9x24,100,575,1.43849,345600,24.8924,26,59,23.8426,0
16x9x24,100,576,1.31278,345600,24.8924,26,59,23.8426,0
16x9x24,100,577,1.31855,345600,24.8924,26,59,23.8426,0
16x9x24,100,578,1.92889,345600,24.8924,26,59,23.8426,0
16x9x24,100,579,2.31584,345600,24.8924,26,59,23.8426,0
16x9x24,100,580,1.86234,345600,24.8924,26,59,23.8426,0
16x9x24,100,581,1.35252,345600,24.8924,26,59,23.8426,0
16x9x24,100,582,1.31686,345600,24.8924,26,59,23.8426,0
16x9x24,100,583,1.33211,345600,24.8924,26,59,23.8426,0
16x9x24,100,584,1.39569,345600,24.8924,26,59,23.8426,0
16x9x24,100,585,1.65004,345600,24.8924,26,59,23.8426,0
16x9x24,100,586,1.32081,345600,24.8924,26,59,23.8426,0
16x9x24,100,587,1.60802,345600,24.8924,26,59,23.8426,0
16x9x24,100,588,1.48806,345600,24.8924,26,59,23.8426,0
16x9x24,100,589,1.81863,345600,24.8924,26,59,23.8426,0
16x9x24,100,590,1.51165,345600,24.8924,26,59,23.8426,0
16x9x24,100,591,1.41376,345600,24.8924,26,59,23.8426,0
16x9x24,100,592,1.30642,345600,24.8924,26,59,23.8426,0
16x9x24,100,593,1.34394,345600,24.8924,26,59,23.8426,0
16x9x24,100,594,1.34036,345600,24.8924,26,59,23.8426,0
16x9x24,100,595,1.32499,345600,24.8924,26,59,23.8426,0
16x9x24,100,596,1.43766,345600,24.8924,26,59,23.8426,0
16x9x24,100,597,1.36853,345600,24.8924,26,59,23.8426,0
16x9x24,100,598,1.78203,345600,24.8924,26,59,23.8426,0
16x9x24,100,599,2.4515,345600,24.8924,26,59,23.8426,0
16x9x24,100,600,1.8661,345600,24.8924,26,59,23.8426,0
16x9x24,100,601,1.49283,345600,24.8924,26,59,23.8426,0
16x9x24,100,602,1.39789,345600,24.8924,26,59,23.8426,0
16x9x24,100,603,1.35411,345600,24.8924,26,59,23.8426,0
16x9x24,100,604,1.35268,345600,24.8924,26,59,23.8426,0
16x9x24,100,605,1.54981,345600,24.8924,26,59,23.8426,0
16x9x24,100,606,1.66197,345600,24.8924,26,59,23.8426,0
16x9x24,100,607,1.66165,345600,24.8924,26,59,23.8426,0
16x9x24,100,608,1.66335,345600,24.8924,26,59,23.8426,0
16x9x24,100,609,1.35532,345600,24.8924,26,59,23.8426,0
16x9x24,100,610,1.40504,345600,24.8924,26,59,23.8426,0
16x9x24,100,611,1.59921,345600,24.8924,26,59,23.8426,0
16x9x24,100,612,1.46294,345600,24.8924,26,59,23.8426,0
16x9x24,100,613,1.37509,345600,24.8924,26,59,23.8426,0
16x9x24,100,614,1.29178,345600,24.8924,26,59,23.8426,0
16x9x24,100,615,1.36373,345600,24.8924,26,59,23.8426,0
16x9x24,100,616,1.9348,345600,24.8924,26,59,23.8426,0
16x9x24,100,617,1.45911,345600,24.8924,26,59,23.8426,0
16x9x24,100,618,1.59933,345600,24.8924,26,59,23.8426,0
16x9x24,100,619,1.61504,345600,24.8924,26,59,23.8426,0
16x9x24,100,620,1.55303,345600,24.8924,26,59,23.8426,0
16x9x24,100,621,1.43844,345600,24.8924,26,59,23.8426,0
16x9x24,100,622,1.93468,345600,24.8924,26,59,23.8426,0
16x9x24,100,623,1.9534,345600,24.8924,26,59,23.8426,0
16x9x24,100,624,1.31424,345600,24.8924,26,59,23.8426,0
16x9x24,100,625,1.40461,345600,24.8924,26,59,23.8426,0
16x9x24,100,626,1.7746,345600,24.8924,26,59,23.8426,0
16x9x24,100,627,1.38022,345600,24.8924,26,59,23.8426,0
16x9x24,100,628,1.38263,345600,24.8924,26,59,23.8426,0
16x9x24,100,629,2.45687,345600,24.8924,26,59,23.8426,0
16x9x24,100,630,1.37804,345600,24.8924,26,59,23.8426,0
16x9x24,100,631,1.39472,345600,24.8924,26,59,23.8426,0
16x9x24,100,632,1.53754,345600,24.8924,26,59,23.8426,0
16x9x24,100,633,1.52626,345600,24.8924,26,59,23.8426,0
16x9x24,100,634,1.39044,345600,24.8924,26,59,23.8426,0
16x9x24,100,635,1.34389,345600,24.8924,26,59,23.8426,0
16x9x24,100,636,1.75895,345600,24.8924,26,59,23.8426,0
16x9x24,100,637,1.35075,345600,24.8924,26,59,23.8426,0
16x9x24,100,638,1.89761,345600,24.8924,26,59,23.8426,0
16x9x24,100,639,1.87737,345600,24.8924,26,59,23.8426,0
16x9x24,100,640,1.39789,345600,24.8924,26,59,23.8426,0
16x9x24,100,641,1.33666,345600,24.8924,26,59,23.8426,0
16x9x24,100,642,1.47891,345600,24.8924,26,59,23.8426,0
16x9x24,100,643,1.41902,345600,24.8924,26,59,23.8426,0
16x9x24,100,644,1.51385,345600,24.8924,26,59,23.8426,0
16x9x24,100,645,1.3715,345600,24.8924,26,59,23.8426,0
16x9x24,100,646,1.44332,345600,24.8924,26,59,23.8426,0
16x9x24,100,647,1.31505,345600,24.8924,26,59,23.8426,0
16x9x24,100,648,1.31475,345600,24.8924,26,59,23.8426,0
16x9x24,100,649,1.49806,345600,24.8924,26,59,23.8426,0
16x9x24,100,650,1.52368,345600,24.8924,26,59,23.8426,0
16x9x24,100,651,1.39515,345600,24.8924,26,59,23.8426,0
16x9x24,100,652,1.32194,345600,24.8924,26,59,23.8426,0
16x9x24,100,653,1.37539,345600,24.8924,26,59,23.8426,0
16x9x24,100,654,1.44941,345600,24.8924,26,59,23.8426,0
16x9x24,100,655,1.46992,345600,24.8924,26,59,23.8426,0
16x9x24,100,656,1.71755,345600,24.8924,26,59,23.8426,0
16x9x24,100,657,1.32808,345600,24.8924,26,59,23.8426,0
16x9x24,100,658,1.32873,345600,24.8924,26,59,23.8426,0
16x9x24,100,659,1.30436,345600,24.8924,26,59,23.8426,0
16x9x24,100,660,1.30617,345600,24.8924,26,59,23.8426,0
16x9x24,100,661,1.41503,345600,24.8924,26,59,23.8426,0
16x9x24,100,662,1.48771,345600,24.8924,26,59,23.8426,0
16x9x24,100,663,1.30193,345600,24.8924,26,59,23.8426,0
16x9x24,100,664,1.31815,345600,24.8924,26,59,23.8426,0
16x9x24,100,665,1.34133,345600,24.8924,26,59,23.8426,0
16x9x24,100,666,2.13651,345600,24.8924,26,59,23.8426,0
16x9x24,100,667,1.50926,345600,24.8924,26,59,23.8426,0
16x9x24,100,668,2.46526,345600,24.8924,26,59,23.8426,0
16x9x24,100,669,1.67779,345600,24.8924,26,59,23.8426,0
16x9x24,100,670,1.3438,345600,24.8924,26,59,23.8426,0
16x9x24,100,671,1.3838,345600,24.8924,26,59,23.8426,0
16x9x24,100,672,1.5938,345600,24.8924,26,59,23.8426,0
16x9x24,100,673,1.41554,345600,24.8924,26,59,23.8426,0
16x9x24,100,674,1.37582,345600,24.8924,26,59,23.8426,0
16x9x24,100,675,1.5979,345600,24.8924,26,59,23.8426,0
16x9x24,100,676,1.51998,345600,24.8924,26,59,23.8426,0
16x9x24,100,677,1.69338,345600,24.8924,26,59,23.8426,0
16x9x24,100,678,1.5816,345600,24.8924,26,59,23.8426,0
16x9x24,100,679,1.60683,345600,24.8924,26,59,23.8426,0
16x9x24,100,680,1.55254,345600,24.8924,26,59,23.8426,0
16x9x24,100,681,1.65994,345600,24.8924,26,59,23.8426,0
16x9x24,100,682,1.40582,345600,24.8924,26,59,23.8426,0
16x9x24,100,683,1.44459,345600,24.8924,26,59,23.8426,0
16x9x24,100,684,1.88089,345600,24.8924,26,59,23.8426,0
16x9x24,100,685,1.69216,345600,24.8924,26,59,23.8426,0
16x9x24,100,686,1.35449,345600,24.8924,26,59,23.8426,0
16x9x24,100,687,2.14672,345600,24.8924,26,59,23.8426,0
16x9x24,100,688,1.6431,345600,24.8924,26,59,23.8426,0
16x9x24,100,689,1.36177,345600,24.8924,26,59,23.8426,0
16x9x24,100,690,1.32635,345600,24.8924,26,59,23.8426,0
16x9x24,100,691,1.32503,345600,24.8924,26,59,23.8426,0
16x9x24,100,692,1.34184,345600,24.8924,26,59,23.8426,0
16x9x24,100,693,1.40882,345600,24.8924,26,59,23.8426,0
16x9x24,100,694,1.81324,345600,24.8924,26,59,23.8426,0
16x9x24,100,695,2.1638,345600,24.8924,26,59,23.8426,0
16x9x24,100,696,2.26987,345600,24.8924,26,59,23.8426,0
16x9x24,100,697,2.59217,345600,24.8924,26,59,23.8426,0
16x9x24,100,698,2.32565,345600,24.8924,26,59,23.8426,0
16x9x24,100,699,2.18345,345600,24.8924,26,59,23.8426,0
16x9x24,100,700,2.22054,345600,24.8924,26,59,23.8426,0
16x9x24,100,701,2.49441,345600,24.8924,26,59,23.8426,0
16x9x24,100,702,2.32229,345600,24.8924,26,59,23.8426,0
16x9x24,100,703,2.26916,345600,24.8924,26,59,23.8426,0
16x9x24,100,704,2.44151,345600,24.8924,26,59,23.8426,0
16x9x24,100,705,2.37433,345600,24.8924,26,59,23.8426,0
16x9x24,100,706,2.23299,345600,24.8924,26,59,23.8426,0
16x9x24,100,707,2.22544,345600,24.8924,26,59,23.8426,0
16x9x24,100,708,1.95389,345600,24.8924,26,59,23.8426,0
16x9x24,100,709,1.52862,345600,24.8924,26,59,23.8426,0
16x9x24,100,710,1.32964,345600,24.8924,26,59,23.8426,0
16x9x24,100,711,1.33281,345600,24.8924,26,59,23.8426,0
16x9x24,100,712,1.58127,345600,24.8924,26,59,23.8426,0
16x9x24,100,713,1.5034,345600,24.8924,26,59,23.8426,0
16x9x24,100,714,1.49324,345600,24.8924,26,59,23.8426,0
16x9x24,100,715,1.33747,345600,24.8924,26,59,23.8426,0
16x9x24,100,716,1.37506,345600,24.8924,26,59,23.8426,0
16x9x24,100,717,1.3215,345600,24.8924,26,59,23.8426,0
16x9x24,100,718,1.72994,345600,24.8924,26,59,23.8426,0
16x9x24,100,719,1.83268,345600,24.8924,26,59,23.8426,0
16x9x24,100,720,1.91504,345600,24.8924,26,59,23.8426,0
16x9x24,100,721,1.34738,345600,24.8924,26,59,23.8426,0
16x9x24,100,722,1.40102,345600,24.8924,26,59,23.8426,0
16x9x24,100,723,1.73931,345600,24.8924,26,59,23.8426,0
16x9x24,100,724,1.38933,345600,24.8924,26,59,23.8426,0
16x9x24,100,725,1.49683,345600,24.8924,26,59,23.8426,0
16x9x24,100,726,1.32141,345600,24.8924,26,59,23.8426,0
16x9x24,100,727,1.3399,345600,24.8924,26,59,23.8426,0
16x9x24,100,728,1.3199,345600,24.8924,26,59,23.8426,0
16x9x24,100,729,1.33162,345600,24.8924,26,59,23.8426,0
16x9x24,100,730,1.41012,345600,24.8924,26,59,23.8426,0
16x9x24,100,731,1.4553,345600,24.8924,26,59,23.8426,0
16x9x24,100,732,1.43644,345600,24.8924,26,59,23.8426,0
16x9x24,100,733,1.31397,345600,24.8924,26,59,23.8426,0
16x9x24,100,734,1.70663,345600,24.8924,26,59,23.8426,0
16x9x24,100,735,1.78421,345600,24.8924,26,59,23.8426,0
16x9x24,100,736,1.45196,345600,24.8924,26,59,23.8426,0
16x9x24,100,737,1.42487,345600,24.8924,26,59,23.8426,0
16x9x24,100,738,1.32814,345600,24.8924,26,59,23.8426,0
16x9x24,100,739,1.33391,345600,24.8924,26,59,23.8426,0
16x9x24,100,740,1.30285,345600,24.8924,26,59,23.8426,0
16x9x24,100,741,1.34702,345600,24.8924,26,59,23.8426,0
16x9x24,100,742,1.52922,345600,24.8924,26,59,23.8426,0
16x9x24,100,743,1.39653,345600,24.8924,26,59,23.8426,0
16x9x24,100,744,1.31021,345600,24.8924,26,59,23.8426,0
16x9x24,100,745,1.32631,345600,24.8924,26,59,23.8426,0
16x9x24,100,746,1.34945,345600,24.8924,26,59,23.8426,0
16x9x24,100,747,1.72117,345600,24.8924,26,59,23.8426,0
16x9x24,100,748,1.44556,345600,24.8924,26,59,23.8426,0
16x9x24,100,749,1.35031,345600,24.8924,26,59,23.8426,0
16x9x24,100,750,1.67471,345600,24.8924,26,59,23.8426,0
16x9x24,100,751,1.34261,345600,24.8924,26,59,23.8426,0
16x9x24,100,752,1.35757,345600,24.8924,26,59,23.8426,0
16x9x24,100,753,1.48697,345600,24.8924,26,59,23.8426,0
16x9x24,100,754,1.5045,345600,24.8924,26,59,23.8426,0
16x9x24,100,755,1.39492,345600,24.8924,26,59,23.8426,0
16x9x24,100,756,1.31492,345600,24.8924,26,59,23.8426,0
16x9x24,100,757,1.34278,345600,24.8924,26,59,23.8426,0
16x9x24,100,758,1.74893,345600,24.8924,26,59,23.8426,0
16x9x24,100,759,1.41697,345600,24.8924,26,59,23.8426,0
16x9x24,100,760,1.47816,345600,24.8924,26,59,23.8426,0
16x9x24,100,761,1.97011,345600,24.8924,26,59,23.8426,0
16x9x24,100,762,1.39946,345600,24.8924,26,59,23.8426,0
16x9x24,100,763,1.41406,345600,24.8924,26,59,23.8426,0
16x9x24,100,764,1.36955,345600,24.8924,26,59,23.8426,0
16x9x24,100,765,1.64833,345600,24.8924,26,59,23.8426,0
16x9x24,100,766,1.33637,345600,24.8924,26,59,23.8426,0
16x9x24,100,767,1.34892,345600,24.8924,26,59,23.8426,0
16x9x24,100,768,1.39411,345600,24.8924,26,59,23.8426,0
16x9x24,100,769,1.57086,345600,24.8924,26,59,23.8426,0
16x9x24,100,770,1.39485,345600,24.8924,26,59,23.8426,0
16x9x24,100,771,1.55554,345600,24.8924,26,59,23.8426,0
16x9x24,100,772,1.87485,345600,24.8924,26,59,23.8426,0
16x9x24,100,773,1.79964,345600,24.8924,26,59,23.8426,0
16x9x24,100,774,1.3572,345600,24.8924,26,59,23.8426,0
16x9x24,100,775,1.40179,345600,24.8924,26,59,23.8426,0
16x9x24,100,776,1.58899,345600,24.8924,26,59,23.8426,0
16x9x24,100,777,1.37881,345600,24.8924,26,59,23.8426,0
16x9x24,100,778,1.33686,345600,24.8924,26,59,23.8426,0
16x9x24,100,779,1.73124,345600,24.8924,26,59,23.8426,0
16x9x24,100,780,1.45644,345600,24.8924,26,59,23.8426,0
16x9x24,100,781,1.49343,345600,24.8924,26,59,23.8426,0
16x9x24,100,782,1.58789,345600,24.8924,26,59,23.8426,0
16x9x24,100,783,1.31569,345600,24.8924,26,59,23.8426,0
16x9x24,100,784,1.32225,345600,24.8924,26,59,23.8426,0
16x9x24,100,785,1.34391,345600,24.8924,26,59,23.8426,0
16x9x24,100,786,1.31835,345600,24.8924,26,59,23.8426,0
16x9x24,100,787,1.62909,345600,24.8924,26,59,23.8426,0
16x9x24,100,788,1.54685,345600,24.8924,26,59,23.8426,0
16x9x24,100,789,1.30798,345600,24.8924,26,59,23.8426,0
16x9x24,100,790,1.62489,345600,24.8924,26,59,23.8426,0
16x9x24,100,791,1.46897,345600,24.8924,26,59,23.8426,0
16x9x24,100,792,1.39959,345600,24.8924,26,59,23.8426,0
16x9x24,100,793,1.97523,345600,24.8924,26,59,23.8426,0
16x9x24,100,794,1.32865,345600,24.8924,26,59,23.8426,0
16x9x24,100,795,1.40183,345600,24.8924,26,59,23.8426,0
16x9x24,100,796,1.3162,345600,24.8924,26,59,23.8426,0
16x9x24,100,797,1.32712,345600,24.8924,26,59,23.8426,0
16x9x24,100,798,1.43867,345600,24.8924,26,59,23.8426,0
16x9x24,100,799,1.56195,345600,24.8924,26,59,23.8426,0
16x9x24,100,800,1.33946,345600,24.8924,26,59,23.8426,0
16x9x24,100,801,1.71266,345600,24.8924,26,59,23.8426,0
16x9x24,100,802,1.40989,345600,24.8924,26,59,23.8426,0
16x9x24,100,803,1.48697,345600,24.8924,26,59,23.8426,0
16x9x24,100,804,1.57233,345600,24.8924,26,59,23.8426,0
16x9x24,100,805,1.35645,345600,24.8924,26,59,23.8426,0
16x9x24,100,806,1.31058,345600,24.8924,26,59,23.8426,0
16x9x24,100,807,1.31792,345600,24.8924,26,59,23.8426,0
16x9x24,100,808,1.30717,345600,24.8924,26,59,23.8426,0
16x9x24,100,809,1.74911,345600,24.8924,26,59,23.8426,0
16x9x24,100,810,1.71747,345600,24.8924,26,59,23.8426,0
16x9x24,100,811,1.30701,345600,24.8924,26,59,23.8426,0
16x9x24,100,812,1.45433,345600,24.8924,26,59,23.8426,0
16x9x24,100,813,1.39427,345600,24.8924,26,59,23.8426,0
16x9x24,100,814,1.48456,345600,24.8924,26,59,23.8426,0
16x9x24,100,815,1.39819,345600,24.8924,26,59,23.8426,0
16x9x24,100,816,1.57418,345600,24.8924,26,59,23.8426,0
16x9x24,100,817,1.32434,345600,24.8924,26,59,23.8426,0
16x9x24,100,818,1.30749,345600,24.8924,26,59,23.8426,0
16x9x24,100,819,1.30845,345600,24.8924,26,59,23.8426,0
16x9x24,100,820,1.42881,345600,24.8924,26,59,23.8426,0
16x9x24,100,821,1.43139,345600,24.8924,26,59,23.8426,0
16x9x24,100,822,1.55416,345600,24.8924,26,59,23.8426,0
16x9x24,100,823,1.31668,345600,24.8924,26,59,23.8426,0
16x9x24,100,824,1.37857,345600,24.8924,26,59,23.8426,0
16x9x24,100,825,1.76612,345600,24.8924,26,59,23.8426,0
16x9x24,100,826,2.53961,345600,24.8924,26,59,23.8426,0
16x9x24,100,827,1.61087,345600,24.8924,26,59,23.8426,0
16x9x24,100,828,1.32632,345600,24.8924,26,59,23.8426,0
16x9x24,100,829,1.33113,345600,24.8924,26,59,23.8426,0
16x9x24,100,830,1.32781,345600,24.8924,26,59,23.8426,0
16x9x24,100,831,1.33784,345600,24.8924,26,59,23.8426,0
16x9x24,100,832,1.43276,345600,24.8924,26,59,23.8426,0
16x9x24,100,833,1.5743,345600,24.8924,26,59,23.8426,0
16x9x24,100,834,1.29397,345600,24.8924,26,59,23.8426,0
16x9x24,100,835,2.16597,345600,24.8924,26,59,23.8426,0
16x9x24,100,836,2.51676,345600,24.8924,26,59,23.8426,0
16x9x24,100,837,1.66966,345600,24.8924,26,59,23.8426,0
16x9x24,100,838,1.36658,345600,24.8924,26,59,23.8426,0
16x9x24,100,839,1.30957,345600,24.8924,26,59,23.8426,0
16x9x24,100,840,2.01495,345600,24.8924,26,59,23.8426,0
16x9x24,100,841,1.39043,345600,24.8924,26,59,23.8426,0
16x9x24,100,842,1.53808,345600,24.8924,26,59,23.8426,0
16x9x24,100,843,1.51129,345600,24.8924,26,59,23.8426,0
16x9x24,100,844,1.72121,345600,24.8924,26,59,23.8426,0
16x9x24,100,845,2.25892,345600,24.8924,26,59,23.8426,0
16x9x24,100,846,1.95549,345600,24.8924,26,59,23.8426,0
16x9x24,100,847,1.58965,345600,24.8924,26,59,23.8426,0
16x9x24,100,848,1.3437,345600,24.8924,26,59,23.8426,0
16x9x24,100,849,1.32956,345600,24.8924,26,59,23.8426,0
16x9x24,100,850,1.32983,345600,24.8924,26,59,23.8426,0
16x9x24,100,851,1.33039,345600,24.8924,26,59,23.8426,0
16x9x24,100,852,1.80956,345600,24.8924,26,59,23.8426,0
16x9x24,100,853,1.59377,345600,24.8924,26,59,23.8426,0
16x9x24,100,854,1.50282,345600,24.8924,26,59,23.8426,0
16x9x24,100,855,2.3413,345600,24.8924,26,59,23.8426,0
16x9x24,100,856,1.90963,345600,24.8924,26,59,23.8426,0
16x9x24,100,857,1.44359,345600,24.8924,26,59,23.8426,0
16x9x24,100,858,1.55773,345600,24.8924,26,59,23.8426,0
16x9x24,100,859,1.33684,345600,24.8924,26,59,23.8426,0
16x9x24,100,860,1.32814,345600,24.8924,26,59,23.8426,0
16x9x24,100,861,1.3268,345600,24.8924,26,59,23.8426,0
16x9x24,100,862,1.40866,345600,24.8924,26,59,23.8426,0
16x9x24,100,863,1.48718,345600,24.8924,26,59,23.8426,0
16x9x24,100,864,1.80855,345600,24.8924,26,59,23.8426,0
16x9x24,100,865,2.3405,345600,24.8924,26,59,23.8426,0
16x9x24,100,866,2.4048,345600,24.8924,26,59,23.8426,0
16x9x24,100,867,1.5515,345600,24.8924,26,59,23.8426,0
16x9x24,100,868,1.54096,345600,24.8924,26,59,23.8426,0
16x9x24,100,869,1.34442,345600,24.8924,26,59,23.8426,0
16x9x24,100,870,1.31412,345600,24.8924,26,59,23.8426,0
16x9x24,100,871,1.30134,345600,24.8924,26,59,23.8426,0
16x9x24,100,872,1.37331,345600,24.8924,26,59,23.8426,0
16x9x24,100,873,1.40975,345600,24.8924,26,59,23.8426,0
16x9x24,100,874,1.55237,345600,24.8924,26,59,23.8426,0
16x9x24,100,875,1.31565,345600,24.8924,26,59,23.8426,0
16x9x24,100,876,1.31459,345600,24.8924,26,59,23.8426,0
16x9x24,100,877,1.42863,345600,24.8924,26,59,23.8426,0
16x9x24,100,878,2.31976,345600,24.8924,26,59,23.8426,0
16x9x24,100,879,2.51311,345600,24.8924,26,59,23.8426,0
16x9x24,100,880,1.82556,345600,24.8924,26,59,23.8426,0
16x9x24,100,881,1.34284,345600,24.8924,26,59,23.8426,0
16x9x24,100,882,1.37118,345600,24.8924,26,59,23.8426,0
16x9x24,100,883,1.42664,345600,24.8924,26,59,23.8426,0
16x9x24,100,884,1.4418,345600,24.8924,26,59,23.8426,0
16x9x24,100,885,1.31175,345600,24.8924,26,59,23.8426,0
16x9x24,100,886,1.31029,345600,24.8924,26,59,23.8426,0
16x9x24,100,887,1.35119,345600,24.8924,26,59,23.8426,0
16x9x24,100,888,1.55018,345600,24.8924,26,59,23.8426,0
16x9x24,100,889,1.88558,345600,24.8924,26,59,23.8426,0
16x9x24,100,890,2.53756,345600,24.8924,26,59,23.8426,0
16x9x24,100,891,1.75271,345600,24.8924,26,59,23.8426,0
16x9x24,100,892,1.38274,345600,24.8924,26,59,23.8426,0
16x9x24,100,893,1.40616,345600,24.8924,26,59,23.8426,0
16x9x24,100,894,1.57305,345600,24.8924,26,59,23.8426,0
16x9x24,100,895,2.28535,345600,24.8924,26,59,23.8426,0
16x9x24,100,896,1.52399,345600,24.8924,26,59,23.8426,0
16x9x24,100,897,1.3512,345600,24.8924,26,59,23.8426,0
16x9x24,100,898,2.40149,345600,24.8924,26,59,23.8426,0
16x9x24,100,899,2.3754,345600,24.8924,26,59,23.8426,0
16x9x24,100,900,1.34009,345600,24.8924,26,59,23.8426,0
16x9x24,100,901,1.31737,345600,24.8924,26,59,23.8426,0
16x9x24,100,902,1.32865,345600,24.8924,26,59,23.8426,0
16x9x24,100,903,1.45992,345600,24.8924,26,59,23.8426,0
16x9x24,100,904,1.43281,345600,24.8924,26,59,23.8426,0
16x9x24,100,905,1.33136,345600,24.8924,26,59,23.8426,0
16x9x24,100,906,1.31056,345600,24.8924,26,59,23.8426,0
16x9x24,100,907,1.30661,345600,24.8924,26,59,23.8426,0
16x9x24,100,908,1.92061,345600,24.8924,26,59,23.8426,0
16x9x24,100,909,2.44878,345600,24.8924,26,59,23.8426,0
16x9x24,100,910,1.83211,345600,24.8924,26,59,23.8426,0
16x9x24,100,911,1.34581,345600,24.8924,26,59,23.8426,0
16x9x24,100,912,1.30754,345600,24.8924,26,59,23.8426,0
16x9x24,100,913,1.35266,345600,24.8924,26,59,23.8426,0
16x9x24,100,914,1.31183,345600,24.8924,26,59,23.8426,0
16x9x24,100,915,1.29536,345600,24.8924,26,59,23.8426,0
16x9x24,100,916,1.44846,345600,24.8924,26,59,23.8426,0
16x9x24,100,917,1.29721,345600,24.8924,26,59,23.8426,0
16x9x24,100,918,1.87412,345600,24.8924,26,59,23.8426,0
16x9x24,100,919,2.45604,345600,24.8924,26,59,23.8426,0
16x9x24,100,920,1.68549,345600,24.8924,26,59,23.8426,0
16x9x24,100,921,1.99748,345600,24.8924,26,59,23.8426,0
16x9x24,100,922,1.5326,345600,24.8924,26,59,23.8426,0
16x9x24,100,923,1.39088,345600,24.8924,26,59,23.8426,0
16x9x24,100,924,1.45202,345600,24.8924,26,59,23.8426,0
16x9x24,100,925,1.44042,345600,24.8924,26,59,23.8426,0
16x9x24,100,926,1.32572,345600,24.8924,26,59,23.8426,0
16x9x24,100,927,1.31357,345600,24.8924,26,59,23.8426,0
16x9x24,100,928,1.41817,345600,24.8924,26,59,23.8426,0
16x9x24,100,929,1.52161,345600,24.8924,26,59,23.8426,0
16x9x24,100,930,1.59619,345600,24.8924,26,59,23.8426,0
16x9x24,100,931,1.57635,345600,24.8924,26,59,23.8426,0
16x9x24,100,932,1.63558,345600,24.8924,26,59,23.8426,0
16x9x24,100,933,2.12827,345600,24.8924,26,59,23.8426,0
16x9x24,100,934,2.53367,345600,24.8924,26,59,23.8426,0
16x9x24,100,935,1.77418,345600,24.8924,26,59,23.8426,0
16x9x24,100,936,1.32969,345600,24.8924,26,59,23.8426,0
16x9x24,100,937,1.36689,345600,24.8924,26,59,23.8426,0
16x9x24,100,938,1.35275,345600,24.8924,26,59,23.8426,0
16x9x24,100,939,1.48151,345600,24.8924,26,59,23.8426,0
16x9x24,100,940,1.42524,345600,24.8924,26,59,23.8426,0
16x9x24,100,941,1.50455,345600,24.8924,26,59,23.8426,0
16x9x24,100,942,1.32394,345600,24.8924,26,59,23.8426,0
16x9x24,100,943,2.07611,345600,24.8924,26,59,23.8426,0
16x9x24,100,944,2.40976,345600,24.8924,26,59,23.8426,0
16x9x24,100,945,1.84426,345600,24.8924,26,59,23.8426,0
16x9x24,100,946,1.40246,345600,24.8924,26,59,23.8426,0
16x9x24,100,947,1.37078,345600,24.8924,26,59,23.8426,0
16x9x24,100,948,2.11678,345600,24.8924,26,59,23.8426,0
16x9x24,100,949,1.50074,345600,24.8924,26,59,23.8426,0
16x9x24,100,950,1.56308,345600,24.8924,26,59,23.8426,0
16x9x24,100,951,1.29914,345600,24.8924,26,59,23.8426,0
16x9x24,100,952,1.50975,345600,24.8924,26,59,23.8426,0
16x9x24,100,953,2.00085,345600,24.8924,26,59,23.8426,0
16x9x24,100,954,2.28848,345600,24.8924,26,59,23.8426,0
16x9x24,100,955,1.64478,345600,24.8924,26,59,23.8426,0
16x9x24,100,956,1.35197,345600,24.8924,26,59,23.8426,0
16x9x24,100,957,1.33727,345600,24.8924,26,59,23.8426,0
16x9x24,100,958,1.31225,345600,24.8924,26,59,23.8426,0
16x9x24,100,959,1.61347,345600,24.8924,26,59,23.8426,0
16x9x24,100,960,1.46155,345600,24.8924,26,59,23.8426,0
16x9x24,100,961,1.47772,345600,24.8924,26,59,23.8426,0
16x9x24,100,962,1.67763,345600,24.8924,26,59,23.8426,0
16x9x24,100,963,1.3586,345600,24.8924,26,59,23.8426,0
16x9x24,100,964,1.39379,345600,24.8924,26,59,23.8426,0
16x9x24,100,965,2.19863,345600,24.8924,26,59,23.8426,0
16x9x24,100,966,2.07741,345600,24.8924,26,59,23.8426,0
16x9x24,100,967,1.44451,345600,24.8924,26,59,23.8426,0
16x9x24,100,968,1.39748,345600,24.8924,26,59,23.8426,0
16x9x24,100,969,1.48633,345600,24.8924,26,59,23.8426,0
16x9x24,100,970,2.22924,345600,24.8924,26,59,23.8426,0
16x9x24,100,971,2.29031,345600,24.8924,26,59,23.8426,0
16x9x24,100,972,2.25107,345600,24.8924,26,59,23.8426,0
16x9x24,100,973,2.12683,345600,24.8924,26,59,23.8426,0
16x9x24,100,974,1.64416,345600,24.8924,26,59,23.8426,0
16x9x24,100,975,1.6739,345600,24.8924,26,59,23.8426,0
16x9x24,100,976,1.34245,345600,24.8924,26,59,23.8426,0
16x9x24,100,977,1.32965,345600,24.8924,26,59,23.8426,0
16x9x24,100,978,1.50809,345600,24.8924,26,59,23.8426,0
16x9x24,100,979,1.95737,345600,24.8924,26,59,23.8426,0
16x9x24,100,980,1.99437,345600,24.8924,26,59,23.8426,0
16x9x24,100,981,1.57184,345600,24.8924,26,59,23.8426,0
16x9x24,100,982,1.93412,345600,24.8924,26,59,23.8426,0
16x9x24,100,983,1.46115,345600,24.8924,26,59,23.8426,0
16x9x24,100,984,1.47084,345600,24.8924,26,59,23.8426,0
16x9x24,100,985,1.65585,345600,24.8924,26,59,23.8426,0
16x9x24,100,986,1.33222,345600,24.8924,26,59,23.8426,0
16x9x24,100,987,1.35004,345600,24.8924,26,59,23.8426,0
16x9x24,100,988,1.40562,345600,24.8924,26,59,23.8426,0
16x9x24,100,989,1.76108,345600,24.8924,26,59,23.8426,0
16x9x24,100,990,1.66507,345600,24.8924,26,59,23.8426,0
16x9x24,100,991,1.59719,345600,24.8924,26,59,23.8426,0
16x9x24,100,992,1.65572,345600,24.8924,26,59,23.8426,0
16x9x24,100,993,1.36681,345600,24.8924,26,59,23.8426,0
16x9x24,100,994,1.35493,345600,24.8924,26,59,23.8426,0
16x9x24,100,995,1.47971,345600,24.8924,26,59,23.8426,0
16x9x24,100,996,1.57667,345600,24.8924,26,59,23.8426,0
16x9x24,100,997,1.4461,345600,24.8924,26,59,23.8426,0
16x9x24,100,998,1.38667,345600,24.8924,26,59,23.8426,0
16x9x24,100,999,1.39446,345600,24.8924,26,59,23.8426,0
16x9x24,1000,0,14.5406,3456000,231.718,243,544,21.5567,0
16x9x24,1000,1,14.9616,3456000,231.718,243,544,21.5567,0
16x9x24,1000,2,17.3697,3456000,231.718,243,544,21.5567,0
16x9x24,1000,3,17.4299,3456000,231.718,243,544,21.5567,0
16x9x24,1000,4,15.4252,3456000,231.718,243,544,21.5567,0
16x9x24,1000,5,15.3715,3456000,231.718,243,544,21.5567,0
16x9x24,1000,6,16.5766,3456000,231.718,243,544,21.5567,0
16x9x24,1000,7,15.8995,3456000,231.718,243,544,21.5567,0
16x9x24,1000,8,14.5406,3456000,231.718,243,544,21.5567,0
16x9x24,1000,9,15.5843,3456000,231.718,243,544,21.5567,0
16x9x24,1000,10,16.4121,3456000,231.718,243,544,21.5567,0
16x9x24,1000,11,15.5125,3456000,231.718,243,544,21.5567,0
16x9x24,1000,12,13.773,3456000,231.718,243,544,21.5567,0
16x9x24,1000,13,14.0776,3456000,231.718,243,544,21.5567,0
16x9x24,1000,14,14.296,3456000,231.718,243,544,21.5567,0
16x9x24,1000,15,13.9475,3456000,231.718,243,544,21.5567,0
16x9x24,1000,16,17.0577,3456000,231.718,243,544,21.5567,0
16x9x24,1000,17,15.8201,3456000,231.718,243,544,21.5567,0
16x9x24,1000,18,17.6836,3456000,231.718,243,544,21.5567,0
16x9x24,1000,19,15.1574,3456000,231.718,243,544,21.5567,0
16x9x24,1000,20,15.3297,3456000,231.718,243,544,21.5567,0
16x9x24,1000,21,15.6956,3456000,231.718,243,544,21.5567,0
16x9x24,1000,22,14.5055,3456000,231.718,243,544,21.5567,0
16x9x24,1000,23,15.4917,3456000,231.718,243,544,21.5567,0
16x9x24,1000,24,16.4994,3456000,231.718,243,544,21.5567,0
16x9x24,1000,25,13.8377,3456000,231.718,243,544,21.5567,0
16x9x24,1000,26,15.6921,3456000,231.718,243,544,21.5567,0
16x9x24,1000,27,16.8787,3456000,231.718,243,544,21.5567,0
16x9x24,1000,28,15.755,3456000,231.718,243,544,21.5567,0
16x9x24,1000,29,24.5388,3456000,231.718,243,544,21.5567,0
16x9x24,1000,30,18.2076,3456000,231.718,243,544,21.5567,0
16x9x24,1000,31,16.0286,3456000,231.718,243,544,21.5567,0
16x9x24,1000,32,16.2847,3456000,231.718,243,544,21.5567,0
16x9x24,1000,33,15.7161,3456000,231.718,243,544,21.5567,0
16x9x24,1000,34,15.4618,3456000,231.718,243,544,21.5567,0
16x9x24,1000,35,14.911,3456000,231.718,243,544,21.5567,0
16x9x24,1000,36,15.6144,3456000,231.718,243,544,21.5567,0
16x9x24,1000,37,16.3578,3456000,231.718,243,544,21.5567,0
16x9x24,1000,38,15.9356,3456000,231.718,243,544,21.5567,0
16x9x24,1000,39,14.9964,3456000,231.718,243,544,21.5567,0
16x9x24,1000,40,14.6197,3456000,231.718,243,544,21.5567,0
16x9x24,1000,41,15.5556,3456000,231.718,243,544,21.5567,0
16x9x24,1000,42,14.5217,3456000,231.718,243,544,21.5567,0
16x9x24,1000,43,14.4286,3456000,231.718,243,544,21.5567,0
16x9x24,1000,44,14.9701,3456000,231.718,243,544,21.5567,0
16x9x24,1000,45,14.293,3456000,231.718,243,544,21.5567,0
16x9x24,1000,46,14.518,3456000,231.718,243,544,21.5567,0
16x9x24,1000,47,15.0077,3456000,231.718,243,544,21.5567,0
16x9x24,1000,48,15.7133,3456000,231.718,243,544,21.5567,0
16x9x24,1000,49,14.5313,3456000,231.718,243,544,21.5567,0
16x9x24,1000,50,15.4587,3456000,231.718,243,544,21.5567,0
16x9x24,1000,51,16.5468,3456000,231.718,243,544,21.5567,0
16x9x24,1000,52,15.9949,3456000,231.718,243,544,21.5567,0
16x9x24,1000,53,15.5561,3456000,231.718,243,544,21.5567,0
16x9x24,1000,54,15.174,3456000,231.718,243,544,21.5567,0
16x9x24,1000,55,14.4479,3456000,231.718,243,544,21.5567,0
16x9x24,1000,56,14.6045,3456000,231.718,243,544,21.5567,0
16x9x24,1000,57,14.54,3456000,231.718,243,544,21.5567,0
16x9x24,1000,58,14.3703,3456000,231.718,243,544,21.5567,0
16x9x24,1000,59,14.8259,3456000,231.718,243,544,21.5567,0
16x9x24,1000,60,14.5978,3456000,231.718,243,544,21.5567,0
16x9x24,1000,61,15.0807,3456000,231.718,243,544,21.5567,0
16x9x24,1000,62,14.4759,3456000,231.718,243,544,21.5567,0
16x9x24,1000,63,14.0262,3456000,231.718,243,544,21.5567,0
16x9x24,1000,64,14.7313,3456000,231.718,243,544,21.5567,0
16x9x24,1000,65,14.786,3456000,231.718,243,544,21.5567,0
16x9x24,1000,66,14.7893,3456000,231.718,243,544,21.5567,0
16x9x24,1000,67,14.5373,3456000,231.718,243,544,21.5567,0
16x9x24,1000,68,15.5115,3456000,231.718,243,544,21.5567,0
16x9x24,1000,69,14.9355,3456000,231.718,243,544,21.5567,0
16x9x24,1000,70,15.0621,3456000,231.718,243,544,21.5567,0
16x9x24,1000,71,15.2796,3456000,231.718,243,544,21.5567,0
16x9x24,1000,72,14.7912,3456000,231.718,243,544,21.5567,0
16x9x24,1000,73,15.7345,3456000,231.718,243,544,21.5567,0
16x9x24,1000,74,15.4772,3456000,231.718,243,544,21.5567,0
16x9x24,1000,75,16.3335,3456000,231.718,243,544,21.5567,0
16x9x24,1000,76,14.0287,3456000,231.718,243,544,21.5567,0
16x9x24,1000,77,14.3976,3456000,231.718,243,544,21.5567,0
16x9x24,1000,78,15.7428,3456000,231.718,243,544,21.5567,0
16x9x24,1000,79,15.1785,3456000,231.718,243,544,21.5567,0
16x9x24,1000,80,15.1606,3456000,231.718,243,544,21.5567,0
16x9x24,1000,81,14.9047,3456000,231.718,243,544,21.5567,0
16x9x24,1000,82,15.5163,3456000,231.718,243,544,21.5567,0
16x9x24,1000,83,15.2802,3456000,231.718,243,544,21.5567,0
16x9x24,1000,84,14.973,3456000,231.718,243,544,21.5567,0
16x9x24,1000,85,14.7438,3456000,231.718,243,544,21.5567,0
16x9x24,1000,86,14.549,3456000,231.718,243,544,21.5567,0
16x9x24,1000,87,14.6202,3456000,231.718,243,544,21.5567,0
16x9x24,1000,88,14.5709,3456000,231.718,243,544,21.5567,0
16x9x24,1000,89,13.9677,3456000,231.718,243,544,21.5567,0
16x9x24,1000,90,14.6749,3456000,231.718,243,544,21.5567,0
16x9x24,1000,91,14.2446,3456000,231.718,243,544,21.5567,0
16x9x24,1000,92,16.4323,3456000,231.718,243,544,21.5567,0
16x9x24,1000,93,14.8932,3456000,231.718,243,544,21.5567,0
16x9x24,1000,94,15.2452,3456000,231.718,243,544,21.5567,0
16x9x24,1000,95,15.787,3456000,231.718,243,544,21.5567,0
16x9x24,1000,96,15.4213,3456000,231.718,243,544,21.5567,0
16x9x24,1000,97,14.4013,3456000,231.718,243,544,21.5567,0
16x9x24,1000,98,14.3414,3456000,231.718,243,544,21.5567,0
16x9x24,1000,99,15.3718,3456000,231.718,243,544,21.5567,0
16x9x24,1000,100,14.3189,3456000,231.718,243,544,21.5567,0
16x9x24,1000,101,14.1609,3456000,231.718,243,544,21.5567,0
16x9x24,1000,102,14.1729,3456000,231.718,243,544,21.5567,0
16x9x24,1000,103,14.3688,3456000,231.718,243,544,21.5567,0
16x9x24,1000,104,14.3303,3456000,231.718,243,544,21.5567,0
16x9x24,1000,105,13.825,3456000,231.718,243,544,21.5567,0
16x9x24,1000,106,13.6183,3456000,231.718,243,544,21.5567,0
16x9x24,1000,107,14.1412,3456000,231.718,243,544,21.5567,0
16x9x24,1000,108,17.6215,3456000,231.718,243,544,21.5567,0
16x9x24,1000,109,17.9527,3456000,231.718,243,544,21.5567,0
16x9x24,1000,110,17.302,3456000,231.718,243,544,21.5567,0
16x9x24,1000,111,17.9083,3456000,231.718,243,544,21.5567,0
16x9x24,1000,112,23.3657,3456000,231.718,243,544,21.5567,0
16x9x24,1000,113,18.7103,3456000,231.718,243,544,21.5567,0
16x9x24,1000,114,24.5336,3456000,231.718,243,544,21.5567,0
16x9x24,1000,115,15.879,3456000,231.718,243,544,21.5567,0
16x9x24,1000,116,14.8496,3456000,231.718,243,544,21.5567,0
16x9x24,1000,117,14.5,3456000,231.718,243,544,21.5567,0
16x9x24,1000,118,14.0773,3456000,231.718,243,544,21.5567,0
16x9x24,1000,119,14.7601,3456000,231.718,243,544,21.5567,0
16x9x24,1000,120,15.512,3456000,231.718,243,544,21.5567,0
16x9x24,1000,121,14.4247,3456000,231.718,243,544,21.5567,0
16x9x24,1000,122,14.1405,3456000,231.718,243,544,21.5567,0
16x9x24,1000,123,14.8125,3456000,231.718,243,544,21.5567,0
16x9x24,1000,124,14.1317,3456000,231.718,243,544,21.5567,0
16x9x24,1000,125,14.0222,3456000,231.718,243,544,21.5567,0
16x9x24,1000,126,13.8316,3456000,231.718,243,544,21.5567,0
16x9x24,1000,127,14.5904,3456000,231.718,243,544,21.5567,0
16x9x24,1000,128,14.4656,3456000,231.718,243,544,21.5567,0
16x9x24,1000,129,14.4995,3456000,231.718,243,544,21.5567,0
16x9x24,1000,130,13.9953,3456000,231.718,243,544,21.5567,0
16x9x24,1000,131,14.4295,3456000,231.718,243,544,21.5567,0
16x9x24,1000,132,14.5292,3456000,231.718,243,544,21.5567,0
16x9x24,1000,133,14.263,3456000,231.718,243,544,21.5567,0
16x9x24,1000,134,14.5192,3456000,231.718,243,544,21.5567,0
16x9x24,1000,135,14.2128,3456000,231.718,243,544,21.5567,0
16x9x24,1000,136,14.4157,3456000,231.718,243,544,21.5567,0
16x9x24,1000,137,13.7895,3456000,231.718,243,544,21.5567,0
16x9x24,1000,138,14.4935,3456000,231.718,243,544,21.5567,0
16x9x24,1000,139,14.9923,3456000,231.718,243,544,21.5567,0
16x9x24,1000,140,14.6032,3456000,231.718,243,544,21.5567,0
16x9x24,1000,141,14.2867,3456000,231.718,243,544,21.5567,0
16x9x24,1000,142,14.5487,3456000,231.718,243,544,21.5567,0
16x9x24,1000,143,14.3365,3456000,231.718,243,544,21.5567,0
16x9x24,1000,144,13.9236,3456000,231.718,243,544,21.5567,0
16x9x24,1000,145,14.1999,3456000,231.718,243,544,21.5567,0
16x9x24,1000,146,14.4938,3456000,231.718,243,544,21.5567,0
16x9x24,1000,147,14.172,3456000,231.718,243,544,21.5567,0
16x9x24,1000,148,13.9153,3456000,231.718,243,544,21.5567,0
16x9x24,1000,149,14.4378,3456000,231.718,243,544,21.5567,0
16x9x24,1000,150,14.3995,3456000,231.718,243,544,21.5567,0
16x9x24,1000,151,14.1756,3456000,231.718,243,544,21.5567,0
16x9x24,1000,152,15.3268,3456000,231.718,243,544,21.5567,0
16x9x24,1000,153,14.3562,3456000,231.718,243,544,21.5567,0
16x9x24,1000,154,14.0996,3456000,231.718,243,544,21.5567,0
16x9x24,1000,155,14.2284,3456000,231.718,243,544,21.5567,0
16x9x24,1000,156,15.5984,3456000,231.718,243,544,21.5567,0
16x9x24,1000,157,15.488,3456000,231.718,243,544,21.5567,0
16x9x24,1000,158,15.5067,3456000,231.718,243,544,21.5567,0
16x9x24,1000,159,15.9908,3456000,231.718,243,544,21.5567,0
16x9x24,1000,160,15.8323,3456000,231.718,243,544,21.5567,0
16x9x24,1000,161,16.1458,3456000,231.718,243,544,21.5567,0
16x9x24,1000,162,15.506,3456000,231.718,243,544,21.5567,0
16x9x24,1000,163,14.7634,3456000,231.718,243,544,21.5567,0
16x9x24,1000,164,16.0546,3456000,231.718,243,544,21.5567,0
16x9x24,1000,165,16.6481,3456000,231.718,243,544,21.5567,0
16x9x24,1000,166,16.096,3456000,231.718,243,544,21.5567,0
16x9x24,1000,167,14.4877,3456000,231.718,243,544,21.5567,0
16x9x24,1000,168,15.7319,3456000,231.718,243,544,21.5567,0
16x9x24,1000,169,16.0427,3456000,231.718,243,544,21.5567,0
16x9x24,1000,170,15.6412,3456000,231.718,243,544,21.5567,0
16x9x24,1000,171,14.979,3456000,231.718,243,544,21.5567,0
16x9x24,1000,172,15.2231,3456000,231.718,243,544,21.5567,0
16x9x24,1000,173,16.1121,3456000,231.718,243,544,21.5567,0
16x9x24,1000,174,18.3463,3456000,231.718,243,544,21.5567,0
16x9x24,1000,175,16.1548,3456000,231.718,243,544,21.5567,0
16x9x24,1000,176,17.7119,3456000,231.718,243,544,21.5567,0
16x9x24,1000,177,16.2105,3456000,231.718,243,544,21.5567,0
16x9x24,1000,178,15.1533,3456000,231.718,243,544,21.5567,0
16x9x24,1000,179,17.423,3456000,231.718,243,544,21.5567,0
16x9x24,1000,180,15.4914,3456000,231.718,243,544,21.5567,0
16x9x24,1000,181,15.0612,3456000,231.718,243,544,21.5567,0
16x9x24,1000,182,16.4023,3456000,231.718,243,544,21.5567,0
16x9x24,1000,183,16.9161,3456000,231.718,243,544,21.5567,0
16x9x24,1000,184,17.9334,3456000,231.718,243,544,21.5567,0
16x9x24,1000,185,17.319,3456000,231.718,243,544,21.5567,0
16x9x24,1000,186,16.7521,3456000,231.718,243,544,21.5567,0
16x9x24,1000,187,15.8749,3456000,231.718,243,544,21.5567,0
16x9x24,1000,188,15.0599,3456000,231.718,243,544,21.5567,0
16x9x24,1000,189,15.3743,3456000,231.718,243,544,21.5567,0
16x9x24,1000,190,16.2535,3456000,231.718,243,544,21.5567,0
16x9x24,1000,191,15.1096,3456000,231.718,243,544,21.5567,0
16x9x24,1000,192,14.3856,3456000,231.718,243,544,21.5567,0
16x9x24,1000,193,14.3655,3456000,231.718,243,544,21.5567,0
16x9x24,1000,194,15.3202,3456000,231.718,243,544,21.5567,0
16x9x24,1000,195,15.1059,3456000,231.718,243,544,21.5567,0
16x9x24,1000,196,14.3147,3456000,231.718,243,544,21.5567,0
16x9x24,1000,197,14.3569,3456000,231.718,243,544,21.5567,0
16x9x24,1000,198,14.6972,3456000,231.718,243,544,21.5567,0
16x9x24,1000,199,14.1686,3456000,231.718,243,544,21.5567,0
16x9x24,1000,200,14.1754,3456000,231.718,243,544,21.5567,0
16x9x24,1000,201,15.037,3456000,231.718,243,544,21.5567,0
16x9x24,1000,202,15.7701,3456000,231.718,243,544,21.5567,0
16x9x24,1000,203,14.8576,3456000,231.718,243,544,21.5567,0
16x9x24,1000,204,15.7408,3456000,231.718,243,544,21.5567,0
16x9x24,1000,205,13.7394,3456000,231.718,243,544,21.5567,0
16x9x24,1000,206,15.1292,3456000,231.718,243,544,21.5567,0
16x9x24,1000,207,15.9003,3456000,231.718,243,544,21.5567,0
16x9x24,1000,208,15.0739,3456000,231.718,243,544,21.5567,0
16x9x24,1000,209,15.2849,3456000,231.718,243,544,21.5567,0
16x9x24,1000,210,16.2756,3456000,231.718,243,544,21.5567,0
16x9x24,1000,211,14.8521,3456000,231.718,243,544,21.5567,0
16x9x24,1000,212,14.7973,3456000,231.718,243,544,21.5567,0
16x9x24,1000,213,13.8599,3456000,231.718,243,544,21.5567,0
16x9x24,1000,214,14.5393,3456000,231.718,243,544,21.5567,0
16x9x24,1000,215,14.0028,3456000,231.718,243,544,21.5567,0
16x9x24,1000,216,16.0311,3456000,231.718,243,544,21.5567,0
16x9x24,1000,217,15.8915,3456000,231.718,243,544,21.5567,0
16x9x24,1000,218,16.4212,3456000,231.718,243,544,21.5567,0
16x9x24,1000,219,16.0137,3456000,231.718,243,544,21.5567,0
16x9x24,1000,220,16.1721,3456000,231.718,243,544,21.5567,0
16x9x24,1000,221,16.3141,3456000,231.718,243,544,21.5567,0
16x9x24,1000,222,14.7686,3456000,231.718,243,544,21.5567,0
16x9x24,1000,223,14.8839,3456000,231.718,243,544,21.5567,0
16x9x24,1000,224,15.5308,3456000,231.718,243,544,21.5567,0
16x9x24,1000,225,15.5661,3456000,231.718,243,544,21.5567,0
16x9x24,1000,226,15.6378,3456000,231.718,243,544,21.5567,0
16x9x24,1000,227,15.6473,3456000,231.718,243,544,21.5567,0
16x9x24,1000,228,14.0056,3456000,231.718,243,544,21.5567,0
16x9x24,1000,229,13.7987,3456000,231.718,243,544,21.5567,0
16x9x24,1000,230,14.8162,3456000,231.718,243,544,21.5567,0
16x9x24,1000,231,15.5625,3456000,231.718,243,544,21.5567,0
16x9x24,1000,232,15.3911,3456000,231.718,243,544,21.5567,0
16x9x24,1000,233,15.5943,3456000,231.718,243,544,21.5567,0
16x9x24,1000,234,15.3955,3456000,231.718,243,544,21.5567,0
16x9x24,1000,235,14.7657,3456000,231.718,243,544,21.5567,0
16x9x24,1000,236,13.9499,3456000,231.718,243,544,21.5567,0
16x9x24,1000,237,16.2161,3456000,231.718,243,544,21.5567,0
16x9x24,1000,238,19.062,3456000,231.718,243,544,21.5567,0
16x9x24,1000,239,15.8173,3456000,231.718,243,544,21.5567,0
16x9x24,1000,240,17.0092,3456000,231.718,243,544,21.5567,0
16x9x24,1000,241,15.3363,3456000,231.718,243,544,21.5567,0
16x9x24,1000,242,16.0447,3456000,231.718,243,544,21.5567,0
16x9x24,1000,243,16.1537,3456000,231.718,243,544,21.5567,0
16x9x24,1000,244,14.6585,3456000,231.718,243,544,21.5567,0
16x9x24,1000,245,15.3336,3456000,231.718,243,544,21.5567,0
16x9x24,1000,246,15.5505,3456000,231.718,243,544,21.5567,0
16x9x24,1000,247,15.443,3456000,231.718,243,544,21.5567,0
16x9x24,1000,248,15.7247,3456000,231.718,243,544,21.5567,0
16x9x24,1000,249,16.5269,3456000,231.718,243,544,21.5567,0
16x9x24,1000,250,18.3897,3456000,231.718,243,544,21.5567,0
16x9x24,1000,251,16.0948,3456000,231.718,243,544,21.5567,0
16x9x24,1000,252,16.7571,3456000,231.718,243,544,21.5567,0
16x9x24,1000,253,16.5267,3456000,231.718,243,544,21.5567,0
16x9x24,1000,254,15.8838,3456000,231.718,243,544,21.5567,0
16x9x24,1000,255,14.3755,3456000,231.718,243,544,21.5567,0
16x9x24,1000,256,14.6329,3456000,231.718,243,544,21.5567,0
16x9x24,1000,257,14.2997,3456000,231.718,243,544,21.5567,0
16x9x24,1000,258,15.3301,3456000,231.718,243,544,21.5567,0
16x9x24,1000,259,16.0682,3456000,231.718,243,544,21.5567,0
16x9x24,1000,260,14.8468,3456000,231.718,243,544,21.5567,0
16x9x24,1000,261,14.9464,3456000,231.718,243,544,21.5567,0
16x9x24,1000,262,14.5735,3456000,231.718,243,544,21.5567,0
16x9x24,1000,263,14.3597,3456000,231.718,243,544,21.5567,0
16x9x24,1000,264,14.0577,3456000,231.718,243,544,21.5567,0
16x9x24,1000,265,13.9715,3456000,231.718,243,544,21.5567,0
16x9x24,1000,266,14.5343,3456000,231.718,243,544,21.5567,0
16x9x24,1000,267,14.0991,3456000,231.718,243,544,21.5567,0
16x9x24,1000,268,14.489,3456000,231.718,243,544,21.5567,0
16x9x24,1000,269,14.9257,3456000,231.718,243,544,21.5567,0
16x9x24,1000,270,14.434,3456000,231.718,243,544,21.5567,0
16x9x24,1000,271,14.5728,3456000,231.718,243,544,21.5567,0
16x9x24,1000,272,14.4756,3456000,231.718,243,544,21.5567,0
16x9x24,1000,273,15.1518,3456000,231.718,243,544,21.5567,0
16x9x24,1000,274,14.5783,3456000,231.718,243,544,21.5567,0
16x9x24,1000,275,14.461,3456000,231.718,243,544,21.5567,0
16x9x24,1000,276,14.9884,3456000,231.718,243,544,21.5567,0
16x9x24,1000,277,15.2095,3456000,231.718,243,544,21.5567,0
16x9x24,1000,278,14.8782,3456000,231.718,243,544,21.5567,0
16x9x24,1000,279,14.6116,3456000,231.718,243,544,21.5567,0
16x9x24,1000,280,14.9636,3456000,231.718,243,544,21.5567,0
16x9x24,1000,281,15.8866,3456000,231.718,243,544,21.5567,0
16x9x24,1000,282,15.8712,3456000,231.718,243,544,21.5567,0
16x9x24,1000,283,15.8386,3456000,231.718,243,544,21.5567,0
16x9x24,1000,284,15.8077,3456000,231.718,243,544,21.5567,0
16x9x24,1000,285,15.2164,3456000,231.718,243,544,21.5567,0
16x9x24,1000,286,15.9058,3456000,231.718,243,544,21.5567,0
16x9x24,1000,287,16.8712,3456000,231.718,243,544,21.5567,0
16x9x24,1000,288,17.2333,3456000,231.718,243,544,21.5567,0
16x9x24,1000,289,15.0024,3456000,231.718,243,544,21.5567,0
16x9x24,1000,290,14.6237,3456000,231.718,243,544,21.5567,0
16x9x24,1000,291,15.3134,3456000,231.718,243,544,21.5567,0
16x9x24,1000,292,15.2285,3456000,231.718,243,544,21.5567,0
16x9x24,1000,293,14.4515,3456000,231.718,243,544,21.5567,0
16x9x24,1000,294,14.3474,3456000,231.718,243,544,21.5567,0
16x9x24,1000,295,15.0239,3456000,231.718,243,544,21.5567,0
16x9x24,1000,296,15.9195,3456000,231.718,243,544,21.5567,0
16x9x24,1000,297,15.434,3456000,231.718,243,544,21.5567,0
16x9x24,1000,298,15.9949,3456000,231.718,243,544,21.5567,0
16x9x24,1000,299,18.3881,3456000,231.718,243,544,21.5567,0
16x9x24,1000,300,18.1039,3456000,231.718,243,544,21.5567,0
16x9x24,1000,301,16.0206,3456000,231.718,243,544,21.5567,0
16x9x24,1000,302,19.6359,3456000,231.718,243,544,21.5567,0
16x9x24,1000,303,24.8281,3456000,231.718,243,544,21.5567,0
16x9x24,1000,304,24.9167,3456000,231.718,243,544,21.5567,0
16x9x24,5000,0,107.922,17280000,1165.05,1248,2759,21.1227,69.2708
16x9x24,5000,1,130.635,17280000,1165.05,1248,2759,21.1227,69.2708
16x9x24,5000,2,138.309,17280000,1165.05,1248,2759,21.1227,69.2708
16x9x24,5000,3,140.472,17280000,1165.05,1248,2759,21.1227,69.2708
16x9x24,5000,4,145.841,17280000,1165.05,1248,2759,21.1227,69.2708
16x9x24,5000,5,130.651,17280000,1165.05,1248,2759,21.1227,69.2708
16x9x24,5000,6,132.045,17280000,1165.05,1248,2759,21.1227,69.2708
16x9x24,5000,7,130.116,17280000,1165.05,1248,2759,21.1227,69.2708
16x9x24,5000,8,132.848,17280000,1165.05,1248,2759,21.1227,69.2708
16x9x24,5000,9,86.0866,17280000,1165.05,1248,2759,21.1227,69.2708
16x9x24,5000,10,88.7509,17280000,1165.05,1248,2759,21.1227,69.2708
16x9x24,5000,11,127.977,17280000,1165.05,1248,2759,21.1227,69.2708
16x9x24,5000,12,133.639,17280000,1165.05,1248,2759,21.1227,69.2708
16x9x24,5000,13,130.092,17280000,1165.05,1248,2759,21.1227,69.2708
16x9x24,5000,14,131.766,17280000,1165.05,1248,2759,21.1227,69.2708
16x9x24,5000,15,132.235,17280000,1165.05,1248,2759,21.1227,69.2708
16x9x24,5000,16,152.1,17280000,1165.05,1248,2759,21.1227,69.2708
16x9x24,5000,17,158.724,17280000,1165.05,1248,2759,21.1227,69.2708
16x9x24,5000,18,137.341,17280000,1165.05,1248,2759,21.1227,69.2708
16x9x24,5000,19,129.588,17280000,1165.05,1248,2759,21.1227,69.2708
16x9x24,5000,20,135.725,17280000,1165.05,1248,2759,21.1227,69.2708
16x9x24,5000,21,128.753,17280000,1165.05,1248,2759,21.1227,69.2708
16x9x24,5000,22,141.627,17280000,1165.05,1248,2759,21.1227,69.2708
16x9x24,5000,23,137.102,17280000,1165.05,1248,2759,21.1227,69.2708
16x9x24,5000,24,137.962,17280000,1165.05,1248,2759,21.1227,69.2708
16x9x24,5000,25,130.393,17280000,1165.05,1248,2759,21.1227,69.2708
16x9x24,5000,26,144.983,17280000,1165.05,1248,2759,21.1227,69.2708
16x9x24,5000,27,138.044,17280000,1165.05,1248,2759,21.1227,69.2708
16x9x24,5000,28,127.801,17280000,1165.05,1248,2759,21.1227,69.2708
16x9x24,5000,29,126.714,17280000,1165.05,1248,2759,21.1227,69.2708
16x9x24,5000,30,116.117,17280000,1165.05,1248,2759,21.1227,69.2708
16x9x24,5000,31,96.7712,17280000,1165.05,1248,2759,21.1227,69.2708
16x9x24,5000,32,84.2527,17280000,1165.05,1248,2759,21.1227,69.2708
16x9x24,5000,33,81.8141,17280000,1165.05,1248,2759,21.1227,69.2708
16x9x24,5000,34,81.612,17280000,1165.05,1248,2759,21.1227,69.2708
16x9x24,5000,35,78.5069,17280000,1165.05,1248,2759,21.1227,69.2708
16x9x24,5000,36,120.601,17280000,1165.05,1248,2759,21.1227,69.2708
32x18x64,100,0,24.732,3686400,17.7582,20,47,24.8996,0
32x18x64,100,1,26.5257,3686400,17.7582,20,47,24.8996,0
32x18x64,100,2,21.305,3686400,17.7582,20,47,24.8996,0
32x18x64,100,3,26.8721,3686400,17.7582,20,47,24.8996,0
32x18x64,100,4,26.2067,3686400,17.7582,20,47,24.8996,0
32x18x64,100,5,24.4617,3686400,17.7582,20,47,24.8996,0
32x18x64,100,6,22.0804,3686400,17.7582,20,47,24.8996,0
32x18x64,100,7,24.0023,3686400,17.7582,20,47,24.8996,0
32x18x64,100,8,26.0037,3686400,17.7582,20,47,24.8996,0
32x18x64,100,9,27.6125,3686400,17.7582,20,47,24.8996,0
32x18x64,100,10,25.389,3686400,17.7582,20,47,24.8996,0
32x18x64,100,11,29.1438,3686400,17.7582,20,47,24.8996,0
32x18x64,100,12,30.9671,3686400,17.7582,20,47,24.8996,0
32x18x64,100,13,31.3151,3686400,17.7582,20,47,24.8996,0
32x18x64,100,14,32.5655,3686400,17.7582,20,47,24.8996,0
32x18x64,100,15,35.3515,3686400,17.7582,20,47,24.8996,0
32x18x64,100,16,30.4861,3686400,17.7582,20,47,24.8996,0
32x18x64,100,17,32.4342,3686400,17.7582,20,47,24.8996,0
32x18x64,100,18,24.5054,3686400,17.7582,20,47,24.8996,0
32x18x64,100,19,27.0673,3686400,17.7582,20,47,24.8996,0
32x18x64,100,20,27.2073,3686400,17.7582,20,47,24.8996,0
32x18x64,100,21,27.3397,3686400,17.7582,20,47,24.8996,0
32x18x64,100,22,24.9144,3686400,17.7582,20,47,24.8996,0
32x18x64,100,23,28.341,3686400,17.7582,20,47,24.8996,0
32x18x64,100,24,27.2653,3686400,17.7582,20,47,24.8996,0
32x18x64,100,25,27.6403,3686400,17.7582,20,47,24.8996,0
32x18x64,100,26,25.1777,3686400,17.7582,20,47,24.8996,0
32x18x64,100,27,28.3793,3686400,17.7582,20,47,24.8996,0
32x18x64,100,28,26.2794,3686400,17.7582,20,47,24.8996,0
32x18x64,100,29,29.1909,3686400,17.7582,20,47,24.8996,0
32x18x64,100,30,26.4794,3686400,17.7582,20,47,24.8996,0
32x18x64,100,31,39.8561,3686400,17.7582,20,47,24.8996,0
32x18x64,100,32,69.78,3686400,17.7582,20,47,24.8996,0
32x18x64,100,33,34.2631,3686400,17.7582,20,47,24.8996,0
32x18x64,100,34,30.0851,3686400,17.7582,20,47,24.8996,0
32x18x64,100,35,34.9087,3686400,17.7582,20,47,24.8996,0
32x18x64,100,36,34.9694,3686400,17.7582,20,47,24.8996,0
32x18x64,100,37,29.404,3686400,17.7582,20,47,24.8996,0
32x18x64,100,38,29.0951,3686400,17.7582,20,47,24.8996,0
32x18x64,100,39,32.1423,3686400,17.7582,20,47,24.8996,0
32x18x64,100,40,26.521,3686400,17.7582,20,47,24.8996,0
32x18x64,100,41,26.5295,3686400,17.7582,20,47,24.8996,0
32x18x64,100,42,28.4874,3686400,17.7582,20,47,24.8996,0
32x18x64,100,43,25.6718,3686400,17.7582,20,47,24.8996,0
32x18x64,100,44,27.3434,3686400,17.7582,20,47,24.8996,0
32x18x64,100,45,22.8412,3686400,17.7582,20,47,24.8996,0
32x18x64,100,46,27.8953,3686400,17.7582,20,47,24.8996,0
32x18x64,100,47,26.5263,3686400,17.7582,20,47,24.8996,0
32x18x64,100,48,24.5631,3686400,17.7582,20,47,24.8996,0
32x18x64,100,49,26.8556,3686400,17.7582,20,47,24.8996,0
32x18x64,100,50,25.0286,3686400,17.7582,20,47,24.8996,0
32x18x64,100,51,26.8651,3686400,17.7582,20,47,24.8996,0
32x18x64,100,52,23.1092,3686400,17.7582,20,47,24.8996,0
32x18x64,100,53,26.6492,3686400,17.7582,20,47,24.8996,0
32x18x64,100,54,28.0782,3686400,17.7582,20,47,24.8996,0
32x18x64,100,55,25.5136,3686400,17.7582,20,47,24.8996,0
32x18x64,100,56,28.4753,3686400,17.7582,20,47,24.8996,0
32x18x64,100,57,27.0743,3686400,17.7582,20,47,24.8996,0
32x18x64,100,58,27.5008,3686400,17.7582,20,47,24.8996,0
32x18x64,100,59,26.3501,3686400,17.7582,20,47,24.8996,0
32x18x64,100,60,25.4331,3686400,17.7582,20,47,24.8996,0
32x18x64,100,61,17.6816,3686400,17.7582,20,47,24.8996,0
32x18x64,100,62,18.346,3686400,17.7582,20,47,24.8996,0
32x18x64,100,63,14.3361,3686400,17.7582,20,47,24.8996,0
32x18x64,100,64,16.1044,3686400,17.7582,20,47,24.8996,0
32x18x64,100,65,19.7637,3686400,17.7582,20,47,24.8996,0
32x18x64,100,66,15.7338,3686400,17.7582,20,47,24.8996,0
32x18x64,100,67,14.9864,3686400,17.7582,20,47,24.8996,0
32x18x64,100,68,14.5808,3686400,17.7582,20,47,24.8996,0
32x18x64,100,69,15.744,3686400,17.7582,20,47,24.8996,0
32x18x64,100,70,14.6546,3686400,17.7582,20,47,24.8996,0
32x18x64,100,71,14.4679,3686400,17.7582,20,47,24.8996,0
32x18x64,100,72,14.6149,3686400,17.7582,20,47,24.8996,0
32x18x64,100,73,15.0481,3686400,17.7582,20,47,24.8996,0
32x18x64,100,74,14.6646,3686400,17.7582,20,47,24.8996,0
32x18x64,100,75,15.5217,3686400,17.7582,20,47,24.8996,0
32x18x64,100,76,14.9274,3686400,17.7582,20,47,24.8996,0
32x18x64,100,77,15.0664,3686400,17.7582,20,47,24.8996,0
32x18x64,100,78,14.6,3686400,17.7582,20,47,24.8996,0
32x18x64,100,79,15.6062,3686400,17.7582,20,47,24.8996,0
32x18x64,100,80,15.4605,3686400,17.7582,20,47,24.8996,0
32x18x64,100,81,17.0951,3686400,17.7582,20,47,24.8996,0
32x18x64,100,82,17.5386,3686400,17.7582,20,47,24.8996,0
32x18x64,100,83,15.1353,3686400,17.7582,20,47,24.8996,0
32x18x64,100,84,14.9253,3686400,17.7582,20,47,24.8996,0
32x18x64,100,85,14.7869,3686400,17.7582,20,47,24.8996,0
32x18x64,100,86,15.0381,3686400,17.7582,20,47,24.8996,0
32x18x64,100,87,24.3399,3686400,17.7582,20,47,24.8996,0
32x18x64,100,88,23.3888,3686400,17.7582,20,47,24.8996,0
32x18x64,100,89,24.9202,3686400,17.7582,20,47,24.8996,0
32x18x64,100,90,26.2169,3686400,17.7582,20,47,24.8996,0
32x18x64,100,91,24.7369,3686400,17.7582,20,47,24.8996,0
32x18x64,100,92,25.7721,3686400,17.7582,20,47,24.8996,0
32x18x64,100,93,47.9589,3686400,17.7582,20,47,24.8996,0
32x18x64,100,94,25.8658,3686400,17.7582,20,47,24.8996,0
32x18x64,100,95,37.6684,3686400,17.7582,20,47,24.8996,0
32x18x64,100,96,51.9066,3686400,17.7582,20,47,24.8996,0
32x18x64,100,97,49.6888,3686400,17.7582,20,47,24.8996,0
32x18x64,100,98,26.7248,3686400,17.7582,20,47,24.8996,0
32x18x64,100,99,25.1846,3686400,17.7582,20,47,24.8996,0
32x18x64,100,100,27.2559,3686400,17.7582,20,47,24.8996,0
32x18x64,100,101,26.8878,3686400,17.7582,20,47,24.8996,0
32x18x64,100,102,24.6514,3686400,17.7582,20,47,24.8996,0
32x18x64,100,103,25.9501,3686400,17.7582,20,47,24.8996,0
32x18x64,100,104,27.2719,3686400,17.7582,20,47,24.8996,0
32x18x64,100,105,24.4458,3686400,17.7582,20,47,24.8996,0
32x18x64,100,106,27.4772,3686400,17.7582,20,47,24.8996,0
32x18x64,100,107,22.8143,3686400,17.7582,20,47,24.8996,0
32x18x64,100,108,26.305,3686400,17.7582,20,47,24.8996,0
32x18x64,100,109,63.2564,3686400,17.7582,20,47,24.8996,0
32x18x64,100,110,26.403,3686400,17.7582,20,47,24.8996,0
32x18x64,100,111,39.9393,3686400,17.7582,20,47,24.8996,0
32x18x64,100,112,27.2932,3686400,17.7582,20,47,24.8996,0
32x18x64,100,113,24.2055,3686400,17.7582,20,47,24.8996,0
32x18x64,100,114,26.3694,3686400,17.7582,20,47,24.8996,0
32x18x64,100,115,25.1165,3686400,17.7582,20,47,24.8996,0
32x18x64,100,116,26.808,3686400,17.7582,20,47,24.8996,0
32x18x64,100,117,27.9293,3686400,17.7582,20,47,24.8996,0
32x18x64,100,118,23.4773,3686400,17.7582,20,47,24.8996,0
32x18x64,100,119,26.2576,3686400,17.7582,20,47,24.8996,0
32x18x64,100,120,27.1332,3686400,17.7582,20,47,24.8996,0
32x18x64,100,121,20.7164,3686400,17.7582,20,47,24.8996,0
32x18x64,100,122,27.5139,3686400,17.7582,20,47,24.8996,0
32x18x64,100,123,26.3497,3686400,17.7582,20,47,24.8996,0
32x18x64,100,124,28.1261,3686400,17.7582,20,47,24.8996,0
32x18x64,100,125,26.7906,3686400,17.7582,20,47,24.8996,0
32x18x64,100,126,26.0389,3686400,17.7582,20,47,24.8996,0
32x18x64,100,127,27.5365,3686400,17.7582,20,47,24.8996,0
32x18x64,100,128,26.2038,3686400,17.7582,20,47,24.8996,0
32x18x64,100,129,27.9437,3686400,17.7582,20,47,24.8996,0
32x18x64,100,130,26.6237,3686400,17.7582,20,47,24.8996,0
32x18x64,100,131,26.1017,3686400,17.7582,20,47,24.8996,0
32x18x64,100,132,30.3227,3686400,17.7582,20,47,24.8996,0
32x18x64,100,133,26.2355,3686400,17.7582,20,47,24.8996,0
32x18x64,100,134,19.1933,3686400,17.7582,20,47,24.8996,0
32x18x64,100,135,21.7809,3686400,17.7582,20,47,24.8996,0
32x18x64,100,136,15.5944,3686400,17.7582,20,47,24.8996,0
32x18x64,100,137,15.5439,3686400,17.7582,20,47,24.8996,0
32x18x64,100,138,16.1098,3686400,17.7582,20,47,24.8996,0
32x18x64,100,139,18.0136,3686400,17.7582,20,47,24.8996,0
32x18x64,100,140,16.9398,3686400,17.7582,20,47,24.8996,0
32x18x64,100,141,16.485,3686400,17.7582,20,47,24.8996,0
32x18x64,100,142,16.2451,3686400,17.7582,20,47,24.8996,0
32x18x64,100,143,15.4673,3686400,17.7582,20,47,24.8996,0
32x18x64,100,144,15.9758,3686400,17.7582,20,47,24.8996,0
32x18x64,100,145,18.2075,3686400,17.7582,20,47,24.8996,0
32x18x64,100,146,15.8646,3686400,17.7582,20,47,24.8996,0
32x18x64,100,147,14.5465,3686400,17.7582,20,47,24.8996,0
32x18x64,100,148,14.7706,3686400,17.7582,20,47,24.8996,0
32x18x64,100,149,16.1822,3686400,17.7582,20,47,24.8996,0
32x18x64,100,150,15.2092,3686400,17.7582,20,47,24.8996,0
32x18x64,100,151,14.5325,3686400,17.7582,20,47,24.8996,0
32x18x64,100,152,14.3269,3686400,17.7582,20,47,24.8996,0
32x18x64,100,153,14.6929,3686400,17.7582,20,47,24.8996,0
32x18x64,100,154,15.795,3686400,17.7582,20,47,24.8996,0
32x18x64,100,155,15.6897,3686400,17.7582,20,47,24.8996,0
32x18x64,100,156,15.7051,3686400,17.7582,20,47,24.8996,0
32x18x64,100,157,15.8188,3686400,17.7582,20,47,24.8996,0
32x18x64,100,158,14.0564,3686400,17.7582,20,47,24.8996,0
32x18x64,100,159,13.5303,3686400,17.7582,20,47,24.8996,0
32x18x64,100,160,14.3057,3686400,17.7582,20,47,24.8996,0
32x18x64,100,161,15.0945,3686400,17.7582,20,47,24.8996,0
32x18x64,100,162,20.0969,3686400,17.7582,20,47,24.8996,0
32x18x64,100,163,14.0125,3686400,17.7582,20,47,24.8996,0
32x18x64,100,164,14.2128,3686400,17.7582,20,47,24.8996,0
32x18x64,100,165,14.2272,3686400,17.7582,20,47,24.8996,0
32x18x64,100,166,15.7017,3686400,17.7582,20,47,24.8996,0
32x18x64,100,167,15.4452,3686400,17.7582,20,47,24.8996,0
32x18x64,100,168,17.1383,3686400,17.7582,20,47,24.8996,0
32x18x64,100,169,19.2092,3686400,17.7582,20,47,24.8996,0
32x18x64,100,170,15.8882,3686400,17.7582,20,47,24.8996,0
32x18x64,100,171,16.2741,3686400,17.7582,20,47,24.8996,0
32x18x64,100,172,13.7078,3686400,17.7582,20,47,24.8996,0
32x18x64,100,173,14.064,3686400,17.7582,20,47,24.8996,0
32x18x64,100,174,14.2578,3686400,17.7582,20,47,24.8996,0
32x18x64,100,175,14.2557,3686400,17.7582,20,47,24.8996,0
32x18x64,100,176,22.8491,3686400,17.7582,20,47,24.8996,0
32x18x64,100,177,24.8403,3686400,17.7582,20,47,24.8996,0
32x18x64,100,178,24.8742,3686400,17.7582,20,47,24.8996,0
32x18x64,100,179,15.4357,3686400,17.7582,20,47,24.8996,0
32x18x64,100,180,14.2254,3686400,17.7582,20,47,24.8996,0
32x18x64,100,181,14.0701,3686400,17.7582,20,47,24.8996,0
32x18x64,100,182,14.1216,3686400,17.7582,20,47,24.8996,0
32x18x64,100,183,13.4699,3686400,17.7582,20,47,24.8996,0
32x18x64,100,184,14.4744,3686400,17.7582,20,47,24.8996,0
32x18x64,100,185,14.1228,3686400,17.7582,20,47,24.8996,0
32x18x64,100,186,14.3941,3686400,17.7582,20,47,24.8996,0
32x18x64,100,187,13.6616,3686400,17.7582,20,47,24.8996,0
32x18x64,100,188,14.0877,3686400,17.7582,20,47,24.8996,0
32x18x64,100,189,14.1614,3686400,17.7582,20,47,24.8996,0
32x18x64,100,190,13.7964,3686400,17.7582,20,47,24.8996,0
32x18x64,100,191,13.9917,3686400,17.7582,20,47,24.8996,0
32x18x64,100,192,15.4953,3686400,17.7582,20,47,24.8996,0
32x18x64,100,193,14.0094,3686400,17.7582,20,47,24.8996,0
32x18x64,100,194,14.0508,3686400,17.7582,20,47,24.8996,0
32x18x64,100,195,14.2192,3686400,17.7582,20,47,24.8996,0
32x18x64,100,196,14.2235,3686400,17.7582,20,47,24.8996,0
32x18x64,100,197,15.3354,3686400,17.7582,20,47,24.8996,0
32x18x64,1000,0,157.4,36864000,212.619,251,506,23.5433,0
32x18x64,1000,1,160.03,36864000,212.619,251,506,23.5433,0
32x18x64,1000,2,158.464,36864000,212.619,251,506,23.5433,0
32x18x64,1000,3,152.512,36864000,212.619,251,506,23.5433,0
32x18x64,1000,4,158.504,36864000,212.619,251,506,23.5433,0
32x18x64,1000,5,153.855,36864000,212.619,251,506,23.5433,0
32x18x64,1000,6,153.541,36864000,212.619,251,506,23.5433,0
32x18x64,1000,7,158.67,36864000,212.619,251,506,23.5433,0
32x18x64,1000,8,149.77,36864000,212.619,251,506,23.5433,0
32x18x64,1000,9,160.278,36864000,212.619,251,506,23.5433,0
32x18x64,1000,10,153.949,36864000,212.619,251,506,23.5433,0
32x18x64,1000,11,150.828,36864000,212.619,251,506,23.5433,0
32x18x64,1000,12,151.285,36864000,212.619,251,506,23.5433,0
32x18x64,1000,13,150.515,36864000,212.619,251,506,23.5433,0
32x18x64,1000,14,148.169,36864000,212.619,251,506,23.5433,0
32x18x64,1000,15,149.848,36864000,212.619,251,506,23.5433,0
32x18x64,1000,16,157.663,36864000,212.619,251,506,23.5433,0
32x18x64,1000,17,163.12,36864000,212.619,251,506,23.5433,0
32x18x64,1000,18,164.05,36864000,212.619,251,506,23.5433,0
32x18x64,1000,19,153.643,36864000,212.619,251,506,23.5433,0
32x18x64,1000,20,152.487,36864000,212.619,251,506,23.5433,0
32x18x64,1000,21,161.75,36864000,212.619,251,506,23.5433,0
32x18x64,1000,22,148.615,36864000,212.619,251,506,23.5433,0
32x18x64,1000,23,152.081,36864000,212.619,251,506,23.5433,0
32x18x64,1000,24,163.299,36864000,212.619,251,506,23.5433,0
32x18x64,1000,25,162.508,36864000,212.619,251,506,23.5433,0
32x18x64,1000,26,149.957,36864000,212.619,251,506,23.5433,0
32x18x64,1000,27,159.204,36864000,212.619,251,506,23.5433,0
32x18x64,1000,28,148.215,36864000,212.619,251,506,23.5433,0
32x18x64,1000,29,146.861,36864000,212.619,251,506,23.5433,0
