This is XeTeX, Version 3.141592653-2.6-0.999998 (TeX Live 2026/Arch Linux) (preloaded format=xelatex 2026.6.1)  14 JUN 2026 14:15
entering extended mode
 restricted \write18 enabled.
 file:line:error style messages enabled.
 %&-line parsing enabled.
**KT-Combined.tex
(./KT-Combined.tex
LaTeX2e <2025-11-01>
L3 programming layer <2026-01-19>
(/usr/share/texmf-dist/tex/latex/base/article.cls
Document Class: article 2025/01/22 v1.4n Standard LaTeX document class
(/usr/share/texmf-dist/tex/latex/base/size11.clo
File: size11.clo 2025/01/22 v1.4n Standard LaTeX file (size option)
)
\c@part=\count271
\c@section=\count272
\c@subsection=\count273
\c@subsubsection=\count274
\c@paragraph=\count275
\c@subparagraph=\count276
\c@figure=\count277
\c@table=\count278
\abovecaptionskip=\skip49
\belowcaptionskip=\skip50
\bibindent=\dimen148
) (./header.tex
(/usr/share/texmf-dist/tex/latex/fontspec/fontspec.sty
(/usr/share/texmf-dist/tex/latex/l3packages/xparse/xparse.sty
(/usr/share/texmf-dist/tex/latex/l3kernel/expl3.sty
Package: expl3 2026-01-19 L3 programming layer (loader) 

(/usr/share/texmf-dist/tex/latex/l3backend/l3backend-xetex.def
File: l3backend-xetex.def 2025-10-09 L3 backend support: XeTeX
\g__graphics_track_int=\count279
\g__pdfannot_backend_int=\count280
\g__pdfannot_backend_link_int=\count281
))
Package: xparse 2025-10-09 L3 Experimental document command parser
)
Package: fontspec 2025/09/29 v2.9g Font selection for XeLaTeX and LuaLaTeX

(/usr/share/texmf-dist/tex/latex/fontspec/fontspec-xetex.sty
Package: fontspec-xetex 2025/09/29 v2.9g Font selection for XeLaTeX and LuaLaTe
X
\l__fontspec_script_int=\count282
\l__fontspec_language_int=\count283
\l__fontspec_strnum_int=\count284
\l__fontspec_tmp_int=\count285
\l__fontspec_tmpa_int=\count286
\l__fontspec_tmpb_int=\count287
\l__fontspec_tmpc_int=\count288
\l__fontspec_em_int=\count289
\l__fontspec_emdef_int=\count290
\l__fontspec_strong_int=\count291
\l__fontspec_strongdef_int=\count292
\l__fontspec_tmpa_dim=\dimen149
\l__fontspec_tmpb_dim=\dimen150
\l__fontspec_tmpc_dim=\dimen151

(/usr/share/texmf-dist/tex/latex/base/fontenc.sty
Package: fontenc 2025/07/18 v2.1d Standard LaTeX package
)
(/usr/share/texmf-dist/tex/latex/fontspec/fontspec.cfg)))
(/usr/share/texmf-dist/tex/latex/polyglossia/polyglossia.sty
Package: polyglossia 2025/12/01 v2.9 Modern multilingual typesetting with XeLaT
eX and LuaLaTeX

(/usr/share/texmf-dist/tex/latex/etoolbox/etoolbox.sty
Package: etoolbox 2025/10/02 v2.5m e-TeX tools for LaTeX (JAW)
\etb@tempcnta=\count293
)
(/usr/share/texmf-dist/tex/generic/iftex/iftex.sty
Package: iftex 2024/12/12 v1.0g TeX engine tests
)
\l_xpg_alias_keyvals_int=\count294

(/usr/share/texmf-dist/tex/latex/polyglossia/gloss-latex.ldf
File: gloss-latex.ldf polyglossia: module for default language
))
(/usr/share/texmf-dist/tex/latex/polyglossia/gloss-russian.ldf
File: gloss-russian.ldf polyglossia: module for Russian

(/usr/share/texmf-dist/tex/latex/polyglossia/xpg-cyrillicnumbers.sty
Package: xpg-cyrillicnumbers 2019/11/15 v0.2 Formatting of Cyrillic alphabetic 
numbers
)

Package polyglossia Warning: No hyphenation patterns were loaded for `russian'
(polyglossia)                I will use \language=\l@nohyphenation instead.

\l@russian = a dialect from \language\l@nohyphenation 
(/usr/share/texmf-dist/tex/latex/polyglossia/babelsh.def
File: babelsh.def 2022/06/21 Babel common definitions for shorthands
 Taken verbatim from babel files (2022/06/06 v3.76)
)
Package babel Info: Making " an active character on input line 120.
)

Package polyglossia Info: Default language is russian


(/usr/share/texmf-dist/tex/latex/polyglossia/gloss-english.ldf
File: gloss-english.ldf polyglossia: module for English
)

Package fontspec Info: 
(fontspec)             Font family 'LiberationSerif(0)' created for font
(fontspec)             'Liberation Serif' with options [Ligatures=TeX].
(fontspec)              
(fontspec)              This font family consists of the following NFSS
(fontspec)             series/shapes:
(fontspec)              
(fontspec)             - 'normal' (m/n) with NFSS spec.: <->"Liberation
(fontspec)             Serif/OT:script=latn;language=dflt;mapping=tex-text;"
(fontspec)             - 'bold' (b/n) with NFSS spec.: <->"Liberation
(fontspec)             Serif/B/OT:script=latn;language=dflt;mapping=tex-text;"
(fontspec)             - 'italic' (m/it) with NFSS spec.: <->"Liberation
(fontspec)             Serif/I/OT:script=latn;language=dflt;mapping=tex-text;"
(fontspec)             - 'bold italic' (b/it) with NFSS spec.: <->"Liberation
(fontspec)             Serif/BI/OT:script=latn;language=dflt;mapping=tex-text;"



Package fontspec Info: 
(fontspec)             Font family 'LiberationSans(0)' created for font
(fontspec)             'Liberation Sans' with options [Ligatures=TeX].
(fontspec)              
(fontspec)              This font family consists of the following NFSS
(fontspec)             series/shapes:
(fontspec)              
(fontspec)             - 'normal' (m/n) with NFSS spec.: <->"Liberation
(fontspec)             Sans/OT:script=latn;language=dflt;mapping=tex-text;"
(fontspec)             - 'bold' (b/n) with NFSS spec.: <->"Liberation
(fontspec)             Sans/B/OT:script=latn;language=dflt;mapping=tex-text;"
(fontspec)             - 'italic' (m/it) with NFSS spec.: <->"Liberation
(fontspec)             Sans/I/OT:script=latn;language=dflt;mapping=tex-text;"
(fontspec)             - 'bold italic' (b/it) with NFSS spec.: <->"Liberation
(fontspec)             Sans/BI/OT:script=latn;language=dflt;mapping=tex-text;"


Package fontspec Info: 
(fontspec)             Liberation Mono scale = 0.85.


Package fontspec Info: 
(fontspec)             Liberation Mono scale = 0.85.


Package fontspec Info: 
(fontspec)             Liberation Mono/B scale = 0.85.


Package fontspec Info: 
(fontspec)             Liberation Mono/I scale = 0.85.


Package fontspec Info: 
(fontspec)             Liberation Mono/BI scale = 0.85.


Package fontspec Info: 
(fontspec)             Font family 'LiberationMono(0)' created for font
(fontspec)             'Liberation Mono' with options
(fontspec)             [WordSpace={1,0,0},HyphenChar=None,PunctuationSpace=Word
Space,Scale=0.85,Ligatures=TeX].
(fontspec)              
(fontspec)              This font family consists of the following NFSS
(fontspec)             series/shapes:
(fontspec)              
(fontspec)             - 'normal' (m/n) with NFSS spec.:
(fontspec)             <->s*[0.85]"Liberation
(fontspec)             Mono/OT:script=latn;language=dflt;mapping=tex-text;"
(fontspec)             - 'bold' (b/n) with NFSS spec.: <->s*[0.85]"Liberation
(fontspec)             Mono/B/OT:script=latn;language=dflt;mapping=tex-text;"
(fontspec)             - 'italic' (m/it) with NFSS spec.:
(fontspec)             <->s*[0.85]"Liberation
(fontspec)             Mono/I/OT:script=latn;language=dflt;mapping=tex-text;"
(fontspec)             - 'bold italic' (b/it) with NFSS spec.:
(fontspec)             <->s*[0.85]"Liberation
(fontspec)             Mono/BI/OT:script=latn;language=dflt;mapping=tex-text;"


(/usr/share/texmf-dist/tex/latex/amsmath/amsmath.sty
Package: amsmath 2025/07/09 v2.17z AMS math features
\@mathmargin=\skip51

For additional information on amsmath, use the `?' option.
(/usr/share/texmf-dist/tex/latex/amsmath/amstext.sty
Package: amstext 2024/11/17 v2.01 AMS text

(/usr/share/texmf-dist/tex/latex/amsmath/amsgen.sty
File: amsgen.sty 1999/11/30 v2.0 generic functions
\@emptytoks=\toks17
\ex@=\dimen152
))
(/usr/share/texmf-dist/tex/latex/amsmath/amsbsy.sty
Package: amsbsy 1999/11/29 v1.2d Bold Symbols
\pmbraise@=\dimen153
)
(/usr/share/texmf-dist/tex/latex/amsmath/amsopn.sty
Package: amsopn 2022/04/08 v2.04 operator names
)
\inf@bad=\count295
LaTeX Info: Redefining \frac on input line 233.
\uproot@=\count296
\leftroot@=\count297
LaTeX Info: Redefining \overline on input line 398.
LaTeX Info: Redefining \colon on input line 409.
\classnum@=\count298
\DOTSCASE@=\count299
LaTeX Info: Redefining \ldots on input line 495.
LaTeX Info: Redefining \dots on input line 498.
LaTeX Info: Redefining \cdots on input line 619.
\Mathstrutbox@=\box53
\strutbox@=\box54
LaTeX Info: Redefining \big on input line 721.
LaTeX Info: Redefining \Big on input line 722.
LaTeX Info: Redefining \bigg on input line 723.
LaTeX Info: Redefining \Bigg on input line 724.
\big@size=\dimen154
LaTeX Font Info:    Redeclaring font encoding OML on input line 742.
LaTeX Font Info:    Redeclaring font encoding OMS on input line 743.
\macc@depth=\count300
LaTeX Info: Redefining \bmod on input line 904.
LaTeX Info: Redefining \pmod on input line 909.
LaTeX Info: Redefining \smash on input line 939.
LaTeX Info: Redefining \relbar on input line 969.
LaTeX Info: Redefining \Relbar on input line 970.
\c@MaxMatrixCols=\count301
\dotsspace@=\muskip17
\c@parentequation=\count302
\dspbrk@lvl=\count303
\tag@help=\toks18
\row@=\count304
\column@=\count305
\maxfields@=\count306
\andhelp@=\toks19
\eqnshift@=\dimen155
\alignsep@=\dimen156
\tagshift@=\dimen157
\tagwidth@=\dimen158
\totwidth@=\dimen159
\lineht@=\dimen160
\@envbody=\toks20
\multlinegap=\skip52
\multlinetaggap=\skip53
\mathdisplay@stack=\toks21
LaTeX Info: Redefining \[ on input line 2950.
LaTeX Info: Redefining \] on input line 2951.
)
(/usr/share/texmf-dist/tex/latex/amsfonts/amssymb.sty
Package: amssymb 2013/01/14 v3.01 AMS font symbols

(/usr/share/texmf-dist/tex/latex/amsfonts/amsfonts.sty
Package: amsfonts 2013/01/14 v3.01 Basic AMSFonts support
\symAMSa=\mathgroup4
\symAMSb=\mathgroup5
LaTeX Font Info:    Redeclaring math symbol \hbar on input line 98.
LaTeX Font Info:    Overwriting math alphabet `\mathfrak' in version `bold'
(Font)                  U/euf/m/n --> U/euf/b/n on input line 106.
))
(/usr/share/texmf-dist/tex/latex/geometry/geometry.sty
Package: geometry 2020/01/02 v5.9 Page Geometry

(/usr/share/texmf-dist/tex/latex/graphics/keyval.sty
Package: keyval 2022/05/29 v1.15 key=value parser (DPC)
\KV@toks@=\toks22
)
(/usr/share/texmf-dist/tex/generic/iftex/ifvtex.sty
Package: ifvtex 2019/10/25 v1.7 ifvtex legacy package. Use iftex instead.
)
\Gm@cnth=\count307
\Gm@cntv=\count308
\c@Gm@tempcnt=\count309
\Gm@bindingoffset=\dimen161
\Gm@wd@mp=\dimen162
\Gm@odd@mp=\dimen163
\Gm@even@mp=\dimen164
\Gm@layoutwidth=\dimen165
\Gm@layoutheight=\dimen166
\Gm@layouthoffset=\dimen167
\Gm@layoutvoffset=\dimen168
\Gm@dimlist=\toks23
)
(/usr/share/texmf-dist/tex/latex/titlesec/titlesec.sty
Package: titlesec 2025/01/04 v2.17 Sectioning titles
\ttl@box=\box55
\beforetitleunit=\skip54
\aftertitleunit=\skip55
\ttl@plus=\dimen169
\ttl@minus=\dimen170
\ttl@toksa=\toks24
\titlewidth=\dimen171
\titlewidthlast=\dimen172
\titlewidthfirst=\dimen173
)
(/usr/share/texmf-dist/tex/latex/tocloft/tocloft.sty
Package: tocloft 2017/08/31 v2.3i parameterised ToC, etc., typesetting
Package tocloft Info: The document has section divisions on input line 51.
\cftparskip=\skip56
\cftbeforetoctitleskip=\skip57
\cftaftertoctitleskip=\skip58
\cftbeforepartskip=\skip59
\cftpartnumwidth=\skip60
\cftpartindent=\skip61
\cftbeforesecskip=\skip62
\cftsecindent=\skip63
\cftsecnumwidth=\skip64
\cftbeforesubsecskip=\skip65
\cftsubsecindent=\skip66
\cftsubsecnumwidth=\skip67
\cftbeforesubsubsecskip=\skip68
\cftsubsubsecindent=\skip69
\cftsubsubsecnumwidth=\skip70
\cftbeforeparaskip=\skip71
\cftparaindent=\skip72
\cftparanumwidth=\skip73
\cftbeforesubparaskip=\skip74
\cftsubparaindent=\skip75
\cftsubparanumwidth=\skip76
\cftbeforeloftitleskip=\skip77
\cftafterloftitleskip=\skip78
\cftbeforefigskip=\skip79
\cftfigindent=\skip80
\cftfignumwidth=\skip81
\c@lofdepth=\count310
\c@lotdepth=\count311
\cftbeforelottitleskip=\skip82
\cftafterlottitleskip=\skip83
\cftbeforetabskip=\skip84
\cfttabindent=\skip85
\cfttabnumwidth=\skip86
)
(/usr/share/texmf-dist/tex/latex/fancyhdr/fancyhdr.sty
Package: fancyhdr 2025/02/07 v5.2 Extensive control of page headers and footers

\f@nch@headwidth=\skip87
\f@nch@offset@elh=\skip88
\f@nch@offset@erh=\skip89
\f@nch@offset@olh=\skip90
\f@nch@offset@orh=\skip91
\f@nch@offset@elf=\skip92
\f@nch@offset@erf=\skip93
\f@nch@offset@olf=\skip94
\f@nch@offset@orf=\skip95
\f@nch@height=\skip96
\f@nch@footalignment=\skip97
\f@nch@widthL=\skip98
\f@nch@widthC=\skip99
\f@nch@widthR=\skip100
\@temptokenb=\toks25
)
(/usr/share/texmf-dist/tex/latex/enumitem/enumitem.sty
Package: enumitem 2025/02/06 v3.11 Customized lists
\labelindent=\skip101
\enit@outerparindent=\dimen174
\enit@toks=\toks26
\enit@inbox=\box56
\enit@count@id=\count312
\enitdp@description=\count313
)
(/usr/share/texmf-dist/tex/latex/fancyvrb/fancyvrb.sty
Package: fancyvrb 2025/07/28 4.6 verbatim text (tvz,hv)
\FV@CodeLineNo=\count314
\FV@InFile=\read2
\FV@TabBox=\box57
\c@FancyVerbLine=\count315
\FV@StepNumber=\count316
\FV@OutFile=\write3
)
(/usr/share/texmf-dist/tex/latex/xcolor/xcolor.sty
Package: xcolor 2024/09/29 v3.02 LaTeX color extensions (UK)

(/usr/share/texmf-dist/tex/latex/graphics-cfg/color.cfg
File: color.cfg 2016/01/02 v1.6 sample color configuration
)
Package xcolor Info: Driver file: xetex.def on input line 274.

(/usr/share/texmf-dist/tex/latex/graphics-def/xetex.def
File: xetex.def 2025/11/01 v5.0p Graphics/color driver for xetex
)
(/usr/share/texmf-dist/tex/latex/graphics/mathcolor.ltx)
Package xcolor Info: Model `cmy' substituted by `cmy0' on input line 1349.
Package xcolor Info: Model `RGB' extended on input line 1365.
Package xcolor Info: Model `HTML' substituted by `rgb' on input line 1367.
Package xcolor Info: Model `Hsb' substituted by `hsb' on input line 1368.
Package xcolor Info: Model `tHsb' substituted by `hsb' on input line 1369.
Package xcolor Info: Model `HSB' substituted by `hsb' on input line 1370.
Package xcolor Info: Model `Gray' substituted by `gray' on input line 1371.
Package xcolor Info: Model `wave' substituted by `hsb' on input line 1372.
)
(/usr/share/texmf-dist/tex/latex/tools/longtable.sty
Package: longtable 2025-10-13 v4.24 Multi-page Table package (DPC)
\LTleft=\skip102
\LTright=\skip103
\LTpre=\skip104
\LTpost=\skip105
\LTchunksize=\count317
\LTcapwidth=\dimen175
\LT@head=\box58
\LT@firsthead=\box59
\LT@foot=\box60
\LT@lastfoot=\box61
\LT@gbox=\box62
\LT@cols=\count318
\LT@rows=\count319
\c@LT@tables=\count320
\c@LT@chunks=\count321
\LT@p@ftn=\toks27
)
(/usr/share/texmf-dist/tex/latex/tools/tabularx.sty
Package: tabularx 2023/12/11 v2.12a `tabularx' package (DPC)

(/usr/share/texmf-dist/tex/latex/tools/array.sty
Package: array 2025/09/25 v2.6n Tabular extension package (FMi)
\col@sep=\dimen176
\ar@mcellbox=\box63
\extrarowheight=\dimen177
\NC@list=\toks28
\extratabsurround=\skip106
\backup@length=\skip107
\ar@cellbox=\box64
)
\TX@col@width=\dimen178
\TX@old@table=\dimen179
\TX@old@col=\dimen180
\TX@target=\dimen181
\TX@delta=\dimen182
\TX@cols=\count322
\TX@ftn=\toks29
)
(/usr/share/texmf-dist/tex/latex/booktabs/booktabs.sty
Package: booktabs 2020/01/12 v1.61803398 Publication quality tables
\heavyrulewidth=\dimen183
\lightrulewidth=\dimen184
\cmidrulewidth=\dimen185
\belowrulesep=\dimen186
\belowbottomsep=\dimen187
\aboverulesep=\dimen188
\abovetopsep=\dimen189
\cmidrulesep=\dimen190
\cmidrulekern=\dimen191
\defaultaddspace=\dimen192
\@cmidla=\count323
\@cmidlb=\count324
\@aboverulesep=\dimen193
\@belowrulesep=\dimen194
\@thisruleclass=\count325
\@lastruleclass=\count326
\@thisrulewidth=\dimen195
)
(/usr/share/texmf-dist/tex/latex/tools/calc.sty
Package: calc 2025/03/01 v4.3b Infix arithmetic (KKT,FJ)
\calc@Acount=\count327
\calc@Bcount=\count328
\calc@Adimen=\dimen196
\calc@Bdimen=\dimen197
\calc@Askip=\skip108
\calc@Bskip=\skip109
LaTeX Info: Redefining \setlength on input line 86.
LaTeX Info: Redefining \addtolength on input line 87.
\calc@Ccount=\count329
\calc@Cskip=\skip110
)
(/usr/share/texmf-dist/tex/latex/graphics/graphicx.sty
Package: graphicx 2024/12/31 v1.2e Enhanced LaTeX Graphics (DPC,SPQR)

(/usr/share/texmf-dist/tex/latex/graphics/graphics.sty
Package: graphics 2024/08/06 v1.4g Standard LaTeX Graphics (DPC,SPQR)

(/usr/share/texmf-dist/tex/latex/graphics/trig.sty
Package: trig 2023/12/02 v1.11 sin cos tan (DPC)
)
(/usr/share/texmf-dist/tex/latex/graphics-cfg/graphics.cfg
File: graphics.cfg 2016/06/04 v1.11 sample graphics configuration
)
Package graphics Info: Driver file: xetex.def on input line 106.
)
\Gin@req@height=\dimen198
\Gin@req@width=\dimen199
)
(/usr/share/texmf-dist/tex/latex/hyperref/hyperref.sty
Package: hyperref 2026-01-29 v7.01p Hypertext links for LaTeX

(/usr/share/texmf-dist/tex/latex/kvsetkeys/kvsetkeys.sty
Package: kvsetkeys 2022-10-05 v1.19 Key value parser (HO)
)
(/usr/share/texmf-dist/tex/generic/kvdefinekeys/kvdefinekeys.sty
Package: kvdefinekeys 2019-12-19 v1.6 Define keys (HO)
)
(/usr/share/texmf-dist/tex/generic/pdfescape/pdfescape.sty
Package: pdfescape 2019/12/09 v1.15 Implements pdfTeX's escape features (HO)

(/usr/share/texmf-dist/tex/generic/ltxcmds/ltxcmds.sty
Package: ltxcmds 2023-12-04 v1.26 LaTeX kernel commands for general use (HO)
)
(/usr/share/texmf-dist/tex/generic/pdftexcmds/pdftexcmds.sty
Package: pdftexcmds 2020-06-27 v0.33 Utility functions of pdfTeX for LuaTeX (HO
)

(/usr/share/texmf-dist/tex/generic/infwarerr/infwarerr.sty
Package: infwarerr 2019/12/03 v1.5 Providing info/warning/error messages (HO)
)
Package pdftexcmds Info: \pdf@primitive is available.
Package pdftexcmds Info: \pdf@ifprimitive is available.
Package pdftexcmds Info: \pdfdraftmode not found.
))
(/usr/share/texmf-dist/tex/latex/hycolor/hycolor.sty
Package: hycolor 2020-01-27 v1.10 Color options for hyperref/bookmark (HO)
)
(/usr/share/texmf-dist/tex/latex/hyperref/nameref.sty
Package: nameref 2026-01-29 v2.58 Cross-referencing by name of section

(/usr/share/texmf-dist/tex/latex/refcount/refcount.sty
Package: refcount 2019/12/15 v3.6 Data extraction from label references (HO)
)
(/usr/share/texmf-dist/tex/generic/gettitlestring/gettitlestring.sty
Package: gettitlestring 2019/12/15 v1.6 Cleanup title references (HO)

(/usr/share/texmf-dist/tex/latex/kvoptions/kvoptions.sty
Package: kvoptions 2022-06-15 v3.15 Key value format for package options (HO)
))
\c@section@level=\count330
)
(/usr/share/texmf-dist/tex/generic/stringenc/stringenc.sty
Package: stringenc 2019/11/29 v1.12 Convert strings between diff. encodings (HO
)
)
\@linkdim=\dimen256
\Hy@linkcounter=\count331
\Hy@pagecounter=\count332

(/usr/share/texmf-dist/tex/latex/hyperref/pd1enc.def
File: pd1enc.def 2026-01-29 v7.01p Hyperref: PDFDocEncoding definition (HO)
)
(/usr/share/texmf-dist/tex/generic/intcalc/intcalc.sty
Package: intcalc 2019/12/15 v1.3 Expandable calculations with integers (HO)
)
\Hy@SavedSpaceFactor=\count333

(/usr/share/texmf-dist/tex/latex/hyperref/puenc.def
File: puenc.def 2026-01-29 v7.01p Hyperref: PDF Unicode definition (HO)
)
Package hyperref Info: Option `unicode' set `true' on input line 4072.
Package hyperref Info: Hyper figures OFF on input line 4201.
Package hyperref Info: Link nesting OFF on input line 4206.
Package hyperref Info: Hyper index ON on input line 4209.
Package hyperref Info: Plain pages OFF on input line 4216.
Package hyperref Info: Backreferencing OFF on input line 4221.
Package hyperref Info: Implicit mode ON; LaTeX internals redefined.
Package hyperref Info: Bookmarks ON on input line 4468.
\c@Hy@tempcnt=\count334

(/usr/share/texmf-dist/tex/latex/url/url.sty
\Urlmuskip=\muskip18
Package: url 2013/09/16  ver 3.4  Verb mode for urls, etc.
)
LaTeX Info: Redefining \url on input line 4807.
\XeTeXLinkMargin=\dimen257

(/usr/share/texmf-dist/tex/generic/bitset/bitset.sty
Package: bitset 2019/12/09 v1.3 Handle bit-vector datatype (HO)

(/usr/share/texmf-dist/tex/generic/bigintcalc/bigintcalc.sty
Package: bigintcalc 2019/12/15 v1.5 Expandable calculations on big integers (HO
)
))
\Fld@menulength=\count335
\Field@Width=\dimen258
\Fld@charsize=\dimen259
Package hyperref Info: Hyper figures OFF on input line 6084.
Package hyperref Info: Link nesting OFF on input line 6089.
Package hyperref Info: Hyper index ON on input line 6092.
Package hyperref Info: backreferencing OFF on input line 6099.
Package hyperref Info: Link coloring OFF on input line 6104.
Package hyperref Info: Link coloring with OCG OFF on input line 6109.
Package hyperref Info: PDF/A mode OFF on input line 6114.
\Hy@abspage=\count336
\c@Item=\count337
\c@Hfootnote=\count338
)
Package hyperref Info: Driver (autodetected): hxetex.

(/usr/share/texmf-dist/tex/latex/hyperref/hxetex.def
File: hxetex.def 2026-01-29 v7.01p Hyperref driver for XeTeX
\pdfm@box=\box65
\c@Hy@AnnotLevel=\count339
\HyField@AnnotCount=\count340
\Fld@listcount=\count341
\c@bookmark@seq@number=\count342

(/usr/share/texmf-dist/tex/latex/rerunfilecheck/rerunfilecheck.sty
Package: rerunfilecheck 2025-06-21 v1.11 Rerun checks for auxiliary files (HO)

(/usr/share/texmf-dist/tex/generic/uniquecounter/uniquecounter.sty
Package: uniquecounter 2019/12/15 v1.4 Provide unlimited unique counter (HO)
)
Package uniquecounter Info: New unique counter `rerunfilecheck' on input line 2
84.
)
\Hy@SectionHShift=\skip111
)
(/usr/share/texmf-dist/tex/latex/csquotes/csquotes.sty
Package: csquotes 2024-04-04 v5.2o context-sensitive quotations (JAW)
\csq@reset=\count343
\csq@gtype=\count344
\csq@glevel=\count345
\csq@qlevel=\count346
\csq@maxlvl=\count347
\csq@tshold=\count348
\csq@ltx@everypar=\toks30

(/usr/share/texmf-dist/tex/latex/csquotes/csquotes.def
File: csquotes.def 2024-04-04 v5.2o csquotes generic definitions (JAW)
)
Package csquotes Info: Trying to load configuration file 'csquotes.cfg'...
Package csquotes Info: ... configuration file loaded successfully.

(/usr/share/texmf-dist/tex/latex/csquotes/csquotes.cfg
File: csquotes.cfg 
)))
Package csquotes Info: Checking for multilingual support...
Package csquotes Info: ... found 'polyglossia' package.
Package csquotes Info: Adjusting default style.
Package csquotes Info: Redefining alias 'default' -> 'russian'.

Package fontspec Info: 
(fontspec)             Font family 'LiberationSerif(1)' created for font
(fontspec)             'Liberation Serif' with options
(fontspec)             [Ligatures=TeX,Script=Cyrillic].
(fontspec)              
(fontspec)              This font family consists of the following NFSS
(fontspec)             series/shapes:
(fontspec)              
(fontspec)             - 'normal' (m/n) with NFSS spec.: <->"Liberation
(fontspec)             Serif/OT:script=cyrl;language=dflt;mapping=tex-text;"
(fontspec)             - 'bold' (b/n) with NFSS spec.: <->"Liberation
(fontspec)             Serif/B/OT:script=cyrl;language=dflt;mapping=tex-text;"
(fontspec)             - 'italic' (m/it) with NFSS spec.: <->"Liberation
(fontspec)             Serif/I/OT:script=cyrl;language=dflt;mapping=tex-text;"
(fontspec)             - 'bold italic' (b/it) with NFSS spec.: <->"Liberation
(fontspec)             Serif/BI/OT:script=cyrl;language=dflt;mapping=tex-text;"



(.tmp/KT-Combined/KT-Combined.aux)
\openout1 = `KT-Combined.aux'.

LaTeX Font Info:    Checking defaults for OML/cmm/m/it on input line 6.
LaTeX Font Info:    ... okay on input line 6.
LaTeX Font Info:    Checking defaults for OMS/cmsy/m/n on input line 6.
LaTeX Font Info:    ... okay on input line 6.
LaTeX Font Info:    Checking defaults for OT1/cmr/m/n on input line 6.
LaTeX Font Info:    ... okay on input line 6.
LaTeX Font Info:    Checking defaults for T1/cmr/m/n on input line 6.
LaTeX Font Info:    ... okay on input line 6.
LaTeX Font Info:    Checking defaults for TS1/cmr/m/n on input line 6.
LaTeX Font Info:    ... okay on input line 6.
LaTeX Font Info:    Checking defaults for TU/lmr/m/n on input line 6.
LaTeX Font Info:    ... okay on input line 6.
LaTeX Font Info:    Checking defaults for OMX/cmex/m/n on input line 6.
LaTeX Font Info:    ... okay on input line 6.
LaTeX Font Info:    Checking defaults for U/cmr/m/n on input line 6.
LaTeX Font Info:    ... okay on input line 6.
LaTeX Font Info:    Checking defaults for PD1/pdf/m/n on input line 6.
LaTeX Font Info:    ... okay on input line 6.
LaTeX Font Info:    Checking defaults for PU/pdf/m/n on input line 6.
LaTeX Font Info:    ... okay on input line 6.

Package fontspec Info: 
(fontspec)             Adjusting the maths setup (use [no-math] to avoid
(fontspec)             this).

\symlegacymaths=\mathgroup6
LaTeX Font Info:    Overwriting symbol font `legacymaths' in version `bold'
(Font)                  OT1/cmr/m/n --> OT1/cmr/bx/n on input line 6.
LaTeX Font Info:    Redeclaring math accent \acute on input line 6.
LaTeX Font Info:    Redeclaring math accent \grave on input line 6.
LaTeX Font Info:    Redeclaring math accent \ddot on input line 6.
LaTeX Font Info:    Redeclaring math accent \tilde on input line 6.
LaTeX Font Info:    Redeclaring math accent \bar on input line 6.
LaTeX Font Info:    Redeclaring math accent \breve on input line 6.
LaTeX Font Info:    Redeclaring math accent \check on input line 6.
LaTeX Font Info:    Redeclaring math accent \hat on input line 6.
LaTeX Font Info:    Redeclaring math accent \dot on input line 6.
LaTeX Font Info:    Redeclaring math accent \mathring on input line 6.
LaTeX Font Info:    Redeclaring math symbol \Gamma on input line 6.
LaTeX Font Info:    Redeclaring math symbol \Delta on input line 6.
LaTeX Font Info:    Redeclaring math symbol \Theta on input line 6.
LaTeX Font Info:    Redeclaring math symbol \Lambda on input line 6.
LaTeX Font Info:    Redeclaring math symbol \Xi on input line 6.
LaTeX Font Info:    Redeclaring math symbol \Pi on input line 6.
LaTeX Font Info:    Redeclaring math symbol \Sigma on input line 6.
LaTeX Font Info:    Redeclaring math symbol \Upsilon on input line 6.
LaTeX Font Info:    Redeclaring math symbol \Phi on input line 6.
LaTeX Font Info:    Redeclaring math symbol \Psi on input line 6.
LaTeX Font Info:    Redeclaring math symbol \Omega on input line 6.
LaTeX Font Info:    Redeclaring math symbol \mathdollar on input line 6.
LaTeX Font Info:    Redeclaring symbol font `operators' on input line 6.
LaTeX Font Info:    Encoding `OT1' has changed to `TU' for symbol font
(Font)              `operators' in the math version `normal' on input line 6.
LaTeX Font Info:    Overwriting symbol font `operators' in version `normal'
(Font)                  OT1/cmr/m/n --> TU/LiberationSerif(0)/m/n on input line
 6.
LaTeX Font Info:    Encoding `OT1' has changed to `TU' for symbol font
(Font)              `operators' in the math version `bold' on input line 6.
LaTeX Font Info:    Overwriting symbol font `operators' in version `bold'
(Font)                  OT1/cmr/bx/n --> TU/LiberationSerif(0)/m/n on input lin
e 6.
LaTeX Font Info:    Overwriting symbol font `operators' in version `normal'
(Font)                  TU/LiberationSerif(0)/m/n --> TU/LiberationSerif(0)/m/n
 on input line 6.
LaTeX Font Info:    Overwriting math alphabet `\mathit' in version `normal'
(Font)                  OT1/cmr/m/it --> TU/LiberationSerif(0)/m/it on input li
ne 6.
LaTeX Font Info:    Overwriting math alphabet `\mathbf' in version `normal'
(Font)                  OT1/cmr/bx/n --> TU/LiberationSerif(0)/b/n on input lin
e 6.
LaTeX Font Info:    Overwriting math alphabet `\mathsf' in version `normal'
(Font)                  OT1/cmss/m/n --> TU/LiberationSans(0)/m/n on input line
 6.
LaTeX Font Info:    Overwriting math alphabet `\mathtt' in version `normal'
(Font)                  OT1/cmtt/m/n --> TU/LiberationMono(0)/m/n on input line
 6.
LaTeX Font Info:    Overwriting symbol font `operators' in version `bold'
(Font)                  TU/LiberationSerif(0)/m/n --> TU/LiberationSerif(0)/b/n
 on input line 6.
LaTeX Font Info:    Overwriting math alphabet `\mathit' in version `bold'
(Font)                  OT1/cmr/bx/it --> TU/LiberationSerif(0)/b/it on input l
ine 6.
LaTeX Font Info:    Overwriting math alphabet `\mathsf' in version `bold'
(Font)                  OT1/cmss/bx/n --> TU/LiberationSans(0)/b/n on input lin
e 6.
LaTeX Font Info:    Overwriting math alphabet `\mathtt' in version `bold'
(Font)                  OT1/cmtt/m/n --> TU/LiberationMono(0)/b/n on input line
 6.

*geometry* driver: auto-detecting
*geometry* detected driver: xetex
*geometry* verbose mode - [ preamble ] result:
* driver: xetex
* paper: a4paper
* layout: <same size as paper>
* layoutoffset:(h,v)=(0.0pt,0.0pt)
* modes: 
* h-part:(L,W,R)=(71.13188pt, 469.47049pt, 56.9055pt)
* v-part:(T,H,B)=(71.13188pt, 702.78308pt, 71.13188pt)
* \paperwidth=597.50787pt
* \paperheight=845.04684pt
* \textwidth=469.47049pt
* \textheight=702.78308pt
* \oddsidemargin=-1.1381pt
* \evensidemargin=-1.1381pt
* \topmargin=-40.1381pt
* \headheight=14.0pt
* \headsep=25.0pt
* \topskip=11.0pt
* \footskip=34.14322pt
* \marginparwidth=50.0pt
* \marginparsep=10.0pt
* \columnsep=10.0pt
* \skip\footins=10.0pt plus 4.0pt minus 2.0pt
* \hoffset=0.0pt
* \voffset=0.0pt
* \mag=1000
* \@twocolumnfalse
* \@twosidefalse
* \@mparswitchfalse
* \@reversemarginfalse
* (1in=72.27pt=25.4mm, 1cm=28.453pt)

Package hyperref Info: Link coloring OFF on input line 6.
(.tmp/KT-Combined/KT-Combined.out) (.tmp/KT-Combined/KT-Combined.out)
\@outlinefile=\write4
\openout4 = `KT-Combined.out'.


(.tmp/KT-Combined/KT-Combined.toc
LaTeX Font Info:    Trying to load font information for U+msa on input line 2.

(/usr/share/texmf-dist/tex/latex/amsfonts/umsa.fd
File: umsa.fd 2013/01/14 v3.01 AMS symbols A
)
LaTeX Font Info:    Trying to load font information for U+msb on input line 2.

(/usr/share/texmf-dist/tex/latex/amsfonts/umsb.fd
File: umsb.fd 2013/01/14 v3.01 AMS symbols B
)
Underfull \hbox (badness 3108) in paragraph at lines 17--17
 [][] [][]\TU/LiberationSerif(1)/m/n/10.95 TC-07. Загрузка несуществующего glTF
-файла возвращает ошибку, без segfault 
 []


Underfull \hbox (badness 2057) in paragraph at lines 22--22
 [][] [][]\TU/LiberationSerif(1)/m/n/10.95 TC-12. Невалидные параметры CSM-спли
тов клампятся в безопасный диапазон 
 []

[1

])
\tf@toc=\write5
\openout5 = `KT-Combined.toc'.

 [2] (./KT-2.1_Architecture-frag.tex
Underfull \hbox (badness 10000) in alignment at lines 10--14
[] [] []
 []


Underfull \hbox (badness 10000) in alignment at lines 14--16
[] [] []
 []

LaTeX Font Info:    Font shape `TU/LiberationMono(0)/m/n' will be
(Font)              scaled to size 7.65005pt on input line 17.

Package fontspec Info: 
(fontspec)             Liberation Mono scale = 0.85.


Package fontspec Info: 
(fontspec)             Liberation Mono scale = 0.85.

LaTeX Font Info:    Font shape `TU/LiberationMono(0)/m/n' will be
(Font)              scaled to size 9.30756pt on input line 17.

Package fontspec Info: 
(fontspec)             Liberation Mono/B scale = 0.85.


Package fontspec Info: 
(fontspec)             Liberation Mono/I scale = 0.85.


Package fontspec Info: 
(fontspec)             Liberation Mono/BI scale = 0.85.


Package fontspec Info: 
(fontspec)             Font family 'LiberationMono(1)' created for font
(fontspec)             'Liberation Mono' with options
(fontspec)             [WordSpace={1,0,0},HyphenChar=None,PunctuationSpace=Word
Space,Scale=0.85,Ligatures=TeX,Script=Cyrillic].
(fontspec)              
(fontspec)              This font family consists of the following NFSS
(fontspec)             series/shapes:
(fontspec)              
(fontspec)             - 'normal' (m/n) with NFSS spec.:
(fontspec)             <->s*[0.85]"Liberation
(fontspec)             Mono/OT:script=cyrl;language=dflt;mapping=tex-text;"
(fontspec)             - 'bold' (b/n) with NFSS spec.: <->s*[0.85]"Liberation
(fontspec)             Mono/B/OT:script=cyrl;language=dflt;mapping=tex-text;"
(fontspec)             - 'italic' (m/it) with NFSS spec.:
(fontspec)             <->s*[0.85]"Liberation
(fontspec)             Mono/I/OT:script=cyrl;language=dflt;mapping=tex-text;"
(fontspec)             - 'bold italic' (b/it) with NFSS spec.:
(fontspec)             <->s*[0.85]"Liberation
(fontspec)             Mono/BI/OT:script=cyrl;language=dflt;mapping=tex-text;"

LaTeX Font Info:    Font shape `TU/LiberationMono(1)/m/n' will be
(Font)              scaled to size 7.65005pt on input line 17.

Package fontspec Info: 
(fontspec)             Liberation Mono scale = 0.85.


Package fontspec Info: 
(fontspec)             Liberation Mono scale = 0.85.


Package fontspec Info: 
(fontspec)             Liberation Mono scale = 0.85.


Package fontspec Info: 
(fontspec)             Liberation Mono scale = 0.85.


Package fontspec Info: 
(fontspec)             Liberation Mono scale = 0.85.


Package fontspec Info: 
(fontspec)             Liberation Mono scale = 0.85.


Package fontspec Info: 
(fontspec)             Liberation Mono scale = 0.85.


Underfull \hbox (badness 10000) in alignment at lines 16--25
[] [] []
 []


Package fontspec Info: 
(fontspec)             Liberation Mono scale = 0.85.

LaTeX Font Info:    Font shape `TU/LiberationMono(1)/m/n' will be
(Font)              scaled to size 9.30756pt on input line 27.

Package fontspec Info: 
(fontspec)             Liberation Mono scale = 0.85.


Package fontspec Info: 
(fontspec)             Liberation Mono scale = 0.85.


Package fontspec Info: 
(fontspec)             Liberation Mono scale = 0.85.


Package fontspec Info: 
(fontspec)             Liberation Mono scale = 0.85.


Package fontspec Info: 
(fontspec)             Liberation Mono scale = 0.85.


Package fontspec Info: 
(fontspec)             Liberation Mono scale = 0.85.


Package fontspec Info: 
(fontspec)             Liberation Mono scale = 0.85.


Underfull \hbox (badness 1077) in paragraph at lines 27--28
[]\TU/LiberationSerif(1)/m/n/10.95 Поток данных (упрощённо): SDL3 → события пла
тформы → \TU/LiberationMono(1)/m/n/10.95 InputState \TU/LiberationSerif(1)/m/n/
10.95 → \TU/LiberationMono(1)/m/n/10.95 AppState \TU/LiberationSerif(1)/m/n/10.
95 →
 []

File: architecture_diagram.png Graphic file (type bmp)
<architecture_diagram.png>

Overfull \hbox (952.7761pt too wide) in paragraph at lines 31--32
[][] 
 []

[3


]
Overfull \vbox (64.08005pt too high) has occurred while \output is active []


[4]
Underfull \hbox (badness 10000) in alignment at lines 37--41
[] [] []
 []


Underfull \hbox (badness 10000) in alignment at lines 41--43
[] [] []
 []


Underfull \hbox (badness 10000) in alignment at lines 43--49
[] [] []
 []


Underfull \hbox (badness 10000) in alignment at lines 53--57
[] [] []
 []


Underfull \hbox (badness 10000) in alignment at lines 57--59
[] [] []
 []


Underfull \hbox (badness 10000) in alignment at lines 59--66
[] [] []
 []


Underfull \hbox (badness 10000) in alignment at lines 70--74
[] [] []
 []


Underfull \hbox (badness 10000) in alignment at lines 74--76
[] [] []
 []


Underfull \hbox (badness 10000) in alignment at lines 76--88
[] [] []
 []


Overfull \hbox (7.10757pt too wide) in alignment at lines 94--98
[] []
 []


Overfull \hbox (7.10757pt too wide) in alignment at lines 98--100
[] []
 []


Package fontspec Info: 
(fontspec)             Liberation Mono scale = 0.85.


Package fontspec Info: 
(fontspec)             Liberation Mono scale = 0.85.


Package fontspec Info: 
(fontspec)             Liberation Mono scale = 0.85.


Package fontspec Info: 
(fontspec)             Liberation Mono scale = 0.85.


Package fontspec Info: 
(fontspec)             Liberation Mono scale = 0.85.


Package fontspec Info: 
(fontspec)             Liberation Mono scale = 0.85.


Package fontspec Info: 
(fontspec)             Liberation Mono scale = 0.85.


Package fontspec Info: 
(fontspec)             Liberation Mono scale = 0.85.


Package fontspec Info: 
(fontspec)             Liberation Mono scale = 0.85.


Package fontspec Info: 
(fontspec)             Liberation Mono scale = 0.85.


Package fontspec Info: 
(fontspec)             Liberation Mono scale = 0.85.


Package fontspec Info: 
(fontspec)             Liberation Mono scale = 0.85.


Package fontspec Info: 
(fontspec)             Liberation Mono scale = 0.85.


Package fontspec Info: 
(fontspec)             Liberation Mono scale = 0.85.


Package fontspec Info: 
(fontspec)             Liberation Mono scale = 0.85.


Package fontspec Info: 
(fontspec)             Liberation Mono scale = 0.85.


Package fontspec Info: 
(fontspec)             Liberation Mono scale = 0.85.


Package fontspec Info: 
(fontspec)             Liberation Mono scale = 0.85.


Package fontspec Info: 
(fontspec)             Liberation Mono scale = 0.85.


Package fontspec Info: 
(fontspec)             Liberation Mono scale = 0.85.


Package fontspec Info: 
(fontspec)             Liberation Mono scale = 0.85.


Package fontspec Info: 
(fontspec)             Liberation Mono scale = 0.85.


Package fontspec Info: 
(fontspec)             Liberation Mono scale = 0.85.


Package fontspec Info: 
(fontspec)             Liberation Mono scale = 0.85.


Package fontspec Info: 
(fontspec)             Liberation Mono scale = 0.85.


Package fontspec Info: 
(fontspec)             Liberation Mono scale = 0.85.


Package fontspec Info: 
(fontspec)             Liberation Mono scale = 0.85.


Package fontspec Info: 
(fontspec)             Liberation Mono scale = 0.85.


Overfull \hbox (7.10757pt too wide) in alignment at lines 100--112
[] []
 []

LaTeX Font Info:    Font shape `TU/LiberationMono(0)/b/n' will be
(Font)              scaled to size 9.30756pt on input line 119.

Package fontspec Info: 
(fontspec)             Liberation Mono scale = 0.85.

LaTeX Font Info:    Font shape `TU/LiberationMono(1)/b/n' will be
(Font)              scaled to size 9.30756pt on input line 119.

Package fontspec Info: 
(fontspec)             Liberation Mono scale = 0.85.

[5]

Package fontspec Info: 
(fontspec)             Liberation Mono scale = 0.85.


Package fontspec Info: 
(fontspec)             Liberation Mono scale = 0.85.


Package fontspec Info: 
(fontspec)             Liberation Mono scale = 0.85.


Package fontspec Info: 
(fontspec)             Liberation Mono scale = 0.85.


Package fontspec Info: 
(fontspec)             Liberation Mono scale = 0.85.


Package fontspec Info: 
(fontspec)             Liberation Mono scale = 0.85.


Package fontspec Info: 
(fontspec)             Liberation Mono scale = 0.85.


Package fontspec Info: 
(fontspec)             Liberation Mono scale = 0.85.


Underfull \hbox (badness 10000) in paragraph at lines 138--139
[]\TU/LiberationMono(1)/m/n/10.95 voxelCoord, axisMask, materialIndex, lighting
Data, packedExtents: uint32_t
 []


Package fontspec Info: 
(fontspec)             Liberation Mono scale = 0.85.


Package fontspec Info: 
(fontspec)             Liberation Mono scale = 0.85.


Package fontspec Info: 
(fontspec)             Liberation Mono scale = 0.85.


Package fontspec Info: 
(fontspec)             Liberation Mono scale = 0.85.


Package fontspec Info: 
(fontspec)             Liberation Mono scale = 0.85.


Package fontspec Info: 
(fontspec)             Liberation Mono scale = 0.85.


Package fontspec Info: 
(fontspec)             Liberation Mono scale = 0.85.


Package fontspec Info: 
(fontspec)             Liberation Mono scale = 0.85.


Package fontspec Info: 
(fontspec)             Liberation Mono scale = 0.85.


Package fontspec Info: 
(fontspec)             Liberation Mono scale = 0.85.


Package fontspec Info: 
(fontspec)             Liberation Mono scale = 0.85.


Package fontspec Info: 
(fontspec)             Liberation Mono scale = 0.85.


Underfull \hbox (badness 10000) in paragraph at lines 146--147
[]\TU/LiberationMono(1)/m/n/10.95 skyColorAndFogDensity\TU/LiberationSerif(1)/m
/n/10.95 , \TU/LiberationMono(1)/m/n/10.95 horizonColorAndFogStart\TU/Liberatio
nSerif(1)/m/n/10.95 , \TU/LiberationMono(1)/m/n/10.95 groundColorAndFogMax\TU/L
iberationSerif(1)/m/n/10.95 ,
 []


Underfull \hbox (badness 10000) in paragraph at lines 146--147
\TU/LiberationMono(1)/m/n/10.95 sunColorAndIntensity\TU/LiberationSerif(1)/m/n/
10.95 , \TU/LiberationMono(1)/m/n/10.95 sunDirectionAndWrap\TU/LiberationSerif(
1)/m/n/10.95 , \TU/LiberationMono(1)/m/n/10.95 postProcess\TU/LiberationSerif(1
)/m/n/10.95 , \TU/LiberationMono(1)/m/n/10.95 sunShadowParams\TU/LiberationSeri
f(1)/m/n/10.95 ,
 []


Package fontspec Info: 
(fontspec)             Liberation Mono scale = 0.85.


Package fontspec Info: 
(fontspec)             Liberation Mono scale = 0.85.


Package fontspec Info: 
(fontspec)             Liberation Mono scale = 0.85.


Package fontspec Info: 
(fontspec)             Liberation Mono scale = 0.85.


Package fontspec Info: 
(fontspec)             Liberation Mono scale = 0.85.


Underfull \hbox (badness 2261) in paragraph at lines 157--159
[]\TU/LiberationMono(1)/m/n/10.95 VoxelChunk \TU/LiberationSerif(1)/m/n/10.95 ↔
 \TU/LiberationMono(1)/m/n/10.95 VoxelWorld \TU/LiberationSerif(1)/m/n/10.95 (1
:1) — границы (\TU/LiberationMono(1)/m/n/10.95 min/max\TU/LiberationSerif(1)/m/
n/10.95 ) задают подмножество мировых
 []


Package fontspec Info: 
(fontspec)             Liberation Mono scale = 0.85.


Package fontspec Info: 
(fontspec)             Liberation Mono scale = 0.85.


Package fontspec Info: 
(fontspec)             Liberation Mono scale = 0.85.


Package fontspec Info: 
(fontspec)             Liberation Mono scale = 0.85.


Package fontspec Info: 
(fontspec)             Liberation Mono scale = 0.85.


Package fontspec Info: 
(fontspec)             Liberation Mono scale = 0.85.


Package fontspec Info: 
(fontspec)             Liberation Mono scale = 0.85.


Package fontspec Info: 
(fontspec)             Liberation Mono scale = 0.85.


Package fontspec Info: 
(fontspec)             Liberation Mono scale = 0.85.


Package fontspec Info: 
(fontspec)             Liberation Mono scale = 0.85.


Package fontspec Info: 
(fontspec)             Liberation Mono scale = 0.85.


Package fontspec Info: 
(fontspec)             Liberation Mono scale = 0.85.


Package fontspec Info: 
(fontspec)             Liberation Mono scale = 0.85.


Package fontspec Info: 
(fontspec)             Liberation Mono scale = 0.85.


Underfull \hbox (badness 1817) in paragraph at lines 167--169
[]\TU/LiberationMono(1)/m/n/10.95 PackedSceneVoxelFace \TU/LiberationSerif(1)/m
/n/10.95 → \TU/LiberationMono(1)/m/n/10.95 VoxelWorld.voxels \TU/LiberationSeri
f(1)/m/n/10.95 (N:1) — грань ссылается на конкретный
 []


Package fontspec Info: 
(fontspec)             Liberation Mono scale = 0.85.


Package fontspec Info: 
(fontspec)             Liberation Mono scale = 0.85.


Underfull \hbox (badness 10000) in alignment at lines 176--180
[] []
 []


Underfull \hbox (badness 10000) in alignment at lines 180--182
[] []
 []


Package fontspec Info: 
(fontspec)             Liberation Mono scale = 0.85.


Package fontspec Info: 
(fontspec)             Liberation Mono scale = 0.85.


Package fontspec Info: 
(fontspec)             Liberation Mono scale = 0.85.


Package fontspec Info: 
(fontspec)             Liberation Mono scale = 0.85.


Package fontspec Info: 
(fontspec)             Liberation Mono scale = 0.85.


Package fontspec Info: 
(fontspec)             Liberation Mono scale = 0.85.


Package fontspec Info: 
(fontspec)             Liberation Mono scale = 0.85.


Package fontspec Info: 
(fontspec)             Liberation Mono scale = 0.85.


Package fontspec Info: 
(fontspec)             Liberation Mono scale = 0.85.


Package fontspec Info: 
(fontspec)             Liberation Mono scale = 0.85.


Package fontspec Info: 
(fontspec)             Liberation Mono scale = 0.85.


Package fontspec Info: 
(fontspec)             Liberation Mono scale = 0.85.


Package fontspec Info: 
(fontspec)             Liberation Mono scale = 0.85.


Package fontspec Info: 
(fontspec)             Liberation Mono scale = 0.85.


Package fontspec Info: 
(fontspec)             Liberation Mono scale = 0.85.


Package fontspec Info: 
(fontspec)             Liberation Mono scale = 0.85.


Package fontspec Info: 
(fontspec)             Liberation Mono scale = 0.85.


Package fontspec Info: 
(fontspec)             Liberation Mono scale = 0.85.


Package fontspec Info: 
(fontspec)             Liberation Mono scale = 0.85.


Package fontspec Info: 
(fontspec)             Liberation Mono scale = 0.85.


Package fontspec Info: 
(fontspec)             Liberation Mono scale = 0.85.


Package fontspec Info: 
(fontspec)             Liberation Mono scale = 0.85.


Package fontspec Info: 
(fontspec)             Liberation Mono scale = 0.85.


Package fontspec Info: 
(fontspec)             Liberation Mono scale = 0.85.


Package fontspec Info: 
(fontspec)             Liberation Mono scale = 0.85.


Package fontspec Info: 
(fontspec)             Liberation Mono scale = 0.85.


Package fontspec Info: 
(fontspec)             Liberation Mono scale = 0.85.


Package fontspec Info: 
(fontspec)             Liberation Mono scale = 0.85.


Package fontspec Info: 
(fontspec)             Liberation Mono scale = 0.85.


Package fontspec Info: 
(fontspec)             Liberation Mono scale = 0.85.


Package fontspec Info: 
(fontspec)             Liberation Mono scale = 0.85.


Underfull \hbox (badness 10000) in alignment at lines 182--197
[] []
 []


Package fontspec Info: 
(fontspec)             Liberation Mono scale = 0.85.


Package fontspec Info: 
(fontspec)             Liberation Mono scale = 0.85.


Package fontspec Info: 
(fontspec)             Liberation Mono scale = 0.85.


Package fontspec Info: 
(fontspec)             Liberation Mono scale = 0.85.


Package fontspec Info: 
(fontspec)             Liberation Mono scale = 0.85.


Package fontspec Info: 
(fontspec)             Liberation Mono scale = 0.85.


Package fontspec Info: 
(fontspec)             Liberation Mono scale = 0.85.


Package fontspec Info: 
(fontspec)             Liberation Mono scale = 0.85.


Package fontspec Info: 
(fontspec)             Liberation Mono scale = 0.85.

[6]

Package fontspec Info: 
(fontspec)             Liberation Mono scale = 0.85.


Package fontspec Info: 
(fontspec)             Liberation Mono scale = 0.85.


Package fontspec Info: 
(fontspec)             Liberation Mono scale = 0.85.


Package fontspec Info: 
(fontspec)             Liberation Mono scale = 0.85.


Package fontspec Info: 
(fontspec)             Liberation Mono scale = 0.85.


Package fontspec Info: 
(fontspec)             Liberation Mono scale = 0.85.


Package fontspec Info: 
(fontspec)             Liberation Mono scale = 0.85.


Package fontspec Info: 
(fontspec)             Liberation Mono scale = 0.85.


Package fontspec Info: 
(fontspec)             Liberation Mono scale = 0.85.


Package fontspec Info: 
(fontspec)             Liberation Mono scale = 0.85.


Package fontspec Info: 
(fontspec)             Liberation Mono scale = 0.85.


Package fontspec Info: 
(fontspec)             Liberation Mono scale = 0.85.


Package fontspec Info: 
(fontspec)             Liberation Mono scale = 0.85.


Package fontspec Info: 
(fontspec)             Liberation Mono scale = 0.85.


Package fontspec Info: 
(fontspec)             Liberation Mono scale = 0.85.


Underfull \hbox (badness 10000) in alignment at lines 235--239
[] [] [] []
 []


Underfull \hbox (badness 10000) in alignment at lines 239--241
[] [] [] []
 []


Package fontspec Info: 
(fontspec)             Liberation Mono scale = 0.85.


Package fontspec Info: 
(fontspec)             Liberation Mono scale = 0.85.


Package fontspec Info: 
(fontspec)             Liberation Mono scale = 0.85.


Package fontspec Info: 
(fontspec)             Liberation Mono scale = 0.85.


Package fontspec Info: 
(fontspec)             Liberation Mono scale = 0.85.


Package fontspec Info: 
(fontspec)             Liberation Mono scale = 0.85.


Package fontspec Info: 
(fontspec)             Liberation Mono scale = 0.85.


Package fontspec Info: 
(fontspec)             Liberation Mono scale = 0.85.


Package fontspec Info: 
(fontspec)             Liberation Mono scale = 0.85.


Package fontspec Info: 
(fontspec)             Liberation Mono scale = 0.85.


Package fontspec Info: 
(fontspec)             Liberation Mono scale = 0.85.


Package fontspec Info: 
(fontspec)             Liberation Mono scale = 0.85.


Package fontspec Info: 
(fontspec)             Liberation Mono scale = 0.85.


Package fontspec Info: 
(fontspec)             Liberation Mono scale = 0.85.


Package fontspec Info: 
(fontspec)             Liberation Mono scale = 0.85.


Package fontspec Info: 
(fontspec)             Liberation Mono scale = 0.85.


Underfull \hbox (badness 10000) in alignment at lines 241--248
[] [] [] []
 []


Underfull \hbox (badness 10000) in alignment at lines 254--258
[] []
 []


Underfull \hbox (badness 10000) in alignment at lines 258--260
[] []
 []


Package fontspec Info: 
(fontspec)             Liberation Mono scale = 0.85.


Package fontspec Info: 
(fontspec)             Liberation Mono scale = 0.85.


Package fontspec Info: 
(fontspec)             Liberation Mono scale = 0.85.


Package fontspec Info: 
(fontspec)             Liberation Mono scale = 0.85.


Package fontspec Info: 
(fontspec)             Liberation Mono scale = 0.85.


Package fontspec Info: 
(fontspec)             Liberation Mono scale = 0.85.


Package fontspec Info: 
(fontspec)             Liberation Mono scale = 0.85.


Package fontspec Info: 
(fontspec)             Liberation Mono scale = 0.85.


Package fontspec Info: 
(fontspec)             Liberation Mono scale = 0.85.


Package fontspec Info: 
(fontspec)             Liberation Mono scale = 0.85.


Package fontspec Info: 
(fontspec)             Liberation Mono scale = 0.85.


Package fontspec Info: 
(fontspec)             Liberation Mono scale = 0.85.


Package fontspec Info: 
(fontspec)             Liberation Mono scale = 0.85.


Underfull \hbox (badness 10000) in alignment at lines 260--272
[] []
 []


Package fontspec Info: 
(fontspec)             Liberation Mono scale = 0.85.


Package fontspec Info: 
(fontspec)             Liberation Mono scale = 0.85.


Package fontspec Info: 
(fontspec)             Liberation Mono scale = 0.85.


Package fontspec Info: 
(fontspec)             Liberation Mono scale = 0.85.


Package fontspec Info: 
(fontspec)             Liberation Mono scale = 0.85.


Package fontspec Info: 
(fontspec)             Liberation Mono scale = 0.85.


Package fontspec Info: 
(fontspec)             Liberation Mono scale = 0.85.


Package fontspec Info: 
(fontspec)             Liberation Mono scale = 0.85.


Package fontspec Info: 
(fontspec)             Liberation Mono scale = 0.85.


Package fontspec Info: 
(fontspec)             Liberation Mono scale = 0.85.


Package fontspec Info: 
(fontspec)             Liberation Mono scale = 0.85.


Package fontspec Info: 
(fontspec)             Liberation Mono scale = 0.85.


Package fontspec Info: 
(fontspec)             Liberation Mono scale = 0.85.


Package fontspec Info: 
(fontspec)             Liberation Mono scale = 0.85.


Package fontspec Info: 
(fontspec)             Liberation Mono scale = 0.85.


Package fontspec Info: 
(fontspec)             Liberation Mono scale = 0.85.


Package fontspec Info: 
(fontspec)             Liberation Mono scale = 0.85.


Package fontspec Info: 
(fontspec)             Liberation Mono scale = 0.85.


Package fontspec Info: 
(fontspec)             Liberation Mono scale = 0.85.


Package fontspec Info: 
(fontspec)             Liberation Mono scale = 0.85.


Package fontspec Info: 
(fontspec)             Liberation Mono scale = 0.85.


Package fontspec Info: 
(fontspec)             Liberation Mono scale = 0.85.


Package fontspec Info: 
(fontspec)             Liberation Mono scale = 0.85.


Package fontspec Info: 
(fontspec)             Liberation Mono scale = 0.85.


Package fontspec Info: 
(fontspec)             Liberation Mono scale = 0.85.


Package fontspec Info: 
(fontspec)             Liberation Mono scale = 0.85.


Package fontspec Info: 
(fontspec)             Liberation Mono scale = 0.85.


Package fontspec Info: 
(fontspec)             Liberation Mono scale = 0.85.


Package fontspec Info: 
(fontspec)             Liberation Mono scale = 0.85.

[7]

Package fontspec Info: 
(fontspec)             Liberation Mono scale = 0.85.


Package fontspec Info: 
(fontspec)             Liberation Mono scale = 0.85.


Package fontspec Info: 
(fontspec)             Liberation Mono scale = 0.85.


Package fontspec Info: 
(fontspec)             Liberation Mono scale = 0.85.


Package fontspec Info: 
(fontspec)             Liberation Mono scale = 0.85.


Package fontspec Info: 
(fontspec)             Liberation Mono scale = 0.85.


Package fontspec Info: 
(fontspec)             Liberation Mono scale = 0.85.


Underfull \hbox (badness 5578) in paragraph at lines 314--316
[]\TU/LiberationSerif(1)/b/n/10.95 Тень по сцене \TU/LiberationSerif(1)/m/n/10.
95 (\TU/LiberationMono(1)/m/n/10.95 Проекция теней + voxel_mesh.comp\TU/Liberat
ionSerif(1)/m/n/10.95 ). Каскадные карты теней (CSM)
 []


Package fontspec Info: 
(fontspec)             Liberation Mono scale = 0.85.


Package fontspec Info: 
(fontspec)             Liberation Mono scale = 0.85.


Package fontspec Info: 
(fontspec)             Liberation Mono scale = 0.85.

) [8] (./KT-2.2_Test_Report-frag.tex

Package fontspec Info: 
(fontspec)             Liberation Mono scale = 0.85.


Package fontspec Info: 
(fontspec)             Liberation Mono scale = 0.85.


Package fontspec Info: 
(fontspec)             Liberation Mono scale = 0.85.


Package fontspec Info: 
(fontspec)             Liberation Mono scale = 0.85.


Package fontspec Info: 
(fontspec)             Liberation Mono scale = 0.85.


Underfull \hbox (badness 5203) in paragraph at lines 6--7
\TU/LiberationSerif(1)/m/n/10.95 фреймворке (\TU/LiberationMono(1)/m/n/10.95 te
sts/\TU/LiberationSerif(1)/m/n/10.95 ): функция \TU/LiberationMono(1)/m/n/10.95
 void TestXxx(TestContext &context)\TU/LiberationSerif(1)/m/n/10.95 , регистрир
уется через
 []


Package fontspec Info: 
(fontspec)             Liberation Mono scale = 0.85.


Package fontspec Info: 
(fontspec)             Liberation Mono scale = 0.85.


Package fontspec Info: 
(fontspec)             Liberation Mono scale = 0.85.


Underfull \hbox (badness 10000) in paragraph at lines 15--17
[]\TU/LiberationSerif(1)/b/n/10.95 Runtime smoke \TU/LiberationSerif(1)/m/n/10.
95 — \TU/LiberationMono(1)/m/n/10.95 tools/linux/Invoke-ProjectVRuntimeSmoke.sh
 \TU/LiberationSerif(1)/m/n/10.95 (Linux) /
 []


Package fontspec Info: 
(fontspec)             Liberation Mono scale = 0.85.


Package fontspec Info: 
(fontspec)             Liberation Mono scale = 0.85.


Package fontspec Info: 
(fontspec)             Liberation Mono scale = 0.85.


Underfull \hbox (badness 10000) in alignment at lines 22--26
[] []
 []


Underfull \hbox (badness 10000) in alignment at lines 26--28
[] []
 []


Underfull \hbox (badness 10000) in alignment at lines 28--35
[] []
 []


Package fontspec Info: 
(fontspec)             Liberation Mono scale = 0.85.


Underfull \hbox (badness 3049) in paragraph at lines 39--40
[]\TU/LiberationSerif(1)/m/n/10.95 Ниже приведены 12 детальных кейсов в формате
 «Шаги — Ожидание — Реальность»,
 []


Package fontspec Info: 
(fontspec)             Liberation Mono scale = 0.85.


Package fontspec Info: 
(fontspec)             Liberation Mono scale = 0.85.


Package fontspec Info: 
(fontspec)             Liberation Mono scale = 0.85.


Package fontspec Info: 
(fontspec)             Liberation Mono scale = 0.85.


Underfull \hbox (badness 2435) in paragraph at lines 48--50
[]\TU/LiberationSerif(1)/b/n/10.95 Предусловия: \TU/LiberationMono(1)/m/n/10.95
 tests/fixtures/box.glb \TU/LiberationSerif(1)/m/n/10.95 существует (Cube 1×1×1
, по face-нормалям, 24
 []


Package fontspec Info: 
(fontspec)             Liberation Mono scale = 0.85.


Package fontspec Info: 
(fontspec)             Liberation Mono scale = 0.85.


Package fontspec Info: 
(fontspec)             Liberation Mono scale = 0.85.


Package fontspec Info: 
(fontspec)             Liberation Mono scale = 0.85.


Package fontspec Info: 
(fontspec)             Liberation Mono scale = 0.85.


Package fontspec Info: 
(fontspec)             Liberation Mono scale = 0.85.


Underfull \hbox (badness 10000) in paragraph at lines 62--64
[]\TU/LiberationSerif(1)/m/n/10.95 Проверить \TU/LiberationMono(1)/m/n/10.95 lo
aded->primitives.size() == 1\TU/LiberationSerif(1)/m/n/10.95 , \TU/LiberationMo
no(1)/m/n/10.95 loaded->totalVertexCount == 24\TU/LiberationSerif(1)/m/n/10.95 
,
 []


Package fontspec Info: 
(fontspec)             Liberation Mono scale = 0.85.


Package fontspec Info: 
(fontspec)             Liberation Mono scale = 0.85.


Underfull \hbox (badness 10000) in paragraph at lines 64--66
[]\TU/LiberationSerif(1)/m/n/10.95 Проверить \TU/LiberationMono(1)/m/n/10.95 lo
aded->aabbMin == (-0.5f, -0.5f, -0.5f)\TU/LiberationSerif(1)/m/n/10.95 , \TU/Li
berationMono(1)/m/n/10.95 loaded->aabbMax ==
 []


Package fontspec Info: 
(fontspec)             Liberation Mono scale = 0.85.


Package fontspec Info: 
(fontspec)             Liberation Mono scale = 0.85.


Package fontspec Info: 
(fontspec)             Liberation Mono scale = 0.85.


Package fontspec Info: 
(fontspec)             Liberation Mono scale = 0.85.


Underfull \hbox (badness 10000) in paragraph at lines 66--67
[]\TU/LiberationSerif(1)/m/n/10.95 Проверить \TU/LiberationMono(1)/m/n/10.95 pr
im.positions.size() == 24\TU/LiberationSerif(1)/m/n/10.95 , \TU/LiberationMono(
1)/m/n/10.95 prim.normals.size() == 24\TU/LiberationSerif(1)/m/n/10.95 , \TU/Li
berationMono(1)/m/n/10.95 prim.uvs
 []


Package fontspec Info: 
(fontspec)             Liberation Mono scale = 0.85.


Package fontspec Info: 
(fontspec)             Liberation Mono scale = 0.85.


Package fontspec Info: 
(fontspec)             Liberation Mono scale = 0.85.

[9

]

Package fontspec Info: 
(fontspec)             Liberation Mono scale = 0.85.


Missing character: There is no ✅ (U+2705) in font Liberation Serif/OT:script=cy
rl;language=dflt;mapping=tex-text;!

Package fontspec Info: 
(fontspec)             Liberation Mono scale = 0.85.


Package fontspec Info: 
(fontspec)             Liberation Mono scale = 0.85.


Package fontspec Info: 
(fontspec)             Liberation Mono scale = 0.85.


Package fontspec Info: 
(fontspec)             Liberation Mono scale = 0.85.


Package fontspec Info: 
(fontspec)             Liberation Mono scale = 0.85.


Package fontspec Info: 
(fontspec)             Liberation Mono scale = 0.85.


Package fontspec Info: 
(fontspec)             Liberation Mono scale = 0.85.


Package fontspec Info: 
(fontspec)             Liberation Mono scale = 0.85.


Package fontspec Info: 
(fontspec)             Liberation Mono scale = 0.85.


Underfull \hbox (badness 10000) in paragraph at lines 99--100
[]\TU/LiberationSerif(1)/m/n/10.95 Проверить \TU/LiberationMono(1)/m/n/10.95 Ge
tVoxelMaterial(world, {4, 4, 4}) == VoxelMaterial::Fluid
 []


Package fontspec Info: 
(fontspec)             Liberation Mono scale = 0.85.

Missing character: There is no ✅ (U+2705) in font Liberation Serif/OT:script=cy
rl;language=dflt;mapping=tex-text;!

Underfull \hbox (badness 10000) in paragraph at lines 109--109
|[]\TU/LiberationSerif(1)/b/n/12 TC-03. Сохранение и загрузка snapshot восстана
вливают мир побайтово
 []


Package fontspec Info: 
(fontspec)             Liberation Mono scale = 0.85.


Package fontspec Info: 
(fontspec)             Liberation Mono scale = 0.85.


Package fontspec Info: 
(fontspec)             Liberation Mono scale = 0.85.


Underfull \hbox (badness 3179) in paragraph at lines 116--118
[]\TU/LiberationSerif(1)/b/n/10.95 Предусловия: \TU/LiberationSerif(1)/m/n/10.9
5 temp-путь \TU/LiberationMono(1)/m/n/10.95 $TMPDIR/ProjectV-VoxelWorldSnapshot
Test.bin \TU/LiberationSerif(1)/m/n/10.95 доступен для
 []


Package fontspec Info: 
(fontspec)             Liberation Mono scale = 0.85.


Package fontspec Info: 
(fontspec)             Liberation Mono scale = 0.85.


Package fontspec Info: 
(fontspec)             Liberation Mono scale = 0.85.


Underfull \hbox (badness 10000) in paragraph at lines 124--126
[]\TU/LiberationSerif(1)/m/n/10.95 Построить \TU/LiberationMono(1)/m/n/10.95 Vo
xelWorld \TU/LiberationSerif(1)/m/n/10.95 16×16×16, поставить 50 случайных \TU/
LiberationMono(1)/m/n/10.95 Glass \TU/LiberationSerif(1)/m/n/10.95 в
 []


Package fontspec Info: 
(fontspec)             Liberation Mono scale = 0.85.


Package fontspec Info: 
(fontspec)             Liberation Mono scale = 0.85.


Package fontspec Info: 
(fontspec)             Liberation Mono scale = 0.85.


Package fontspec Info: 
(fontspec)             Liberation Mono scale = 0.85.


Underfull \hbox (badness 10000) in paragraph at lines 130--132
[]\TU/LiberationSerif(1)/m/n/10.95 Создать \TU/LiberationSerif(1)/b/n/10.95 нов
ый \TU/LiberationMono(1)/m/n/10.95 VoxelWorld \TU/LiberationSerif(1)/m/n/10.95 
(пустой), вызвать \TU/LiberationMono(1)/m/n/10.95 LoadVoxelWorldSnapshot(fresh,

 []


Package fontspec Info: 
(fontspec)             Liberation Mono scale = 0.85.


Package fontspec Info: 
(fontspec)             Liberation Mono scale = 0.85.


Package fontspec Info: 
(fontspec)             Liberation Mono scale = 0.85.


Package fontspec Info: 
(fontspec)             Liberation Mono scale = 0.85.


Package fontspec Info: 
(fontspec)             Liberation Mono scale = 0.85.


Package fontspec Info: 
(fontspec)             Liberation Mono scale = 0.85.


Package fontspec Info: 
(fontspec)             Liberation Mono scale = 0.85.


Package fontspec Info: 
(fontspec)             Liberation Mono scale = 0.85.


Package fontspec Info: 
(fontspec)             Liberation Mono scale = 0.85.


Package fontspec Info: 
(fontspec)             Liberation Mono scale = 0.85.


Package fontspec Info: 
(fontspec)             Liberation Mono scale = 0.85.


Package fontspec Info: 
(fontspec)             Liberation Mono scale = 0.85.


Package fontspec Info: 
(fontspec)             Liberation Mono scale = 0.85.

Missing character: There is no ✅ (U+2705) in font Liberation Serif/OT:script=cy
rl;language=dflt;mapping=tex-text;!

Package fontspec Info: 
(fontspec)             Liberation Mono scale = 0.85.


Package fontspec Info: 
(fontspec)             Liberation Mono scale = 0.85.


Overfull \hbox (71.16263pt too wide) in paragraph at lines 149--151
[]\TU/LiberationSerif(1)/b/n/10.95 Модуль: \TU/LiberationMono(1)/m/n/10.95 test
s/VoxelWorldTests.cpp \TU/LiberationSerif(1)/m/n/10.95 → \TU/LiberationMono(1)/
m/n/10.95 TestSetVoxelMaterialMarksNeighborChunksDirtyAtBoundaries\TU/Liberatio
nSerif(1)/m/n/10.95 . 
 []


Package fontspec Info: 
(fontspec)             Liberation Mono scale = 0.85.


Package fontspec Info: 
(fontspec)             Liberation Mono scale = 0.85.


Package fontspec Info: 
(fontspec)             Liberation Mono scale = 0.85.

Missing character: There is no ∈ (U+2208) in font Liberation Serif/OT:script=cy
rl;language=dflt;mapping=tex-text;!

Underfull \hbox (badness 1953) in paragraph at lines 159--161
[]\TU/LiberationMono(1)/m/n/10.95 SetVoxelMaterial(world, {7, 7, 7}, VoxelMater
ial::Glass) \TU/LiberationSerif(1)/m/n/10.95 — воксел на стыке
 []


Package fontspec Info: 
(fontspec)             Liberation Mono scale = 0.85.


Package fontspec Info: 
(fontspec)             Liberation Mono scale = 0.85.

[10]

Package fontspec Info: 
(fontspec)             Liberation Mono scale = 0.85.


Package fontspec Info: 
(fontspec)             Liberation Mono scale = 0.85.


Package fontspec Info: 
(fontspec)             Liberation Mono scale = 0.85.


Package fontspec Info: 
(fontspec)             Liberation Mono scale = 0.85.


Missing character: There is no ∈ (U+2208) in font Liberation Mono/OT:script=cyr
l;language=dflt;mapping=tex-text;!

Package fontspec Info: 
(fontspec)             Liberation Mono scale = 0.85.


Package fontspec Info: 
(fontspec)             Liberation Mono scale = 0.85.

Missing character: There is no ✅ (U+2705) in font Liberation Serif/OT:script=cy
rl;language=dflt;mapping=tex-text;!

Package fontspec Info: 
(fontspec)             Liberation Mono scale = 0.85.


Package fontspec Info: 
(fontspec)             Liberation Mono scale = 0.85.


Package fontspec Info: 
(fontspec)             Liberation Mono scale = 0.85.


Package fontspec Info: 
(fontspec)             Liberation Mono scale = 0.85.


Package fontspec Info: 
(fontspec)             Liberation Mono scale = 0.85.


Package fontspec Info: 
(fontspec)             Liberation Mono scale = 0.85.


Package fontspec Info: 
(fontspec)             Liberation Mono scale = 0.85.


Package fontspec Info: 
(fontspec)             Liberation Mono scale = 0.85.


Underfull \hbox (badness 4940) in paragraph at lines 192--194
[]\TU/LiberationSerif(1)/m/n/10.95 Задать \TU/LiberationMono(1)/m/n/10.95 aabbM
in=(-0.5, -0.5, -2.5)\TU/LiberationSerif(1)/m/n/10.95 , \TU/LiberationMono(1)/m
/n/10.95 aabbMax=(0.5, 0.5, -1.5) \TU/LiberationSerif(1)/m/n/10.95 (1×1×1 куб в
 2
 []


Package fontspec Info: 
(fontspec)             Liberation Mono scale = 0.85.


Package fontspec Info: 
(fontspec)             Liberation Mono scale = 0.85.


Package fontspec Info: 
(fontspec)             Liberation Mono scale = 0.85.


Package fontspec Info: 
(fontspec)             Liberation Mono scale = 0.85.


Package fontspec Info: 
(fontspec)             Liberation Mono scale = 0.85.

Missing character: There is no ✅ (U+2705) in font Liberation Serif/OT:script=cy
rl;language=dflt;mapping=tex-text;!

Package fontspec Info: 
(fontspec)             Liberation Mono scale = 0.85.


Package fontspec Info: 
(fontspec)             Liberation Mono scale = 0.85.


Overfull \hbox (9.72276pt too wide) in paragraph at lines 211--213
[]\TU/LiberationSerif(1)/b/n/10.95 Модуль: \TU/LiberationMono(1)/m/n/10.95 test
s/VoxelWorldTests.cpp \TU/LiberationSerif(1)/m/n/10.95 → \TU/LiberationMono(1)/
m/n/10.95 TestSaveScreenshotCaptureBmpWritesExpectedBmp\TU/LiberationSerif(1)/m
/n/10.95 . 
 []


Package fontspec Info: 
(fontspec)             Liberation Mono scale = 0.85.


Underfull \hbox (badness 10000) in paragraph at lines 213--215
[]\TU/LiberationSerif(1)/b/n/10.95 Предусловия: \TU/LiberationSerif(1)/m/n/10.9
5 temp-путь \TU/LiberationMono(1)/m/n/10.95 $TMPDIR/ProjectV-ScreenshotCaptureT
est.png \TU/LiberationSerif(1)/m/n/10.95 доступен;
 []


Package fontspec Info: 
(fontspec)             Liberation Mono scale = 0.85.


Package fontspec Info: 
(fontspec)             Liberation Mono scale = 0.85.


Underfull \hbox (badness 10000) in paragraph at lines 221--223
[]\TU/LiberationSerif(1)/m/n/10.95 Создать \TU/LiberationMono(1)/m/n/10.95 BmpI
mage \TU/LiberationSerif(1)/m/n/10.95 4×4, заполнить пиксели детерминированным 
RGBA-паттерном
 []


Package fontspec Info: 
(fontspec)             Liberation Mono scale = 0.85.


Package fontspec Info: 
(fontspec)             Liberation Mono scale = 0.85.


Package fontspec Info: 
(fontspec)             Liberation Mono scale = 0.85.


Package fontspec Info: 
(fontspec)             Liberation Mono scale = 0.85.


Package fontspec Info: 
(fontspec)             Liberation Mono scale = 0.85.


Package fontspec Info: 
(fontspec)             Liberation Mono scale = 0.85.


Package fontspec Info: 
(fontspec)             Liberation Mono scale = 0.85.


Package fontspec Info: 
(fontspec)             Liberation Mono scale = 0.85.


Package fontspec Info: 
(fontspec)             Liberation Mono scale = 0.85.


Package fontspec Info: 
(fontspec)             Liberation Mono scale = 0.85.


Package fontspec Info: 
(fontspec)             Liberation Mono scale = 0.85.

Missing character: There is no ✅ (U+2705) in font Liberation Serif/OT:script=cy
rl;language=dflt;mapping=tex-text;!

Package fontspec Info: 
(fontspec)             Liberation Mono scale = 0.85.


Package fontspec Info: 
(fontspec)             Liberation Mono scale = 0.85.


Package fontspec Info: 
(fontspec)             Liberation Mono scale = 0.85.


Package fontspec Info: 
(fontspec)             Liberation Mono scale = 0.85.


Package fontspec Info: 
(fontspec)             Liberation Mono scale = 0.85.


Package fontspec Info: 
(fontspec)             Liberation Mono scale = 0.85.


Package fontspec Info: 
(fontspec)             Liberation Mono scale = 0.85.


Package fontspec Info: 
(fontspec)             Liberation Mono scale = 0.85.

[11]

Package fontspec Info: 
(fontspec)             Liberation Mono scale = 0.85.


Package fontspec Info: 
(fontspec)             Liberation Mono scale = 0.85.


Package fontspec Info: 
(fontspec)             Liberation Mono scale = 0.85.


Missing character: There is no ✅ (U+2705) in font Liberation Serif/OT:script=cy
rl;language=dflt;mapping=tex-text;!

Underfull \hbox (badness 10000) in paragraph at lines 276--276
|[]\TU/LiberationSerif(1)/b/n/12 TC-08. Манифест с невалидным transform-суффикс
ом отбрасывается
 []


Package fontspec Info: 
(fontspec)             Liberation Mono scale = 0.85.


Package fontspec Info: 
(fontspec)             Liberation Mono scale = 0.85.


Package fontspec Info: 
(fontspec)             Liberation Mono scale = 0.85.


Package fontspec Info: 
(fontspec)             Liberation Mono scale = 0.85.


Package fontspec Info: 
(fontspec)             Liberation Mono scale = 0.85.


Package fontspec Info: 
(fontspec)             Liberation Mono scale = 0.85.


Package fontspec Info: 
(fontspec)             Liberation Mono scale = 0.85.


Package fontspec Info: 
(fontspec)             Liberation Mono scale = 0.85.


Package fontspec Info: 
(fontspec)             Liberation Mono scale = 0.85.


Package fontspec Info: 
(fontspec)             Liberation Mono scale = 0.85.


Package fontspec Info: 
(fontspec)             Liberation Mono scale = 0.85.


Package fontspec Info: 
(fontspec)             Liberation Mono scale = 0.85.


Package fontspec Info: 
(fontspec)             Liberation Mono scale = 0.85.


Package fontspec Info: 
(fontspec)             Liberation Mono scale = 0.85.

Missing character: There is no ✅ (U+2705) in font Liberation Serif/OT:script=cy
rl;language=dflt;mapping=tex-text;!

Package fontspec Info: 
(fontspec)             Liberation Mono scale = 0.85.


Package fontspec Info: 
(fontspec)             Liberation Mono scale = 0.85.


Overfull \hbox (26.4791pt too wide) in paragraph at lines 312--314
[]\TU/LiberationSerif(1)/b/n/10.95 Модуль: \TU/LiberationMono(1)/m/n/10.95 test
s/FluidCATests.cpp \TU/LiberationSerif(1)/m/n/10.95 → \TU/LiberationMono(1)/m/n
/10.95 TestFluidCAColumnDrainsViaSpreadPlatformStaysIntact\TU/LiberationSerif(1
)/m/n/10.95 . 
 []


Package fontspec Info: 
(fontspec)             Liberation Mono scale = 0.85.


Package fontspec Info: 
(fontspec)             Liberation Mono scale = 0.85.


Package fontspec Info: 
(fontspec)             Liberation Mono scale = 0.85.


Package fontspec Info: 
(fontspec)             Liberation Mono scale = 0.85.


Package fontspec Info: 
(fontspec)             Liberation Mono scale = 0.85.


Underfull \hbox (badness 2547) in paragraph at lines 324--326
[]\TU/LiberationSerif(1)/m/n/10.95 После \TU/LiberationSerif(1)/b/n/10.95 каждо
го \TU/LiberationSerif(1)/m/n/10.95 тика проверить \TU/LiberationMono(1)/m/n/10
.95 world.stats.fluidVoxelCount == 4u \TU/LiberationSerif(1)/m/n/10.95 (консерв
ация
 []


Package fontspec Info: 
(fontspec)             Liberation Mono scale = 0.85.


Underfull \hbox (badness 10000) in paragraph at lines 326--328
[]\TU/LiberationSerif(1)/m/n/10.95 После 30 тиков проверить, что \TU/Liberation
Mono(1)/m/n/10.95 GetVoxelMaterial(world, {2, 0, 2}) ==
 []


Package fontspec Info: 
(fontspec)             Liberation Mono scale = 0.85.


Package fontspec Info: 
(fontspec)             Liberation Mono scale = 0.85.


Package fontspec Info: 
(fontspec)             Liberation Mono scale = 0.85.


Package fontspec Info: 
(fontspec)             Liberation Mono scale = 0.85.


Package fontspec Info: 
(fontspec)             Liberation Mono scale = 0.85.

Missing character: There is no ✅ (U+2705) in font Liberation Serif/OT:script=cy
rl;language=dflt;mapping=tex-text;!

Package fontspec Info: 
(fontspec)             Liberation Mono scale = 0.85.


Package fontspec Info: 
(fontspec)             Liberation Mono scale = 0.85.


Package fontspec Info: 
(fontspec)             Liberation Mono scale = 0.85.


Package fontspec Info: 
(fontspec)             Liberation Mono scale = 0.85.


Package fontspec Info: 
(fontspec)             Liberation Mono scale = 0.85.


Overfull \hbox (7.61818pt too wide) in paragraph at lines 345--347
[]\TU/LiberationSerif(1)/b/n/10.95 Предусловия: \TU/LiberationMono(1)/m/n/10.95
 projectv::asset::LoadedAsset empty{} \TU/LiberationSerif(1)/m/n/10.95 с \TU/Li
berationMono(1)/m/n/10.95 sourcePath=”synthetic://empty”\TU/LiberationSerif(1)/
m/n/10.95 ,
 []


Package fontspec Info: 
(fontspec)             Liberation Mono scale = 0.85.


Package fontspec Info: 
(fontspec)             Liberation Mono scale = 0.85.


Package fontspec Info: 
(fontspec)             Liberation Mono scale = 0.85.

[12]

Package fontspec Info: 
(fontspec)             Liberation Mono scale = 0.85.


Package fontspec Info: 
(fontspec)             Liberation Mono scale = 0.85.


Package fontspec Info: 
(fontspec)             Liberation Mono scale = 0.85.


Package fontspec Info: 
(fontspec)             Liberation Mono scale = 0.85.


Missing character: There is no ✅ (U+2705) in font Liberation Serif/OT:script=cy
rl;language=dflt;mapping=tex-text;!

Package fontspec Info: 
(fontspec)             Liberation Mono scale = 0.85.


Package fontspec Info: 
(fontspec)             Liberation Mono scale = 0.85.


Package fontspec Info: 
(fontspec)             Liberation Mono scale = 0.85.


Package fontspec Info: 
(fontspec)             Liberation Mono scale = 0.85.


Package fontspec Info: 
(fontspec)             Liberation Mono scale = 0.85.


Package fontspec Info: 
(fontspec)             Liberation Mono scale = 0.85.


Package fontspec Info: 
(fontspec)             Liberation Mono scale = 0.85.


Package fontspec Info: 
(fontspec)             Liberation Mono scale = 0.85.


Package fontspec Info: 
(fontspec)             Liberation Mono scale = 0.85.


Package fontspec Info: 
(fontspec)             Liberation Mono scale = 0.85.


Package fontspec Info: 
(fontspec)             Liberation Mono scale = 0.85.


Package fontspec Info: 
(fontspec)             Liberation Mono scale = 0.85.

Missing character: There is no ✅ (U+2705) in font Liberation Serif/OT:script=cy
rl;language=dflt;mapping=tex-text;!

Package fontspec Info: 
(fontspec)             Liberation Mono scale = 0.85.


Package fontspec Info: 
(fontspec)             Liberation Mono scale = 0.85.


Overfull \hbox (37.64996pt too wide) in paragraph at lines 405--407
[]\TU/LiberationSerif(1)/b/n/10.95 Модуль: \TU/LiberationMono(1)/m/n/10.95 test
s/VoxelWorldTests.cpp \TU/LiberationSerif(1)/m/n/10.95 → \TU/LiberationMono(1)/
m/n/10.95 TestBuildSunShadowCascadeSplitsClampsInvalidInputs\TU/LiberationSerif
(1)/m/n/10.95 . 
 []


Package fontspec Info: 
(fontspec)             Liberation Mono scale = 0.85.


Underfull \hbox (badness 10000) in paragraph at lines 407--409
[]\TU/LiberationSerif(1)/b/n/10.95 Предусловия: \TU/LiberationSerif(1)/m/n/10.9
5 вызов \TU/LiberationMono(1)/m/n/10.95 BuildSunShadowCascadeSplits(-10.0f, -1.
0f, 4.0f)
 []


Package fontspec Info: 
(fontspec)             Liberation Mono scale = 0.85.


Underfull \hbox (badness 10000) in paragraph at lines 415--417
[]\TU/LiberationSerif(1)/m/n/10.95 Получить \TU/LiberationMono(1)/m/n/10.95 aut
o [normalizedSplits, viewDepthSplits, splitLambda, nearPlane,
 []


Package fontspec Info: 
(fontspec)             Liberation Mono scale = 0.85.


Package fontspec Info: 
(fontspec)             Liberation Mono scale = 0.85.


Package fontspec Info: 
(fontspec)             Liberation Mono scale = 0.85.


Package fontspec Info: 
(fontspec)             Liberation Mono scale = 0.85.


Package fontspec Info: 
(fontspec)             Liberation Mono scale = 0.85.


Package fontspec Info: 
(fontspec)             Liberation Mono scale = 0.85.


Package fontspec Info: 
(fontspec)             Liberation Mono scale = 0.85.


Underfull \hbox (badness 10000) in paragraph at lines 423--424
[]\TU/LiberationSerif(1)/m/n/10.95 Проверить \TU/LiberationMono(1)/m/n/10.95 vi
ewDepthSplits.back() == farPlane \TU/LiberationSerif(1)/m/n/10.95 и \TU/Liberat
ionMono(1)/m/n/10.95 normalizedSplits.back() ==
 []


Underfull \hbox (badness 2181) in paragraph at lines 426--428
[]\TU/LiberationSerif(1)/b/n/10.95 Ожидание: \TU/LiberationSerif(1)/m/n/10.95 в
се невалидные входы зажаты в физически/численно безопасный диапазон;
 []

Missing character: There is no ✅ (U+2705) in font Liberation Serif/OT:script=cy
rl;language=dflt;mapping=tex-text;!

Package fontspec Info: 
(fontspec)             Liberation Mono scale = 0.85.


Package fontspec Info: 
(fontspec)             Liberation Mono scale = 0.85.


Package fontspec Info: 
(fontspec)             Liberation Mono scale = 0.85.


Underfull \hbox (badness 1221) in paragraph at lines 440--442
[]\TU/LiberationSerif(1)/b/n/10.95 VoxelWorld \TU/LiberationSerif(1)/m/n/10.95 
(\TU/LiberationMono(1)/m/n/10.95 tests/VoxelWorldTests.cpp\TU/LiberationSerif(1
)/m/n/10.95 , 22 функции): мировые границы и индексация
 []

[13]

Package fontspec Info: 
(fontspec)             Liberation Mono scale = 0.85.


Package fontspec Info: 
(fontspec)             Liberation Mono scale = 0.85.


Package fontspec Info: 
(fontspec)             Liberation Mono scale = 0.85.


Package fontspec Info: 
(fontspec)             Liberation Mono scale = 0.85.


Package fontspec Info: 
(fontspec)             Liberation Mono scale = 0.85.


Package fontspec Info: 
(fontspec)             Liberation Mono scale = 0.85.


Package fontspec Info: 
(fontspec)             Liberation Mono scale = 0.85.


Package fontspec Info: 
(fontspec)             Liberation Mono scale = 0.85.


Package fontspec Info: 
(fontspec)             Liberation Mono scale = 0.85.


Package fontspec Info: 
(fontspec)             Liberation Mono scale = 0.85.


Package fontspec Info: 
(fontspec)             Liberation Mono scale = 0.85.


Package fontspec Info: 
(fontspec)             Liberation Mono scale = 0.85.


Package fontspec Info: 
(fontspec)             Liberation Mono scale = 0.85.


Package fontspec Info: 
(fontspec)             Liberation Mono scale = 0.85.


Package fontspec Info: 
(fontspec)             Liberation Mono scale = 0.85.


Package fontspec Info: 
(fontspec)             Liberation Mono scale = 0.85.


Package fontspec Info: 
(fontspec)             Liberation Mono scale = 0.85.


Package fontspec Info: 
(fontspec)             Liberation Mono scale = 0.85.


Package fontspec Info: 
(fontspec)             Liberation Mono scale = 0.85.


Package fontspec Info: 
(fontspec)             Liberation Mono scale = 0.85.


Package fontspec Info: 
(fontspec)             Liberation Mono scale = 0.85.


Package fontspec Info: 
(fontspec)             Liberation Mono scale = 0.85.


Package fontspec Info: 
(fontspec)             Liberation Mono scale = 0.85.


Package fontspec Info: 
(fontspec)             Liberation Mono scale = 0.85.


Package fontspec Info: 
(fontspec)             Liberation Mono scale = 0.85.


Package fontspec Info: 
(fontspec)             Liberation Mono scale = 0.85.


Package fontspec Info: 
(fontspec)             Liberation Mono scale = 0.85.


Package fontspec Info: 
(fontspec)             Liberation Mono scale = 0.85.


Package fontspec Info: 
(fontspec)             Liberation Mono scale = 0.85.


Package fontspec Info: 
(fontspec)             Liberation Mono scale = 0.85.

 [14]

Package fontspec Info: 
(fontspec)             Liberation Mono scale = 0.85.


Package fontspec Info: 
(fontspec)             Liberation Mono scale = 0.85.

) [15] (./KT-3.1_User_Guide-frag.tex
Underfull \hbox (badness 10000) in alignment at lines 8--12
[] [] []
 []


Underfull \hbox (badness 10000) in alignment at lines 12--14
[] [] []
 []


Underfull \hbox (badness 10000) in alignment at lines 14--23
[] [] []
 []


Package fontspec Info: 
(fontspec)             Liberation Mono scale = 0.85.


Package fontspec Info: 
(fontspec)             Liberation Mono scale = 0.85.


Overfull \hbox (10.87762pt too wide) in paragraph at lines 70--70
[]\TU/LiberationMono(1)/m/n/10.95 powershell -ExecutionPolicy Bypass -File tool
s\windows\Invoke-ProjectVRuntimeSmoke.ps1[] 
 []

[16

]
Underfull \hbox (badness 10000) in alignment at lines 74--78
[] [] []
 []


Underfull \hbox (badness 10000) in alignment at lines 78--80
[] [] []
 []


Package fontspec Info: 
(fontspec)             Liberation Mono scale = 0.85.


Package fontspec Info: 
(fontspec)             Liberation Mono scale = 0.85.


Package fontspec Info: 
(fontspec)             Liberation Mono scale = 0.85.


Package fontspec Info: 
(fontspec)             Liberation Mono scale = 0.85.


Package fontspec Info: 
(fontspec)             Liberation Mono scale = 0.85.


Package fontspec Info: 
(fontspec)             Liberation Mono scale = 0.85.


Package fontspec Info: 
(fontspec)             Liberation Mono scale = 0.85.


Package fontspec Info: 
(fontspec)             Liberation Mono scale = 0.85.


Package fontspec Info: 
(fontspec)             Liberation Mono scale = 0.85.


Package fontspec Info: 
(fontspec)             Liberation Mono scale = 0.85.


Package fontspec Info: 
(fontspec)             Liberation Mono scale = 0.85.


Package fontspec Info: 
(fontspec)             Liberation Mono scale = 0.85.


Underfull \hbox (badness 10000) in alignment at lines 80--87
[] [] []
 []


Underfull \hbox (badness 10000) in alignment at lines 93--97
[] []
 []


Underfull \hbox (badness 10000) in alignment at lines 97--99
[] []
 []


Package fontspec Info: 
(fontspec)             Liberation Mono scale = 0.85.


Package fontspec Info: 
(fontspec)             Liberation Mono scale = 0.85.


Package fontspec Info: 
(fontspec)             Liberation Mono scale = 0.85.


Package fontspec Info: 
(fontspec)             Liberation Mono scale = 0.85.


Package fontspec Info: 
(fontspec)             Liberation Mono scale = 0.85.


Underfull \hbox (badness 10000) in alignment at lines 99--105
[] []
 []


Package fontspec Info: 
(fontspec)             Liberation Mono scale = 0.85.


Package fontspec Info: 
(fontspec)             Liberation Mono scale = 0.85.


Package fontspec Info: 
(fontspec)             Liberation Mono scale = 0.85.


Package fontspec Info: 
(fontspec)             Liberation Mono scale = 0.85.


Package fontspec Info: 
(fontspec)             Liberation Mono scale = 0.85.


Underfull \hbox (badness 10000) in paragraph at lines 112--114
[]\TU/LiberationMono(1)/m/n/10.95 VoxelLab \TU/LiberationSerif(1)/m/n/10.95 — \
TU/LiberationMono(1)/m/n/10.95 BuildVoxelLabSceneWorld() \TU/LiberationSerif(1)
/m/n/10.95 → \TU/LiberationMono(1)/m/n/10.95 BuildVoxelLabShellAndFluid \TU/Lib
erationSerif(1)/m/n/10.95 +
 []


Package fontspec Info: 
(fontspec)             Liberation Mono scale = 0.85.


Package fontspec Info: 
(fontspec)             Liberation Mono scale = 0.85.


Package fontspec Info: 
(fontspec)             Liberation Mono scale = 0.85.


Package fontspec Info: 
(fontspec)             Liberation Mono scale = 0.85.


Package fontspec Info: 
(fontspec)             Liberation Mono scale = 0.85.


Package fontspec Info: 
(fontspec)             Liberation Mono scale = 0.85.


Package fontspec Info: 
(fontspec)             Liberation Mono scale = 0.85.


Package fontspec Info: 
(fontspec)             Liberation Mono scale = 0.85.


Package fontspec Info: 
(fontspec)             Liberation Mono scale = 0.85.


Underfull \hbox (badness 10000) in paragraph at lines 116--118
[]\TU/LiberationMono(1)/m/n/10.95 TransparencyStress \TU/LiberationSerif(1)/m/n
/10.95 — \TU/LiberationMono(1)/m/n/10.95 BuildTransparencyStressSceneWorld() \T
U/LiberationSerif(1)/m/n/10.95 →
 []


Package fontspec Info: 
(fontspec)             Liberation Mono scale = 0.85.


Package fontspec Info: 
(fontspec)             Liberation Mono scale = 0.85.


Package fontspec Info: 
(fontspec)             Liberation Mono scale = 0.85.


Package fontspec Info: 
(fontspec)             Liberation Mono scale = 0.85.


Package fontspec Info: 
(fontspec)             Liberation Mono scale = 0.85.


Package fontspec Info: 
(fontspec)             Liberation Mono scale = 0.85.


Package fontspec Info: 
(fontspec)             Liberation Mono scale = 0.85.


Package fontspec Info: 
(fontspec)             Liberation Mono scale = 0.85.


Package fontspec Info: 
(fontspec)             Liberation Mono scale = 0.85.


Package fontspec Info: 
(fontspec)             Liberation Mono scale = 0.85.


Package fontspec Info: 
(fontspec)             Liberation Mono scale = 0.85.


Package fontspec Info: 
(fontspec)             Liberation Mono scale = 0.85.


Package fontspec Info: 
(fontspec)             Liberation Mono scale = 0.85.

File: screenshots/kt-3.1/VoxelLab.png Graphic file (type bmp)
<screenshots/kt-3.1/VoxelLab.png>

Overfull \hbox (992.74536pt too wide) in paragraph at lines 127--128
[][] 
 []

[17]
Overfull \vbox (110.15085pt too high) has occurred while \output is active []


[18]
File: screenshots/kt-3.1/FlatBenchmark.png Graphic file (type bmp)
<screenshots/kt-3.1/FlatBenchmark.png>

Overfull \hbox (992.74536pt too wide) in paragraph at lines 129--130
[][] 
 []


Overfull \vbox (110.15085pt too high) has occurred while \output is active []


[19]
File: screenshots/kt-3.1/TransparencyStress.png Graphic file (type bmp)
<screenshots/kt-3.1/TransparencyStress.png>

Overfull \hbox (992.74536pt too wide) in paragraph at lines 131--132
[][] 
 []


Overfull \vbox (110.15085pt too high) has occurred while \output is active []


[20]
File: screenshots/kt-3.1/MeshingStress.png Graphic file (type bmp)
<screenshots/kt-3.1/MeshingStress.png>

Overfull \hbox (992.74536pt too wide) in paragraph at lines 133--134
[][] 
 []


Overfull \vbox (110.15085pt too high) has occurred while \output is active []


[21]
File: screenshots/kt-3.1/ChunkGrid.png Graphic file (type bmp)
<screenshots/kt-3.1/ChunkGrid.png>

Overfull \hbox (992.74536pt too wide) in paragraph at lines 135--136
[][] 
 []


Overfull \vbox (110.15085pt too high) has occurred while \output is active []


[22]
File: screenshots/kt-3.1/FluidDemo.png Graphic file (type bmp)
<screenshots/kt-3.1/FluidDemo.png>

Overfull \hbox (992.74536pt too wide) in paragraph at lines 137--138
[][] 
 []


Overfull \vbox (110.15085pt too high) has occurred while \output is active []


[23]

Package fontspec Info: 
(fontspec)             Liberation Mono scale = 0.85.


Underfull \hbox (badness 10000) in alignment at lines 147--151
[] [] []
 []


Underfull \hbox (badness 10000) in alignment at lines 151--153
[] [] []
 []


Package fontspec Info: 
(fontspec)             Liberation Mono scale = 0.85.


Underfull \hbox (badness 10000) in alignment at lines 153--156
[] [] []
 []


Package fontspec Info: 
(fontspec)             Liberation Mono scale = 0.85.


Package fontspec Info: 
(fontspec)             Liberation Mono scale = 0.85.


Underfull \hbox (badness 2626) in paragraph at lines 160--161
[]\TU/LiberationSerif(1)/m/n/10.95 Полный список кнопок — в \TU/LiberationMono(
1)/m/n/10.95 src/app/InputActions.cpp \TU/LiberationSerif(1)/m/n/10.95 (\TU/Lib
erationMono(1)/m/n/10.95 BindAction \TU/LiberationSerif(1)/m/n/10.95 вызовы). Н
иже —
 []


Underfull \hbox (badness 10000) in alignment at lines 162--166
[] []
 []


Underfull \hbox (badness 10000) in alignment at lines 166--168
[] []
 []


Package fontspec Info: 
(fontspec)             Liberation Mono scale = 0.85.


Package fontspec Info: 
(fontspec)             Liberation Mono scale = 0.85.


Package fontspec Info: 
(fontspec)             Liberation Mono scale = 0.85.


Package fontspec Info: 
(fontspec)             Liberation Mono scale = 0.85.


Package fontspec Info: 
(fontspec)             Liberation Mono scale = 0.85.


Package fontspec Info: 
(fontspec)             Liberation Mono scale = 0.85.


Package fontspec Info: 
(fontspec)             Liberation Mono scale = 0.85.


Package fontspec Info: 
(fontspec)             Liberation Mono scale = 0.85.


Package fontspec Info: 
(fontspec)             Liberation Mono scale = 0.85.


Package fontspec Info: 
(fontspec)             Liberation Mono scale = 0.85.


Package fontspec Info: 
(fontspec)             Liberation Mono scale = 0.85.


Package fontspec Info: 
(fontspec)             Liberation Mono scale = 0.85.


Package fontspec Info: 
(fontspec)             Liberation Mono scale = 0.85.


Package fontspec Info: 
(fontspec)             Liberation Mono scale = 0.85.


Package fontspec Info: 
(fontspec)             Liberation Mono scale = 0.85.


Package fontspec Info: 
(fontspec)             Liberation Mono scale = 0.85.


Package fontspec Info: 
(fontspec)             Liberation Mono scale = 0.85.


Package fontspec Info: 
(fontspec)             Liberation Mono scale = 0.85.


Package fontspec Info: 
(fontspec)             Liberation Mono scale = 0.85.


Package fontspec Info: 
(fontspec)             Liberation Mono scale = 0.85.


Package fontspec Info: 
(fontspec)             Liberation Mono scale = 0.85.


Package fontspec Info: 
(fontspec)             Liberation Mono scale = 0.85.


Package fontspec Info: 
(fontspec)             Liberation Mono scale = 0.85.


Package fontspec Info: 
(fontspec)             Liberation Mono scale = 0.85.


Package fontspec Info: 
(fontspec)             Liberation Mono scale = 0.85.


Package fontspec Info: 
(fontspec)             Liberation Mono scale = 0.85.


Package fontspec Info: 
(fontspec)             Liberation Mono scale = 0.85.


Package fontspec Info: 
(fontspec)             Liberation Mono scale = 0.85.


Package fontspec Info: 
(fontspec)             Liberation Mono scale = 0.85.


Package fontspec Info: 
(fontspec)             Liberation Mono scale = 0.85.


Package fontspec Info: 
(fontspec)             Liberation Mono scale = 0.85.


Package fontspec Info: 
(fontspec)             Liberation Mono scale = 0.85.


Package fontspec Info: 
(fontspec)             Liberation Mono scale = 0.85.


Package fontspec Info: 
(fontspec)             Liberation Mono scale = 0.85.


Package fontspec Info: 
(fontspec)             Liberation Mono scale = 0.85.


Underfull \hbox (badness 10000) in alignment at lines 168--197
[] []
 []


Package fontspec Info: 
(fontspec)             Liberation Mono scale = 0.85.


Package fontspec Info: 
(fontspec)             Liberation Mono scale = 0.85.


Underfull \hbox (badness 10000) in alignment at lines 201--205
[] []
 []


Underfull \hbox (badness 10000) in alignment at lines 205--207
[] []
 []


Package fontspec Info: 
(fontspec)             Liberation Mono scale = 0.85.


Package fontspec Info: 
(fontspec)             Liberation Mono scale = 0.85.


Package fontspec Info: 
(fontspec)             Liberation Mono scale = 0.85.


Package fontspec Info: 
(fontspec)             Liberation Mono scale = 0.85.


Underfull \hbox (badness 10000) in alignment at lines 207--211
[] []
 []


Package fontspec Info: 
(fontspec)             Liberation Mono scale = 0.85.

[24]

Package fontspec Info: 
(fontspec)             Liberation Mono scale = 0.85.


Package fontspec Info: 
(fontspec)             Liberation Mono scale = 0.85.


Package fontspec Info: 
(fontspec)             Liberation Mono scale = 0.85.


Package fontspec Info: 
(fontspec)             Liberation Mono scale = 0.85.


Package fontspec Info: 
(fontspec)             Liberation Mono scale = 0.85.


Package fontspec Info: 
(fontspec)             Liberation Mono scale = 0.85.


Package fontspec Info: 
(fontspec)             Liberation Mono scale = 0.85.


Package fontspec Info: 
(fontspec)             Liberation Mono scale = 0.85.


Package fontspec Info: 
(fontspec)             Liberation Mono scale = 0.85.


Package fontspec Info: 
(fontspec)             Liberation Mono scale = 0.85.


Package fontspec Info: 
(fontspec)             Liberation Mono scale = 0.85.


Package fontspec Info: 
(fontspec)             Liberation Mono scale = 0.85.


Package fontspec Info: 
(fontspec)             Liberation Mono scale = 0.85.


Package fontspec Info: 
(fontspec)             Liberation Mono scale = 0.85.


Package fontspec Info: 
(fontspec)             Liberation Mono scale = 0.85.


Package fontspec Info: 
(fontspec)             Liberation Mono scale = 0.85.


Package fontspec Info: 
(fontspec)             Liberation Mono scale = 0.85.


Package fontspec Info: 
(fontspec)             Liberation Mono scale = 0.85.


Package fontspec Info: 
(fontspec)             Liberation Mono scale = 0.85.


Underfull \hbox (badness 10000) in paragraph at lines 287--288
[]\TU/LiberationSerif(1)/m/n/10.95 Или запустите \TU/LiberationMono(1)/m/n/10.9
5 ./tools/linux/Invoke-ProjectVRuntimeSmoke.sh \TU/LiberationSerif(1)/m/n/10.95
 (или
 []


Underfull \hbox (badness 10000) in paragraph at lines 287--288
\TU/LiberationMono(1)/m/n/10.95 tools/windows/Invoke-ProjectVRuntimeSmoke.ps1 \
TU/LiberationSerif(1)/m/n/10.95 на Windows) — автоматически
 []


Package fontspec Info: 
(fontspec)             Liberation Mono scale = 0.85.


Package fontspec Info: 
(fontspec)             Liberation Mono scale = 0.85.


Package fontspec Info: 
(fontspec)             Liberation Mono scale = 0.85.


Package fontspec Info: 
(fontspec)             Liberation Mono scale = 0.85.


Package fontspec Info: 
(fontspec)             Liberation Mono scale = 0.85.


Package fontspec Info: 
(fontspec)             Liberation Mono scale = 0.85.


Package fontspec Info: 
(fontspec)             Liberation Mono scale = 0.85.


Package fontspec Info: 
(fontspec)             Liberation Mono scale = 0.85.

[25]

Package fontspec Info: 
(fontspec)             Liberation Mono scale = 0.85.


Package fontspec Info: 
(fontspec)             Liberation Mono scale = 0.85.


Package fontspec Info: 
(fontspec)             Liberation Mono scale = 0.85.


Package fontspec Info: 
(fontspec)             Liberation Mono scale = 0.85.


Package fontspec Info: 
(fontspec)             Liberation Mono scale = 0.85.


Package fontspec Info: 
(fontspec)             Liberation Mono scale = 0.85.


Package fontspec Info: 
(fontspec)             Liberation Mono scale = 0.85.


Package fontspec Info: 
(fontspec)             Liberation Mono scale = 0.85.


Package fontspec Info: 
(fontspec)             Liberation Mono scale = 0.85.


Package fontspec Info: 
(fontspec)             Liberation Mono scale = 0.85.


Package fontspec Info: 
(fontspec)             Liberation Mono scale = 0.85.


Package fontspec Info: 
(fontspec)             Liberation Mono scale = 0.85.


Package fontspec Info: 
(fontspec)             Liberation Mono scale = 0.85.


Package fontspec Info: 
(fontspec)             Liberation Mono scale = 0.85.


Package fontspec Info: 
(fontspec)             Liberation Mono scale = 0.85.


Package fontspec Info: 
(fontspec)             Liberation Mono scale = 0.85.


Underfull \hbox (badness 10000) in paragraph at lines 320--322
[]\TU/LiberationSerif(1)/b/n/10.95 Q9. Как добавить новый пресет сцены? \TU/Lib
erationSerif(1)/m/n/10.95 A: Все пресеты определены в
 []


Underfull \hbox (badness 10000) in paragraph at lines 320--322
\TU/LiberationMono(1)/m/n/10.95 src/voxel/SceneConfig.cpp \TU/LiberationSerif(1
)/m/n/10.95 в \TU/LiberationMono(1)/m/n/10.95 ParseScenePreset()\TU/LiberationS
erif(1)/m/n/10.95 . Чтобы добавить новый: добавьте \TU/LiberationMono(1)/m/n/10
.95 if
 []


Underfull \hbox (badness 1248) in paragraph at lines 320--322
\TU/LiberationMono(1)/m/n/10.95 (text == ”MyNewPreset”) { ... return true; } \T
U/LiberationSerif(1)/m/n/10.95 в эту функцию и соответствующий enum в
 []


Package fontspec Info: 
(fontspec)             Liberation Mono scale = 0.85.


Package fontspec Info: 
(fontspec)             Liberation Mono scale = 0.85.

) [26] (./KT-3.2_Final_Report-frag.tex

Package fontspec Info: 
(fontspec)             Liberation Mono scale = 0.85.


Package fontspec Info: 
(fontspec)             Liberation Mono scale = 0.85.


Package fontspec Info: 
(fontspec)             Liberation Mono scale = 0.85.


Underfull \hbox (badness 10000) in paragraph at lines 33--35
[]\TU/LiberationSerif(1)/m/n/10.95 5 материалов (Air, Glass, Fluid, FloorWhite,
 FloorGray) — см. \TU/LiberationMono(1)/m/n/10.95 VoxelMaterial \TU/LiberationS
erif(1)/m/n/10.95 в
 []


Package fontspec Info: 
(fontspec)             Liberation Mono scale = 0.85.


Underfull \hbox (badness 2119) in paragraph at lines 39--41
[]\TU/LiberationSerif(1)/m/n/10.95 12 ctest suites, ~140 тестов, 100% passing (
см. \TU/LiberationMono(1)/m/n/10.95 docs/KT-2.2_Test_Report.md \TU/LiberationSe
rif(1)/m/n/10.95 §Сводный
 []


Package fontspec Info: 
(fontspec)             Liberation Mono scale = 0.85.


Package fontspec Info: 
(fontspec)             Liberation Mono scale = 0.85.


Package fontspec Info: 
(fontspec)             Liberation Mono scale = 0.85.


Package fontspec Info: 
(fontspec)             Liberation Mono scale = 0.85.


Underfull \hbox (badness 1867) in paragraph at lines 68--69
[]\TU/LiberationSerif(1)/b/n/10.95 Расследование: \TU/LiberationSerif(1)/m/n/10
.95 Jolt \TU/LiberationMono(1)/m/n/10.95 CharacterVirtual \TU/LiberationSerif(1
)/m/n/10.95 имел собственный collision query, независимый от
 []


Underfull \hbox (badness 4036) in paragraph at lines 68--69
\TU/LiberationMono(1)/m/n/10.95 VoxelWorld\TU/LiberationSerif(1)/m/n/10.95 . Дв
е системы могли расходиться: пока \TU/LiberationMono(1)/m/n/10.95 VoxelWorld \T
U/LiberationSerif(1)/m/n/10.95 обновлялся, Jolt продолжал
 []


Package fontspec Info: 
(fontspec)             Liberation Mono scale = 0.85.


Package fontspec Info: 
(fontspec)             Liberation Mono scale = 0.85.


Package fontspec Info: 
(fontspec)             Liberation Mono scale = 0.85.


Package fontspec Info: 
(fontspec)             Liberation Mono scale = 0.85.


Package fontspec Info: 
(fontspec)             Liberation Mono scale = 0.85.


Package fontspec Info: 
(fontspec)             Liberation Mono scale = 0.85.


Underfull \hbox (badness 3780) in paragraph at lines 72--73
[]\TU/LiberationSerif(1)/b/n/10.95 Урок: \TU/LiberationSerif(1)/m/n/10.95 любая
 интеграция нативной C++-библиотеки (Jolt, draco) с собственной моделью
 []

[27

]

Package fontspec Info: 
(fontspec)             Liberation Mono scale = 0.85.


Package fontspec Info: 
(fontspec)             Liberation Mono scale = 0.85.


Package fontspec Info: 
(fontspec)             Liberation Mono scale = 0.85.


Package fontspec Info: 
(fontspec)             Liberation Mono scale = 0.85.


Package fontspec Info: 
(fontspec)             Liberation Mono scale = 0.85.


Package fontspec Info: 
(fontspec)             Liberation Mono scale = 0.85.


Package fontspec Info: 
(fontspec)             Liberation Mono scale = 0.85.


Package fontspec Info: 
(fontspec)             Liberation Mono scale = 0.85.


Underfull \hbox (badness 5741) in paragraph at lines 80--81
[]\TU/LiberationSerif(1)/b/n/10.95 Решение: \TU/LiberationSerif(1)/m/n/10.95 пе
ресобраны все \TU/LiberationMono(1)/m/n/10.95 inline\TU/LiberationSerif(1)/m/n/
10.95 -функции, зависящие от \TU/LiberationMono(1)/m/n/10.95 Vec3\TU/Liberation
Serif(1)/m/n/10.95 , в единый header-only
 []


Package fontspec Info: 
(fontspec)             Liberation Mono scale = 0.85.


Package fontspec Info: 
(fontspec)             Liberation Mono scale = 0.85.


Package fontspec Info: 
(fontspec)             Liberation Mono scale = 0.85.


Package fontspec Info: 
(fontspec)             Liberation Mono scale = 0.85.


Package fontspec Info: 
(fontspec)             Liberation Mono scale = 0.85.


Package fontspec Info: 
(fontspec)             Liberation Mono scale = 0.85.


Package fontspec Info: 
(fontspec)             Liberation Mono scale = 0.85.


Package fontspec Info: 
(fontspec)             Liberation Mono scale = 0.85.


Package fontspec Info: 
(fontspec)             Liberation Mono scale = 0.85.


Package fontspec Info: 
(fontspec)             Liberation Mono scale = 0.85.


Underfull \hbox (badness 7649) in paragraph at lines 96--97
[]\TU/LiberationSerif(1)/b/n/10.95 Команда: \TU/LiberationSerif(1)/m/n/10.95 6 
человек. Координация — через \TU/LiberationMono(1)/m/n/10.95 TODO.md \TU/Libera
tionSerif(1)/m/n/10.95 (чеклисты + roadmap) + \TU/LiberationMono(1)/m/n/10.95 d
ocs/
 []


Package fontspec Info: 
(fontspec)             Liberation Mono scale = 0.85.


Package fontspec Info: 
(fontspec)             Liberation Mono scale = 0.85.


Underfull \hbox (badness 4416) in paragraph at lines 105--107
[]\TU/LiberationSerif(1)/b/n/10.95 Feature branches: \TU/LiberationMono(1)/m/n/
10.95 feature/<name> \TU/LiberationSerif(1)/m/n/10.95 для подзадач; интеграция 
через pull-request review
 []


Package fontspec Info: 
(fontspec)             Liberation Mono scale = 0.85.


Package fontspec Info: 
(fontspec)             Liberation Mono scale = 0.85.


Package fontspec Info: 
(fontspec)             Liberation Mono scale = 0.85.

[28]

Package fontspec Info: 
(fontspec)             Liberation Mono scale = 0.85.


Package fontspec Info: 
(fontspec)             Liberation Mono scale = 0.85.


Underfull \hbox (badness 10000) in paragraph at lines 132--134
[]\TU/LiberationSerif(1)/b/n/10.95 Smoke-тесты должны быть автоматическими \TU/
LiberationSerif(1)/m/n/10.95 — ручной запуск
 []


Underfull \hbox (badness 4181) in paragraph at lines 134--135
[]\TU/LiberationSerif(1)/b/n/10.95 Инкрементальные коммиты экономят время \TU/L
iberationSerif(1)/m/n/10.95 — большие «коммиты-пакеты» трудно
 []


Package fontspec Info: 
(fontspec)             Liberation Mono scale = 0.85.


Package fontspec Info: 
(fontspec)             Liberation Mono scale = 0.85.


Package fontspec Info: 
(fontspec)             Liberation Mono scale = 0.85.


Package fontspec Info: 
(fontspec)             Liberation Mono scale = 0.85.


Underfull \hbox (badness 10000) in paragraph at lines 146--148
[]\TU/LiberationSerif(1)/m/n/10.95 Автоматизировать CI smoke-тесты для runtime 
captures (сейчас ручной запуск
 []


Package fontspec Info: 
(fontspec)             Liberation Mono scale = 0.85.


Package fontspec Info: 
(fontspec)             Liberation Mono scale = 0.85.


Package fontspec Info: 
(fontspec)             Liberation Mono scale = 0.85.


Underfull \hbox (badness 10000) in alignment at lines 169--173
[] [] [] []
 []


Underfull \hbox (badness 10000) in alignment at lines 173--175
[] [] [] []
 []


Underfull \hbox (badness 10000) in alignment at lines 175--182
[] [] [] []
 []

) [29] (.tmp/KT-Combined/KT-Combined.aux)
 ***********
LaTeX2e <2025-11-01>
L3 programming layer <2026-01-19>
 ***********
Package rerunfilecheck Info: File `KT-Combined.out' has not changed.
(rerunfilecheck)             Checksum: D5C736EB82139101EDC6DEE61CBB8246;16105.
 ) 
Here is how much of TeX's memory you used:
 16623 strings out of 470191
 325176 string characters out of 5479698
 828024 words of memory out of 5000000
 44912 multiletter control sequences out of 15000+600000
 633305 words of font info for 131 fonts, out of 8000000 for 9000
 14 hyphenation exceptions out of 8191
 78i,12n,99p,882b,685s stack positions out of 10000i,1000n,20000p,200000b,200000s

Output written on .tmp/KT-Combined/KT-Combined.xdv (29 pages, 512172 bytes).
