strategy,scene,seed,iter,time_ns,count,components,plausibility
A_UniformRandom,uniform_stone,1,0,5000,63,41,0.0000
A_UniformRandom,uniform_stone,1,1,6070,86,44,0.0000
A_UniformRandom,uniform_stone,1,2,5070,68,46,0.0000
A_UniformRandom,uniform_stone,1,3,4650,61,45,0.0000
A_UniformRandom,uniform_stone,1,4,4600,61,43,0.0000
A_UniformRandom,uniform_stone,1,5,4540,62,43,0.0000
A_UniformRandom,uniform_stone,1,6,5460,75,40,0.0000
A_UniformRandom,uniform_stone,1,7,4950,65,38,0.0000
A_UniformRandom,uniform_stone,1,8,5170,68,38,0.0000
A_UniformRandom,uniform_stone,1,9,4290,49,39,0.0000
A_UniformRandom,uniform_stone,1,10,4770,59,38,0.0000
A_UniformRandom,uniform_stone,1,11,4970,65,46,0.0000
A_UniformRandom,uniform_stone,1,12,5490,74,42,0.0000
A_UniformRandom,uniform_stone,1,13,4850,64,44,0.0000
A_UniformRandom,uniform_stone,1,14,4440,55,41,0.0000
A_UniformRandom,uniform_stone,1,15,4580,60,36,0.0000
A_UniformRandom,uniform_stone,1,16,4430,60,47,0.0000
A_UniformRandom,uniform_stone,1,17,4770,65,45,0.0000
A_UniformRandom,uniform_stone,1,18,4220,53,45,0.0000
A_UniformRandom,uniform_stone,1,19,4570,57,42,0.0000
A_UniformRandom,uniform_stone,1,20,4480,59,42,0.0000
A_UniformRandom,uniform_stone,1,21,4770,64,46,0.0000
A_UniformRandom,uniform_stone,1,22,4820,65,44,0.0000
A_UniformRandom,uniform_stone,1,23,5110,75,46,0.0000
A_UniformRandom,uniform_stone,1,24,4370,57,43,0.0000
A_UniformRandom,uniform_stone,1,25,4770,67,49,0.0000
A_UniformRandom,uniform_stone,1,26,4720,64,46,0.0000
A_UniformRandom,uniform_stone,1,27,4770,62,40,0.0000
A_UniformRandom,uniform_stone,1,28,4350,59,47,0.0000
A_UniformRandom,uniform_stone,1,29,4980,70,46,0.0000
A_UniformRandom,uniform_stone,1,30,4750,67,50,0.0000
A_UniformRandom,uniform_stone,1,31,4680,64,44,0.0000
A_UniformRandom,uniform_stone,1,32,3930,43,33,0.0000
A_UniformRandom,uniform_stone,1,33,4820,65,39,0.0000
A_UniformRandom,uniform_stone,1,34,4800,66,46,0.0000
A_UniformRandom,uniform_stone,1,35,5160,75,46,0.0000
A_UniformRandom,uniform_stone,1,36,4960,70,46,0.0000
A_UniformRandom,uniform_stone,1,37,4440,57,41,0.0000
A_UniformRandom,uniform_stone,1,38,4330,55,42,0.0000
A_UniformRandom,uniform_stone,1,39,4140,50,40,0.0000
A_UniformRandom,uniform_stone,1,40,4730,64,44,0.0000
A_UniformRandom,uniform_stone,1,41,4640,60,44,0.0000
A_UniformRandom,uniform_stone,1,42,4680,64,44,0.0000
A_UniformRandom,uniform_stone,1,43,4940,68,41,0.0000
A_UniformRandom,uniform_stone,1,44,4600,62,43,0.0000
A_UniformRandom,uniform_stone,1,45,4880,67,40,0.0000
A_UniformRandom,uniform_stone,1,46,4349,54,42,0.0000
A_UniformRandom,uniform_stone,1,47,4080,49,41,0.0000
A_UniformRandom,uniform_stone,1,48,4320,57,42,0.0000
A_UniformRandom,uniform_stone,1,49,4780,67,42,0.0000
A_UniformRandom,uniform_stone,2,0,4270,55,39,0.0000
A_UniformRandom,uniform_stone,2,1,3950,45,37,0.0000
A_UniformRandom,uniform_stone,2,2,4280,52,39,0.0000
A_UniformRandom,uniform_stone,2,3,4160,51,37,0.0000
A_UniformRandom,uniform_stone,2,4,4720,69,49,0.0000
A_UniformRandom,uniform_stone,2,5,4820,69,43,0.0000
A_UniformRandom,uniform_stone,2,6,4440,60,46,0.0000
A_UniformRandom,uniform_stone,2,7,4600,63,48,0.0000
A_UniformRandom,uniform_stone,2,8,4240,55,39,0.0000
A_UniformRandom,uniform_stone,2,9,4770,70,48,0.0000
A_UniformRandom,uniform_stone,2,10,4110,54,43,0.0000
A_UniformRandom,uniform_stone,2,11,4610,59,33,0.0000
A_UniformRandom,uniform_stone,2,12,4170,51,40,0.0000
A_UniformRandom,uniform_stone,2,13,4560,64,46,0.0000
A_UniformRandom,uniform_stone,2,14,4340,57,43,0.0000
A_UniformRandom,uniform_stone,2,15,4430,59,39,0.0000
A_UniformRandom,uniform_stone,2,16,4310,53,37,0.0000
A_UniformRandom,uniform_stone,2,17,4890,72,54,0.0000
A_UniformRandom,uniform_stone,2,18,4640,59,33,0.0000
A_UniformRandom,uniform_stone,2,19,4230,55,39,0.0000
A_UniformRandom,uniform_stone,2,20,3960,47,34,0.0000
A_UniformRandom,uniform_stone,2,21,4850,66,37,0.0000
A_UniformRandom,uniform_stone,2,22,4520,64,45,0.0000
A_UniformRandom,uniform_stone,2,23,4470,59,41,0.0000
A_UniformRandom,uniform_stone,2,24,4250,56,41,0.0000
A_UniformRandom,uniform_stone,2,25,4140,49,36,0.0000
A_UniformRandom,uniform_stone,2,26,4600,63,46,0.0000
A_UniformRandom,uniform_stone,2,27,4780,66,47,0.0000
A_UniformRandom,uniform_stone,2,28,4300,53,36,0.0000
A_UniformRandom,uniform_stone,2,29,4670,64,43,0.0000
A_UniformRandom,uniform_stone,2,30,4420,62,49,0.0000
A_UniformRandom,uniform_stone,2,31,4280,58,43,0.0000
A_UniformRandom,uniform_stone,2,32,4300,57,38,0.0000
A_UniformRandom,uniform_stone,2,33,4650,66,43,0.0000
A_UniformRandom,uniform_stone,2,34,4560,63,38,0.0000
A_UniformRandom,uniform_stone,2,35,4050,51,41,0.0000
A_UniformRandom,uniform_stone,2,36,4900,67,42,0.0000
A_UniformRandom,uniform_stone,2,37,4370,60,47,0.0000
A_UniformRandom,uniform_stone,2,38,4040,49,37,0.0000
A_UniformRandom,uniform_stone,2,39,4860,68,40,0.0000
A_UniformRandom,uniform_stone,2,40,4020,48,38,0.0000
A_UniformRandom,uniform_stone,2,41,4390,59,43,0.0000
A_UniformRandom,uniform_stone,2,42,4610,66,47,0.0000
A_UniformRandom,uniform_stone,2,43,4380,55,39,0.0000
A_UniformRandom,uniform_stone,2,44,4239,51,34,0.0000
A_UniformRandom,uniform_stone,2,45,4770,67,41,0.0000
A_UniformRandom,uniform_stone,2,46,4800,70,46,0.0000
A_UniformRandom,uniform_stone,2,47,4430,62,44,0.0000
A_UniformRandom,uniform_stone,2,48,4460,61,44,0.0000
A_UniformRandom,uniform_stone,2,49,4800,70,45,0.0000
A_UniformRandom,uniform_stone,3,0,4290,55,36,0.0000
A_UniformRandom,uniform_stone,3,1,4720,68,49,0.0000
A_UniformRandom,uniform_stone,3,2,4620,63,46,0.0000
A_UniformRandom,uniform_stone,3,3,4930,69,37,0.0000
A_UniformRandom,uniform_stone,3,4,4630,64,40,0.0000
A_UniformRandom,uniform_stone,3,5,3810,43,34,0.0000
A_UniformRandom,uniform_stone,3,6,4530,57,36,0.0000
A_UniformRandom,uniform_stone,3,7,4260,57,41,0.0000
A_UniformRandom,uniform_stone,3,8,5120,78,53,0.0000
A_UniformRandom,uniform_stone,3,9,4400,62,51,0.0000
A_UniformRandom,uniform_stone,3,10,4630,63,41,0.0000
A_UniformRandom,uniform_stone,3,11,3920,45,35,0.0000
A_UniformRandom,uniform_stone,3,12,4320,56,35,0.0000
A_UniformRandom,uniform_stone,3,13,5070,79,46,0.0000
A_UniformRandom,uniform_stone,3,14,4160,52,38,0.0000
A_UniformRandom,uniform_stone,3,15,4720,65,42,0.0000
A_UniformRandom,uniform_stone,3,16,3730,39,30,0.0000
A_UniformRandom,uniform_stone,3,17,4020,47,38,0.0000
A_UniformRandom,uniform_stone,3,18,5300,85,51,0.0000
A_UniformRandom,uniform_stone,3,19,4450,59,42,0.0000
A_UniformRandom,uniform_stone,3,20,4640,65,42,0.0000
A_UniformRandom,uniform_stone,3,21,4190,54,42,0.0000
A_UniformRandom,uniform_stone,3,22,4380,59,45,0.0000
A_UniformRandom,uniform_stone,3,23,4100,51,37,0.0000
A_UniformRandom,uniform_stone,3,24,4630,66,42,0.0000
A_UniformRandom,uniform_stone,3,25,4930,76,54,0.0000
A_UniformRandom,uniform_stone,3,26,4280,60,50,0.0000
A_UniformRandom,uniform_stone,3,27,4340,62,47,0.0000
A_UniformRandom,uniform_stone,3,28,4300,58,45,0.0000
A_UniformRandom,uniform_stone,3,29,4420,57,40,0.0000
A_UniformRandom,uniform_stone,3,30,4430,60,48,0.0000
A_UniformRandom,uniform_stone,3,31,4360,61,49,0.0000
A_UniformRandom,uniform_stone,3,32,4570,64,40,0.0000
A_UniformRandom,uniform_stone,3,33,4680,68,49,0.0000
A_UniformRandom,uniform_stone,3,34,3940,48,43,0.0000
A_UniformRandom,uniform_stone,3,35,4870,72,49,0.0000
A_UniformRandom,uniform_stone,3,36,5030,72,42,0.0000
A_UniformRandom,uniform_stone,3,37,4640,67,43,0.0000
A_UniformRandom,uniform_stone,3,38,4170,55,43,0.0000
A_UniformRandom,uniform_stone,3,39,4270,54,35,0.0000
A_UniformRandom,uniform_stone,3,40,4610,64,40,0.0000
A_UniformRandom,uniform_stone,3,41,4920,73,49,0.0000
A_UniformRandom,uniform_stone,3,42,4960,72,48,0.0000
A_UniformRandom,uniform_stone,3,43,4460,57,35,0.0000
A_UniformRandom,uniform_stone,3,44,4449,62,45,0.0000
A_UniformRandom,uniform_stone,3,45,11570,53,41,0.0000
A_UniformRandom,uniform_stone,3,46,5910,75,48,0.0000
A_UniformRandom,uniform_stone,3,47,4460,59,38,0.0000
A_UniformRandom,uniform_stone,3,48,4240,52,33,0.0000
A_UniformRandom,uniform_stone,3,49,4630,67,43,0.0000
A_UniformRandom,uniform_stone,4,0,4210,58,43,0.0000
A_UniformRandom,uniform_stone,4,1,4290,60,47,0.0000
A_UniformRandom,uniform_stone,4,2,4330,61,44,0.0000
A_UniformRandom,uniform_stone,4,3,4290,60,45,0.0000
A_UniformRandom,uniform_stone,4,4,4620,70,54,0.0000
A_UniformRandom,uniform_stone,4,5,4600,60,38,0.0000
A_UniformRandom,uniform_stone,4,6,4550,62,41,0.0000
A_UniformRandom,uniform_stone,4,7,4360,61,48,0.0000
A_UniformRandom,uniform_stone,4,8,4720,68,45,0.0000
A_UniformRandom,uniform_stone,4,9,3960,48,42,0.0000
A_UniformRandom,uniform_stone,4,10,4690,65,41,0.0000
A_UniformRandom,uniform_stone,4,11,4690,65,45,0.0000
A_UniformRandom,uniform_stone,4,12,4220,56,39,0.0000
A_UniformRandom,uniform_stone,4,13,4180,53,37,0.0000
A_UniformRandom,uniform_stone,4,14,4330,56,32,0.0000
A_UniformRandom,uniform_stone,4,15,4370,59,39,0.0000
A_UniformRandom,uniform_stone,4,16,4460,62,42,0.0000
A_UniformRandom,uniform_stone,4,17,4220,56,39,0.0000
A_UniformRandom,uniform_stone,4,18,4300,54,41,0.0000
A_UniformRandom,uniform_stone,4,19,4450,60,39,0.0000
A_UniformRandom,uniform_stone,4,20,4340,56,45,0.0000
A_UniformRandom,uniform_stone,4,21,4420,57,41,0.0000
A_UniformRandom,uniform_stone,4,22,4730,68,45,0.0000
A_UniformRandom,uniform_stone,4,23,4280,52,38,0.0000
A_UniformRandom,uniform_stone,4,24,3960,46,32,0.0000
A_UniformRandom,uniform_stone,4,25,4640,63,38,0.0000
A_UniformRandom,uniform_stone,4,26,4350,55,41,0.0000
A_UniformRandom,uniform_stone,4,27,4460,60,44,0.0000
A_UniformRandom,uniform_stone,4,28,4130,50,34,0.0000
A_UniformRandom,uniform_stone,4,29,4760,68,44,0.0000
A_UniformRandom,uniform_stone,4,30,5540,79,39,0.0000
A_UniformRandom,uniform_stone,4,31,4360,56,38,0.0000
A_UniformRandom,uniform_stone,4,32,4890,70,52,0.0000
A_UniformRandom,uniform_stone,4,33,4480,61,40,0.0000
A_UniformRandom,uniform_stone,4,34,4480,62,46,0.0000
A_UniformRandom,uniform_stone,4,35,4100,49,37,0.0000
A_UniformRandom,uniform_stone,4,36,4060,47,35,0.0000
A_UniformRandom,uniform_stone,4,37,4440,59,47,0.0000
A_UniformRandom,uniform_stone,4,38,4600,65,48,0.0000
A_UniformRandom,uniform_stone,4,39,4700,66,44,0.0000
A_UniformRandom,uniform_stone,4,40,4200,54,38,0.0000
A_UniformRandom,uniform_stone,4,41,4330,55,38,0.0000
A_UniformRandom,uniform_stone,4,42,4880,73,49,0.0000
A_UniformRandom,uniform_stone,4,43,4570,63,41,0.0000
A_UniformRandom,uniform_stone,4,44,4570,62,43,0.0000
A_UniformRandom,uniform_stone,4,45,4510,60,45,0.0000
A_UniformRandom,uniform_stone,4,46,4500,63,50,0.0000
A_UniformRandom,uniform_stone,4,47,3920,45,36,0.0000
A_UniformRandom,uniform_stone,4,48,4480,61,45,0.0000
A_UniformRandom,uniform_stone,4,49,4039,49,39,0.0000
A_UniformRandom,uniform_stone,5,0,4100,50,38,0.0000
A_UniformRandom,uniform_stone,5,1,4660,61,36,0.0000
A_UniformRandom,uniform_stone,5,2,4050,50,40,0.0000
A_UniformRandom,uniform_stone,5,3,4340,57,43,0.0000
A_UniformRandom,uniform_stone,5,4,4300,57,45,0.0000
A_UniformRandom,uniform_stone,5,5,4340,59,45,0.0000
A_UniformRandom,uniform_stone,5,6,4570,66,49,0.0000
A_UniformRandom,uniform_stone,5,7,4420,56,34,0.0000
A_UniformRandom,uniform_stone,5,8,4580,61,40,0.0000
A_UniformRandom,uniform_stone,5,9,4030,49,36,0.0000
A_UniformRandom,uniform_stone,5,10,4310,55,40,0.0000
A_UniformRandom,uniform_stone,5,11,4170,54,43,0.0000
A_UniformRandom,uniform_stone,5,12,4170,55,40,0.0000
A_UniformRandom,uniform_stone,5,13,4280,52,33,0.0000
A_UniformRandom,uniform_stone,5,14,5210,73,36,0.0000
A_UniformRandom,uniform_stone,5,15,4600,60,41,0.0000
A_UniformRandom,uniform_stone,5,16,4530,60,39,0.0000
A_UniformRandom,uniform_stone,5,17,4900,73,48,0.0000
A_UniformRandom,uniform_stone,5,18,4700,63,38,0.0000
A_UniformRandom,uniform_stone,5,19,4690,63,41,0.0000
A_UniformRandom,uniform_stone,5,20,4250,54,38,0.0000
A_UniformRandom,uniform_stone,5,21,4220,53,41,0.0000
A_UniformRandom,uniform_stone,5,22,4370,56,39,0.0000
A_UniformRandom,uniform_stone,5,23,4650,65,47,0.0000
A_UniformRandom,uniform_stone,5,24,4620,64,47,0.0000
A_UniformRandom,uniform_stone,5,25,4190,54,45,0.0000
A_UniformRandom,uniform_stone,5,26,4630,63,35,0.0000
A_UniformRandom,uniform_stone,5,27,4540,62,41,0.0000
A_UniformRandom,uniform_stone,5,28,4370,56,38,0.0000
A_UniformRandom,uniform_stone,5,29,4800,65,36,0.0000
A_UniformRandom,uniform_stone,5,30,4320,57,42,0.0000
A_UniformRandom,uniform_stone,5,31,4410,59,40,0.0000
A_UniformRandom,uniform_stone,5,32,4220,50,34,0.0000
A_UniformRandom,uniform_stone,5,33,4290,56,40,0.0000
A_UniformRandom,uniform_stone,5,34,4820,67,41,0.0000
A_UniformRandom,uniform_stone,5,35,4500,64,50,0.0000
A_UniformRandom,uniform_stone,5,36,4590,63,44,0.0000
A_UniformRandom,uniform_stone,5,37,4120,47,35,0.0000
A_UniformRandom,uniform_stone,5,38,4620,63,42,0.0000
A_UniformRandom,uniform_stone,5,39,4230,56,43,0.0000
A_UniformRandom,uniform_stone,5,40,4670,64,40,0.0000
A_UniformRandom,uniform_stone,5,41,4010,49,42,0.0000
A_UniformRandom,uniform_stone,5,42,4670,66,44,0.0000
A_UniformRandom,uniform_stone,5,43,4740,68,43,0.0000
A_UniformRandom,uniform_stone,5,44,4510,62,42,0.0000
A_UniformRandom,uniform_stone,5,45,4910,69,41,0.0000
A_UniformRandom,uniform_stone,5,46,4170,52,43,0.0000
A_UniformRandom,uniform_stone,5,47,4150,55,47,0.0000
A_UniformRandom,uniform_stone,5,48,4860,71,44,0.0000
A_UniformRandom,uniform_stone,5,49,5110,73,43,0.0000
A_UniformRandom,stratified_3layer,1,0,4690,63,41,0.0000
A_UniformRandom,stratified_3layer,1,1,5650,86,44,0.0000
A_UniformRandom,stratified_3layer,1,2,4750,68,46,0.0000
A_UniformRandom,stratified_3layer,1,3,4410,61,45,0.0000
A_UniformRandom,stratified_3layer,1,4,4440,61,43,0.0000
A_UniformRandom,stratified_3layer,1,5,4460,62,43,0.0000
A_UniformRandom,stratified_3layer,1,6,5180,75,40,0.0000
A_UniformRandom,stratified_3layer,1,7,4720,65,38,0.0000
A_UniformRandom,stratified_3layer,1,8,4890,68,38,0.0000
A_UniformRandom,stratified_3layer,1,9,3990,49,39,0.0000
A_UniformRandom,stratified_3layer,1,10,4410,59,38,0.0000
A_UniformRandom,stratified_3layer,1,11,4760,65,46,0.0000
A_UniformRandom,stratified_3layer,1,12,5130,74,42,0.0000
A_UniformRandom,stratified_3layer,1,13,4600,64,44,0.0000
A_UniformRandom,stratified_3layer,1,14,4210,55,41,0.0000
A_UniformRandom,stratified_3layer,1,15,4460,60,36,0.0000
A_UniformRandom,stratified_3layer,1,16,4340,60,47,0.0000
A_UniformRandom,stratified_3layer,1,17,4650,65,45,0.0000
A_UniformRandom,stratified_3layer,1,18,4180,53,45,0.0000
A_UniformRandom,stratified_3layer,1,19,4420,57,42,0.0000
A_UniformRandom,stratified_3layer,1,20,4390,59,42,0.0000
A_UniformRandom,stratified_3layer,1,21,4570,64,46,0.0000
A_UniformRandom,stratified_3layer,1,22,4660,65,44,0.0000
A_UniformRandom,stratified_3layer,1,23,5080,75,46,0.0000
A_UniformRandom,stratified_3layer,1,24,4270,57,43,0.0000
A_UniformRandom,stratified_3layer,1,25,4730,67,49,0.0000
A_UniformRandom,stratified_3layer,1,26,4510,64,46,0.0000
A_UniformRandom,stratified_3layer,1,27,4600,62,40,0.0000
A_UniformRandom,stratified_3layer,1,28,4370,59,47,0.0000
A_UniformRandom,stratified_3layer,1,29,4820,70,46,0.0000
A_UniformRandom,stratified_3layer,1,30,4700,67,50,0.0000
A_UniformRandom,stratified_3layer,1,31,4600,64,44,0.0000
A_UniformRandom,stratified_3layer,1,32,3880,43,33,0.0000
A_UniformRandom,stratified_3layer,1,33,4680,65,39,0.0000
A_UniformRandom,stratified_3layer,1,34,4650,66,46,0.0000
A_UniformRandom,stratified_3layer,1,35,5030,75,46,0.0000
A_UniformRandom,stratified_3layer,1,36,4770,70,46,0.0000
A_UniformRandom,stratified_3layer,1,37,4350,57,41,0.0000
A_UniformRandom,stratified_3layer,1,38,4320,55,42,0.0000
A_UniformRandom,stratified_3layer,1,39,4070,50,40,0.0000
A_UniformRandom,stratified_3layer,1,40,4570,64,44,0.0000
A_UniformRandom,stratified_3layer,1,41,4450,60,44,0.0000
A_UniformRandom,stratified_3layer,1,42,4610,64,44,0.0000
A_UniformRandom,stratified_3layer,1,43,72579,68,41,0.0000
A_UniformRandom,stratified_3layer,1,44,4770,62,43,0.0000
A_UniformRandom,stratified_3layer,1,45,4790,67,40,0.0000
A_UniformRandom,stratified_3layer,1,46,55180,54,42,0.0000
A_UniformRandom,stratified_3layer,1,47,4350,49,41,0.0000
A_UniformRandom,stratified_3layer,1,48,4530,57,42,0.0000
A_UniformRandom,stratified_3layer,1,49,4940,67,42,0.0000
A_UniformRandom,stratified_3layer,2,0,4310,55,39,0.0000
A_UniformRandom,stratified_3layer,2,1,4040,45,37,0.0000
A_UniformRandom,stratified_3layer,2,2,4290,52,39,0.0000
A_UniformRandom,stratified_3layer,2,3,4200,51,37,0.0000
A_UniformRandom,stratified_3layer,2,4,4790,69,49,0.0000
A_UniformRandom,stratified_3layer,2,5,4870,69,43,0.0000
A_UniformRandom,stratified_3layer,2,6,4390,60,46,0.0000
A_UniformRandom,stratified_3layer,2,7,4580,63,48,0.0000
A_UniformRandom,stratified_3layer,2,8,4320,55,39,0.0000
A_UniformRandom,stratified_3layer,2,9,4750,70,48,0.0000
A_UniformRandom,stratified_3layer,2,10,5790,54,43,0.0000
A_UniformRandom,stratified_3layer,2,11,6030,59,33,0.0000
A_UniformRandom,stratified_3layer,2,12,5230,51,40,0.0000
A_UniformRandom,stratified_3layer,2,13,4580,64,46,0.0000
A_UniformRandom,stratified_3layer,2,14,4370,57,43,0.0000
A_UniformRandom,stratified_3layer,2,15,4450,59,39,0.0000
A_UniformRandom,stratified_3layer,2,16,4290,53,37,0.0000
A_UniformRandom,stratified_3layer,2,17,4880,72,54,0.0000
A_UniformRandom,stratified_3layer,2,18,4600,59,33,0.0000
A_UniformRandom,stratified_3layer,2,19,5650,55,39,0.0000
A_UniformRandom,stratified_3layer,2,20,5330,47,34,0.0000
A_UniformRandom,stratified_3layer,2,21,6499,66,37,0.0000
A_UniformRandom,stratified_3layer,2,22,6040,64,45,0.0000
A_UniformRandom,stratified_3layer,2,23,6250,59,41,0.0000
A_UniformRandom,stratified_3layer,2,24,5600,56,41,0.0000
A_UniformRandom,stratified_3layer,2,25,5540,49,36,0.0000
A_UniformRandom,stratified_3layer,2,26,5690,63,46,0.0000
A_UniformRandom,stratified_3layer,2,27,5990,66,47,0.0000
A_UniformRandom,stratified_3layer,2,28,5690,53,36,0.0000
A_UniformRandom,stratified_3layer,2,29,5940,64,43,0.0000
A_UniformRandom,stratified_3layer,2,30,5620,62,49,0.0000
A_UniformRandom,stratified_3layer,2,31,5720,58,43,0.0000
A_UniformRandom,stratified_3layer,2,32,5850,57,38,0.0000
A_UniformRandom,stratified_3layer,2,33,6210,66,43,0.0000
A_UniformRandom,stratified_3layer,2,34,6020,63,38,0.0000
A_UniformRandom,stratified_3layer,2,35,4080,51,41,0.0000
A_UniformRandom,stratified_3layer,2,36,4830,67,42,0.0000
A_UniformRandom,stratified_3layer,2,37,4340,60,47,0.0000
A_UniformRandom,stratified_3layer,2,38,4030,49,37,0.0000
A_UniformRandom,stratified_3layer,2,39,4760,68,40,0.0000
A_UniformRandom,stratified_3layer,2,40,3980,48,38,0.0000
A_UniformRandom,stratified_3layer,2,41,4330,59,43,0.0000
A_UniformRandom,stratified_3layer,2,42,4540,66,47,0.0000
A_UniformRandom,stratified_3layer,2,43,4250,55,39,0.0000
A_UniformRandom,stratified_3layer,2,44,4190,51,34,0.0000
A_UniformRandom,stratified_3layer,2,45,4740,67,41,0.0000
A_UniformRandom,stratified_3layer,2,46,4770,70,46,0.0000
A_UniformRandom,stratified_3layer,2,47,4440,62,44,0.0000
A_UniformRandom,stratified_3layer,2,48,4390,61,44,0.0000
A_UniformRandom,stratified_3layer,2,49,4680,70,45,0.0000
A_UniformRandom,stratified_3layer,3,0,4380,55,36,0.0000
A_UniformRandom,stratified_3layer,3,1,4730,68,49,0.0000
A_UniformRandom,stratified_3layer,3,2,4550,63,46,0.0000
A_UniformRandom,stratified_3layer,3,3,4940,69,37,0.0000
A_UniformRandom,stratified_3layer,3,4,4550,64,40,0.0000
A_UniformRandom,stratified_3layer,3,5,3860,43,34,0.0000
A_UniformRandom,stratified_3layer,3,6,4480,57,36,0.0000
A_UniformRandom,stratified_3layer,3,7,4270,57,41,0.0000
A_UniformRandom,stratified_3layer,3,8,4940,78,53,0.0000
A_UniformRandom,stratified_3layer,3,9,4380,62,51,0.0000
A_UniformRandom,stratified_3layer,3,10,4560,63,41,0.0000
A_UniformRandom,stratified_3layer,3,11,3870,45,35,0.0000
A_UniformRandom,stratified_3layer,3,12,4330,56,35,0.0000
A_UniformRandom,stratified_3layer,3,13,5060,79,46,0.0000
A_UniformRandom,stratified_3layer,3,14,4190,52,38,0.0000
A_UniformRandom,stratified_3layer,3,15,4660,65,42,0.0000
A_UniformRandom,stratified_3layer,3,16,3770,39,30,0.0000
A_UniformRandom,stratified_3layer,3,17,4000,47,38,0.0000
A_UniformRandom,stratified_3layer,3,18,5320,85,51,0.0000
A_UniformRandom,stratified_3layer,3,19,4420,59,42,0.0000
A_UniformRandom,stratified_3layer,3,20,4580,65,42,0.0000
A_UniformRandom,stratified_3layer,3,21,4150,54,42,0.0000
A_UniformRandom,stratified_3layer,3,22,4320,59,45,0.0000
A_UniformRandom,stratified_3layer,3,23,4060,51,37,0.0000
A_UniformRandom,stratified_3layer,3,24,4610,66,42,0.0000
A_UniformRandom,stratified_3layer,3,25,4820,76,54,0.0000
A_UniformRandom,stratified_3layer,3,26,4250,60,50,0.0000
A_UniformRandom,stratified_3layer,3,27,4360,62,47,0.0000
A_UniformRandom,stratified_3layer,3,28,4330,58,45,0.0000
A_UniformRandom,stratified_3layer,3,29,4360,57,40,0.0000
A_UniformRandom,stratified_3layer,3,30,4360,60,48,0.0000
A_UniformRandom,stratified_3layer,3,31,5810,61,49,0.0000
A_UniformRandom,stratified_3layer,3,32,5910,64,40,0.0000
A_UniformRandom,stratified_3layer,3,33,4660,68,49,0.0000
A_UniformRandom,stratified_3layer,3,34,3920,48,43,0.0000
A_UniformRandom,stratified_3layer,3,35,4870,72,49,0.0000
A_UniformRandom,stratified_3layer,3,36,5000,72,42,0.0000
A_UniformRandom,stratified_3layer,3,37,4620,67,43,0.0000
A_UniformRandom,stratified_3layer,3,38,4170,55,43,0.0000
A_UniformRandom,stratified_3layer,3,39,4290,54,35,0.0000
A_UniformRandom,stratified_3layer,3,40,4600,64,40,0.0000
A_UniformRandom,stratified_3layer,3,41,4900,73,49,0.0000
A_UniformRandom,stratified_3layer,3,42,4940,72,48,0.0000
A_UniformRandom,stratified_3layer,3,43,4310,57,35,0.0000
A_UniformRandom,stratified_3layer,3,44,4370,62,45,0.0000
A_UniformRandom,stratified_3layer,3,45,4150,53,41,0.0000
A_UniformRandom,stratified_3layer,3,46,4950,75,48,0.0000
A_UniformRandom,stratified_3layer,3,47,4500,59,38,0.0000
A_UniformRandom,stratified_3layer,3,48,4210,52,33,0.0000
A_UniformRandom,stratified_3layer,3,49,4560,67,43,0.0000
A_UniformRandom,stratified_3layer,4,0,4199,58,43,0.0000
A_UniformRandom,stratified_3layer,4,1,4290,60,47,0.0000
A_UniformRandom,stratified_3layer,4,2,4380,61,44,0.0000
A_UniformRandom,stratified_3layer,4,3,4250,60,45,0.0000
A_UniformRandom,stratified_3layer,4,4,4610,70,54,0.0000
A_UniformRandom,stratified_3layer,4,5,4470,60,38,0.0000
A_UniformRandom,stratified_3layer,4,6,4500,62,41,0.0000
A_UniformRandom,stratified_3layer,4,7,4320,61,48,0.0000
A_UniformRandom,stratified_3layer,4,8,4650,68,45,0.0000
A_UniformRandom,stratified_3layer,4,9,3890,48,42,0.0000
A_UniformRandom,stratified_3layer,4,10,4660,65,41,0.0000
A_UniformRandom,stratified_3layer,4,11,4670,65,45,0.0000
A_UniformRandom,stratified_3layer,4,12,4240,56,39,0.0000
A_UniformRandom,stratified_3layer,4,13,4130,53,37,0.0000
A_UniformRandom,stratified_3layer,4,14,4280,56,32,0.0000
A_UniformRandom,stratified_3layer,4,15,4340,59,39,0.0000
A_UniformRandom,stratified_3layer,4,16,4400,62,42,0.0000
A_UniformRandom,stratified_3layer,4,17,4270,56,39,0.0000
A_UniformRandom,stratified_3layer,4,18,4220,54,41,0.0000
A_UniformRandom,stratified_3layer,4,19,4330,60,39,0.0000
A_UniformRandom,stratified_3layer,4,20,4270,56,45,0.0000
A_UniformRandom,stratified_3layer,4,21,4640,57,41,0.0000
A_UniformRandom,stratified_3layer,4,22,6120,68,45,0.0000
A_UniformRandom,stratified_3layer,4,23,4270,52,38,0.0000
A_UniformRandom,stratified_3layer,4,24,3950,46,32,0.0000
A_UniformRandom,stratified_3layer,4,25,4550,63,38,0.0000
A_UniformRandom,stratified_3layer,4,26,4110,55,41,0.0000
A_UniformRandom,stratified_3layer,4,27,4310,60,44,0.0000
A_UniformRandom,stratified_3layer,4,28,4050,50,34,0.0000
A_UniformRandom,stratified_3layer,4,29,4700,68,44,0.0000
A_UniformRandom,stratified_3layer,4,30,5350,79,39,0.0000
A_UniformRandom,stratified_3layer,4,31,4290,56,38,0.0000
A_UniformRandom,stratified_3layer,4,32,4710,70,52,0.0000
A_UniformRandom,stratified_3layer,4,33,4360,61,40,0.0000
A_UniformRandom,stratified_3layer,4,34,4420,62,46,0.0000
A_UniformRandom,stratified_3layer,4,35,4010,49,37,0.0000
A_UniformRandom,stratified_3layer,4,36,3950,47,35,0.0000
A_UniformRandom,stratified_3layer,4,37,4310,59,47,0.0000
A_UniformRandom,stratified_3layer,4,38,4520,65,48,0.0000
A_UniformRandom,stratified_3layer,4,39,4550,66,44,0.0000
A_UniformRandom,stratified_3layer,4,40,4230,54,38,0.0000
A_UniformRandom,stratified_3layer,4,41,4250,55,38,0.0000
A_UniformRandom,stratified_3layer,4,42,4760,73,49,0.0000
A_UniformRandom,stratified_3layer,4,43,4500,63,41,0.0000
A_UniformRandom,stratified_3layer,4,44,4490,62,43,0.0000
A_UniformRandom,stratified_3layer,4,45,4400,60,45,0.0000
A_UniformRandom,stratified_3layer,4,46,4430,63,50,0.0000
A_UniformRandom,stratified_3layer,4,47,3860,45,36,0.0000
A_UniformRandom,stratified_3layer,4,48,4400,61,45,0.0000
A_UniformRandom,stratified_3layer,4,49,4020,49,39,0.0000
A_UniformRandom,stratified_3layer,5,0,5450,50,38,0.0000
A_UniformRandom,stratified_3layer,5,1,5360,61,36,0.0000
A_UniformRandom,stratified_3layer,5,2,4010,50,40,0.0000
A_UniformRandom,stratified_3layer,5,3,4290,57,43,0.0000
A_UniformRandom,stratified_3layer,5,4,4120,57,45,0.0000
A_UniformRandom,stratified_3layer,5,5,10620,59,45,0.0000
A_UniformRandom,stratified_3layer,5,6,4520,66,49,0.0000
A_UniformRandom,stratified_3layer,5,7,4300,56,34,0.0000
A_UniformRandom,stratified_3layer,5,8,4530,61,40,0.0000
A_UniformRandom,stratified_3layer,5,9,4000,49,36,0.0000
A_UniformRandom,stratified_3layer,5,10,4230,55,40,0.0000
A_UniformRandom,stratified_3layer,5,11,4110,54,43,0.0000
A_UniformRandom,stratified_3layer,5,12,4150,55,40,0.0000
A_UniformRandom,stratified_3layer,5,13,4270,52,33,0.0000
A_UniformRandom,stratified_3layer,5,14,5020,73,36,0.0000
A_UniformRandom,stratified_3layer,5,15,4500,60,41,0.0000
A_UniformRandom,stratified_3layer,5,16,4490,60,39,0.0000
A_UniformRandom,stratified_3layer,5,17,4800,73,48,0.0000
A_UniformRandom,stratified_3layer,5,18,4590,63,38,0.0000
A_UniformRandom,stratified_3layer,5,19,4550,63,41,0.0000
A_UniformRandom,stratified_3layer,5,20,4160,54,38,0.0000
A_UniformRandom,stratified_3layer,5,21,4150,53,41,0.0000
A_UniformRandom,stratified_3layer,5,22,4290,56,39,0.0000
A_UniformRandom,stratified_3layer,5,23,4570,65,47,0.0000
A_UniformRandom,stratified_3layer,5,24,4500,64,47,0.0000
A_UniformRandom,stratified_3layer,5,25,4150,54,45,0.0000
A_UniformRandom,stratified_3layer,5,26,4500,63,35,0.0000
A_UniformRandom,stratified_3layer,5,27,4430,62,41,0.0000
A_UniformRandom,stratified_3layer,5,28,4250,56,38,0.0000
A_UniformRandom,stratified_3layer,5,29,5520,65,36,0.0000
A_UniformRandom,stratified_3layer,5,30,5760,57,42,0.0000
A_UniformRandom,stratified_3layer,5,31,6000,59,40,0.0000
A_UniformRandom,stratified_3layer,5,32,5430,50,34,0.0000
A_UniformRandom,stratified_3layer,5,33,5650,56,40,0.0000
A_UniformRandom,stratified_3layer,5,34,5960,67,41,0.0000
A_UniformRandom,stratified_3layer,5,35,5790,64,50,0.0000
A_UniformRandom,stratified_3layer,5,36,5920,63,44,0.0000
A_UniformRandom,stratified_3layer,5,37,5340,47,35,0.0000
A_UniformRandom,stratified_3layer,5,38,5770,63,42,0.0000
A_UniformRandom,stratified_3layer,5,39,5620,56,43,0.0000
A_UniformRandom,stratified_3layer,5,40,6100,64,40,0.0000
A_UniformRandom,stratified_3layer,5,41,5220,49,42,0.0000
A_UniformRandom,stratified_3layer,5,42,6040,66,44,0.0000
A_UniformRandom,stratified_3layer,5,43,5950,68,43,0.0000
A_UniformRandom,stratified_3layer,5,44,5799,62,42,0.0000
A_UniformRandom,stratified_3layer,5,45,5530,69,41,0.0000
A_UniformRandom,stratified_3layer,5,46,4100,52,43,0.0000
A_UniformRandom,stratified_3layer,5,47,4080,55,47,0.0000
A_UniformRandom,stratified_3layer,5,48,4780,71,44,0.0000
A_UniformRandom,stratified_3layer,5,49,4980,73,43,0.0000
A_UniformRandom,granite_pegmatite,1,0,4600,63,41,0.0000
A_UniformRandom,granite_pegmatite,1,1,5530,86,44,0.0000
A_UniformRandom,granite_pegmatite,1,2,4730,68,46,0.0000
A_UniformRandom,granite_pegmatite,1,3,4330,61,45,0.0000
A_UniformRandom,granite_pegmatite,1,4,4330,61,43,0.0000
A_UniformRandom,granite_pegmatite,1,5,4370,62,43,0.0000
A_UniformRandom,granite_pegmatite,1,6,5050,75,40,0.0000
A_UniformRandom,granite_pegmatite,1,7,4590,65,38,0.0000
A_UniformRandom,granite_pegmatite,1,8,4770,68,38,0.0000
A_UniformRandom,granite_pegmatite,1,9,3940,49,39,0.0000
A_UniformRandom,granite_pegmatite,1,10,4360,59,38,0.0000
A_UniformRandom,granite_pegmatite,1,11,4670,65,46,0.0000
A_UniformRandom,granite_pegmatite,1,12,4950,74,42,0.0000
A_UniformRandom,granite_pegmatite,1,13,4510,64,44,0.0000
A_UniformRandom,granite_pegmatite,1,14,4170,55,41,0.0000
A_UniformRandom,granite_pegmatite,1,15,4390,60,36,0.0000
A_UniformRandom,granite_pegmatite,1,16,4360,60,47,0.0000
A_UniformRandom,granite_pegmatite,1,17,4590,65,45,0.0000
A_UniformRandom,granite_pegmatite,1,18,4130,53,45,0.0000
A_UniformRandom,granite_pegmatite,1,19,4370,57,42,0.0000
A_UniformRandom,granite_pegmatite,1,20,4320,59,42,0.0000
A_UniformRandom,granite_pegmatite,1,21,4520,64,46,0.0000
A_UniformRandom,granite_pegmatite,1,22,4620,65,44,0.0000
A_UniformRandom,granite_pegmatite,1,23,4960,75,46,0.0000
A_UniformRandom,granite_pegmatite,1,24,4290,57,43,0.0000
A_UniformRandom,granite_pegmatite,1,25,6060,67,49,0.0000
A_UniformRandom,granite_pegmatite,1,26,5580,64,46,0.0000
A_UniformRandom,granite_pegmatite,1,27,4600,62,40,0.0000
A_UniformRandom,granite_pegmatite,1,28,4300,59,47,0.0000
A_UniformRandom,granite_pegmatite,1,29,4799,70,46,0.0000
A_UniformRandom,granite_pegmatite,1,30,4640,67,50,0.0000
A_UniformRandom,granite_pegmatite,1,31,4490,64,44,0.0000
A_UniformRandom,granite_pegmatite,1,32,3830,43,33,0.0000
A_UniformRandom,granite_pegmatite,1,33,4580,65,39,0.0000
A_UniformRandom,granite_pegmatite,1,34,4610,66,46,0.0000
A_UniformRandom,granite_pegmatite,1,35,4950,75,46,0.0000
A_UniformRandom,granite_pegmatite,1,36,4740,70,46,0.0000
A_UniformRandom,granite_pegmatite,1,37,4260,57,41,0.0000
A_UniformRandom,granite_pegmatite,1,38,4190,55,42,0.0000
A_UniformRandom,granite_pegmatite,1,39,4060,50,40,0.0000
A_UniformRandom,granite_pegmatite,1,40,4550,64,44,0.0000
A_UniformRandom,granite_pegmatite,1,41,4360,60,44,0.0000
A_UniformRandom,granite_pegmatite,1,42,4550,64,44,0.0000
A_UniformRandom,granite_pegmatite,1,43,4750,68,41,0.0000
A_UniformRandom,granite_pegmatite,1,44,4450,62,43,0.0000
A_UniformRandom,granite_pegmatite,1,45,4650,67,40,0.0000
A_UniformRandom,granite_pegmatite,1,46,4140,54,42,0.0000
A_UniformRandom,granite_pegmatite,1,47,4060,49,41,0.0000
A_UniformRandom,granite_pegmatite,1,48,4250,57,42,0.0000
A_UniformRandom,granite_pegmatite,1,49,4630,67,42,0.0000
A_UniformRandom,granite_pegmatite,2,0,4200,55,39,0.0000
A_UniformRandom,granite_pegmatite,2,1,3910,45,37,0.0000
A_UniformRandom,granite_pegmatite,2,2,4130,52,39,0.0000
A_UniformRandom,granite_pegmatite,2,3,4100,51,37,0.0000
A_UniformRandom,granite_pegmatite,2,4,4660,69,49,0.0000
A_UniformRandom,granite_pegmatite,2,5,4730,69,43,0.0000
A_UniformRandom,granite_pegmatite,2,6,4270,60,46,0.0000
A_UniformRandom,granite_pegmatite,2,7,4530,63,48,0.0000
A_UniformRandom,granite_pegmatite,2,8,4150,55,39,0.0000
A_UniformRandom,granite_pegmatite,2,9,4650,70,48,0.0000
A_UniformRandom,granite_pegmatite,2,10,4000,54,43,0.0000
A_UniformRandom,granite_pegmatite,2,11,4590,59,33,0.0000
A_UniformRandom,granite_pegmatite,2,12,4100,51,40,0.0000
A_UniformRandom,granite_pegmatite,2,13,4490,64,46,0.0000
A_UniformRandom,granite_pegmatite,2,14,4220,57,43,0.0000
A_UniformRandom,granite_pegmatite,2,15,4390,59,39,0.0000
A_UniformRandom,granite_pegmatite,2,16,4180,53,37,0.0000
A_UniformRandom,granite_pegmatite,2,17,4760,72,54,0.0000
A_UniformRandom,granite_pegmatite,2,18,4540,59,33,0.0000
A_UniformRandom,granite_pegmatite,2,19,4130,55,39,0.0000
A_UniformRandom,granite_pegmatite,2,20,3910,47,34,0.0000
A_UniformRandom,granite_pegmatite,2,21,6259,66,37,0.0000
A_UniformRandom,granite_pegmatite,2,22,5340,64,45,0.0000
A_UniformRandom,granite_pegmatite,2,23,5830,59,41,0.0000
A_UniformRandom,granite_pegmatite,2,24,5600,56,41,0.0000
A_UniformRandom,granite_pegmatite,2,25,4830,49,36,0.0000
A_UniformRandom,granite_pegmatite,2,26,4490,63,46,0.0000
A_UniformRandom,granite_pegmatite,2,27,4560,66,47,0.0000
A_UniformRandom,granite_pegmatite,2,28,4120,53,36,0.0000
A_UniformRandom,granite_pegmatite,2,29,4520,64,43,0.0000
A_UniformRandom,granite_pegmatite,2,30,4310,62,49,0.0000
A_UniformRandom,granite_pegmatite,2,31,4300,58,43,0.0000
A_UniformRandom,granite_pegmatite,2,32,4280,57,38,0.0000
A_UniformRandom,granite_pegmatite,2,33,4610,66,43,0.0000
A_UniformRandom,granite_pegmatite,2,34,4980,63,38,0.0000
A_UniformRandom,granite_pegmatite,2,35,5300,51,41,0.0000
A_UniformRandom,granite_pegmatite,2,36,6060,67,42,0.0000
A_UniformRandom,granite_pegmatite,2,37,5310,60,47,0.0000
A_UniformRandom,granite_pegmatite,2,38,5020,49,37,0.0000
A_UniformRandom,granite_pegmatite,2,39,5660,68,40,0.0000
A_UniformRandom,granite_pegmatite,2,40,5140,48,38,0.0000
A_UniformRandom,granite_pegmatite,2,41,5260,59,43,0.0000
A_UniformRandom,granite_pegmatite,2,42,5550,66,47,0.0000
A_UniformRandom,granite_pegmatite,2,43,5590,55,39,0.0000
A_UniformRandom,granite_pegmatite,2,44,5620,51,34,0.0000
A_UniformRandom,granite_pegmatite,2,45,6000,67,41,0.0000
A_UniformRandom,granite_pegmatite,2,46,6190,70,46,0.0000
A_UniformRandom,granite_pegmatite,2,47,5890,62,44,0.0000
A_UniformRandom,granite_pegmatite,2,48,5990,61,44,0.0000
A_UniformRandom,granite_pegmatite,2,49,6160,70,45,0.0000
A_UniformRandom,granite_pegmatite,3,0,4280,55,36,0.0000
A_UniformRandom,granite_pegmatite,3,1,4590,68,49,0.0000
A_UniformRandom,granite_pegmatite,3,2,4560,63,46,0.0000
A_UniformRandom,granite_pegmatite,3,3,11899,69,37,0.0000
A_UniformRandom,granite_pegmatite,3,4,4630,64,40,0.0000
A_UniformRandom,granite_pegmatite,3,5,3780,43,34,0.0000
A_UniformRandom,granite_pegmatite,3,6,4500,57,36,0.0000
A_UniformRandom,granite_pegmatite,3,7,4290,57,41,0.0000
A_UniformRandom,granite_pegmatite,3,8,4950,78,53,0.0000
A_UniformRandom,granite_pegmatite,3,9,4380,62,51,0.0000
A_UniformRandom,granite_pegmatite,3,10,4560,63,41,0.0000
A_UniformRandom,granite_pegmatite,3,11,3910,45,35,0.0000
A_UniformRandom,granite_pegmatite,3,12,4290,56,35,0.0000
A_UniformRandom,granite_pegmatite,3,13,5080,79,46,0.0000
A_UniformRandom,granite_pegmatite,3,14,4180,52,38,0.0000
A_UniformRandom,granite_pegmatite,3,15,4890,65,42,0.0000
A_UniformRandom,granite_pegmatite,3,16,5080,39,30,0.0000
A_UniformRandom,granite_pegmatite,3,17,4980,47,38,0.0000
A_UniformRandom,granite_pegmatite,3,18,6040,85,51,0.0000
A_UniformRandom,granite_pegmatite,3,19,5270,59,42,0.0000
A_UniformRandom,granite_pegmatite,3,20,5730,65,42,0.0000
A_UniformRandom,granite_pegmatite,3,21,5330,54,42,0.0000
A_UniformRandom,granite_pegmatite,3,22,5320,59,45,0.0000
A_UniformRandom,granite_pegmatite,3,23,5310,51,37,0.0000
A_UniformRandom,granite_pegmatite,3,24,5650,66,42,0.0000
A_UniformRandom,granite_pegmatite,3,25,6150,76,54,0.0000
A_UniformRandom,granite_pegmatite,3,26,5220,60,50,0.0000
A_UniformRandom,granite_pegmatite,3,27,5410,62,47,0.0000
A_UniformRandom,granite_pegmatite,3,28,5600,58,45,0.0000
A_UniformRandom,granite_pegmatite,3,29,5260,57,40,0.0000
A_UniformRandom,granite_pegmatite,3,30,5390,60,48,0.0000
A_UniformRandom,granite_pegmatite,3,31,5450,61,49,0.0000
A_UniformRandom,granite_pegmatite,3,32,5820,64,40,0.0000
A_UniformRandom,granite_pegmatite,3,33,6000,68,49,0.0000
A_UniformRandom,granite_pegmatite,3,34,5260,48,43,0.0000
A_UniformRandom,granite_pegmatite,3,35,6080,72,49,0.0000
A_UniformRandom,granite_pegmatite,3,36,6180,72,42,0.0000
A_UniformRandom,granite_pegmatite,3,37,6230,67,43,0.0000
A_UniformRandom,granite_pegmatite,3,38,5410,55,43,0.0000
A_UniformRandom,granite_pegmatite,3,39,5680,54,35,0.0000
A_UniformRandom,granite_pegmatite,3,40,5940,64,40,0.0000
A_UniformRandom,granite_pegmatite,3,41,6200,73,49,0.0000
A_UniformRandom,granite_pegmatite,3,42,5790,72,48,0.0000
A_UniformRandom,granite_pegmatite,3,43,5140,57,35,0.0000
A_UniformRandom,granite_pegmatite,3,44,5290,62,45,0.0000
A_UniformRandom,granite_pegmatite,3,45,5200,53,41,0.0000
A_UniformRandom,granite_pegmatite,3,46,6050,75,48,0.0000
A_UniformRandom,granite_pegmatite,3,47,5729,59,38,0.0000
A_UniformRandom,granite_pegmatite,3,48,5020,52,33,0.0000
A_UniformRandom,granite_pegmatite,3,49,6040,67,43,0.0000
A_UniformRandom,granite_pegmatite,4,0,4230,58,43,0.0000
A_UniformRandom,granite_pegmatite,4,1,4280,60,47,0.0000
A_UniformRandom,granite_pegmatite,4,2,4420,61,44,0.0000
A_UniformRandom,granite_pegmatite,4,3,4360,60,45,0.0000
A_UniformRandom,granite_pegmatite,4,4,4700,70,54,0.0000
A_UniformRandom,granite_pegmatite,4,5,4550,60,38,0.0000
A_UniformRandom,granite_pegmatite,4,6,4560,62,41,0.0000
A_UniformRandom,granite_pegmatite,4,7,4400,61,48,0.0000
A_UniformRandom,granite_pegmatite,4,8,4690,68,45,0.0000
A_UniformRandom,granite_pegmatite,4,9,3980,48,42,0.0000
A_UniformRandom,granite_pegmatite,4,10,4670,65,41,0.0000
A_UniformRandom,granite_pegmatite,4,11,4650,65,45,0.0000
A_UniformRandom,granite_pegmatite,4,12,4280,56,39,0.0000
A_UniformRandom,granite_pegmatite,4,13,4200,53,37,0.0000
A_UniformRandom,granite_pegmatite,4,14,4380,56,32,0.0000
A_UniformRandom,granite_pegmatite,4,15,4330,59,39,0.0000
A_UniformRandom,granite_pegmatite,4,16,4540,62,42,0.0000
A_UniformRandom,granite_pegmatite,4,17,4270,56,39,0.0000
A_UniformRandom,granite_pegmatite,4,18,4320,54,41,0.0000
A_UniformRandom,granite_pegmatite,4,19,4360,60,39,0.0000
A_UniformRandom,granite_pegmatite,4,20,4280,56,45,0.0000
A_UniformRandom,granite_pegmatite,4,21,4400,57,41,0.0000
A_UniformRandom,granite_pegmatite,4,22,4670,68,45,0.0000
A_UniformRandom,granite_pegmatite,4,23,4200,52,38,0.0000
A_UniformRandom,granite_pegmatite,4,24,3960,46,32,0.0000
A_UniformRandom,granite_pegmatite,4,25,4610,63,38,0.0000
A_UniformRandom,granite_pegmatite,4,26,4190,55,41,0.0000
A_UniformRandom,granite_pegmatite,4,27,4420,60,44,0.0000
A_UniformRandom,granite_pegmatite,4,28,4040,50,34,0.0000
A_UniformRandom,granite_pegmatite,4,29,4700,68,44,0.0000
A_UniformRandom,granite_pegmatite,4,30,5320,79,39,0.0000
A_UniformRandom,granite_pegmatite,4,31,4290,56,38,0.0000
A_UniformRandom,granite_pegmatite,4,32,4760,70,52,0.0000
A_UniformRandom,granite_pegmatite,4,33,4530,61,40,0.0000
A_UniformRandom,granite_pegmatite,4,34,4460,62,46,0.0000
A_UniformRandom,granite_pegmatite,4,35,4120,49,37,0.0000
A_UniformRandom,granite_pegmatite,4,36,4029,47,35,0.0000
A_UniformRandom,granite_pegmatite,4,37,4360,59,47,0.0000
A_UniformRandom,granite_pegmatite,4,38,4540,65,48,0.0000
A_UniformRandom,granite_pegmatite,4,39,4670,66,44,0.0000
A_UniformRandom,granite_pegmatite,4,40,4140,54,38,0.0000
A_UniformRandom,granite_pegmatite,4,41,4260,55,38,0.0000
A_UniformRandom,granite_pegmatite,4,42,4860,73,49,0.0000
A_UniformRandom,granite_pegmatite,4,43,4490,63,41,0.0000
A_UniformRandom,granite_pegmatite,4,44,4510,62,43,0.0000
A_UniformRandom,granite_pegmatite,4,45,4380,60,45,0.0000
A_UniformRandom,granite_pegmatite,4,46,4470,63,50,0.0000
A_UniformRandom,granite_pegmatite,4,47,3900,45,36,0.0000
A_UniformRandom,granite_pegmatite,4,48,4410,61,45,0.0000
A_UniformRandom,granite_pegmatite,4,49,4060,49,39,0.0000
A_UniformRandom,granite_pegmatite,5,0,4110,50,38,0.0000
A_UniformRandom,granite_pegmatite,5,1,4600,61,36,0.0000
A_UniformRandom,granite_pegmatite,5,2,4020,50,40,0.0000
A_UniformRandom,granite_pegmatite,5,3,4390,57,43,0.0000
A_UniformRandom,granite_pegmatite,5,4,4200,57,45,0.0000
A_UniformRandom,granite_pegmatite,5,5,4300,59,45,0.0000
A_UniformRandom,granite_pegmatite,5,6,4540,66,49,0.0000
A_UniformRandom,granite_pegmatite,5,7,4390,56,34,0.0000
A_UniformRandom,granite_pegmatite,5,8,4550,61,40,0.0000
A_UniformRandom,granite_pegmatite,5,9,4030,49,36,0.0000
A_UniformRandom,granite_pegmatite,5,10,4270,55,40,0.0000
A_UniformRandom,granite_pegmatite,5,11,4150,54,43,0.0000
A_UniformRandom,granite_pegmatite,5,12,4110,55,40,0.0000
A_UniformRandom,granite_pegmatite,5,13,4190,52,33,0.0000
A_UniformRandom,granite_pegmatite,5,14,5150,73,36,0.0000
A_UniformRandom,granite_pegmatite,5,15,4520,60,41,0.0000
A_UniformRandom,granite_pegmatite,5,16,4420,60,39,0.0000
A_UniformRandom,granite_pegmatite,5,17,4880,73,48,0.0000
A_UniformRandom,granite_pegmatite,5,18,4660,63,38,0.0000
A_UniformRandom,granite_pegmatite,5,19,6150,63,41,0.0000
A_UniformRandom,granite_pegmatite,5,20,5640,54,38,0.0000
A_UniformRandom,granite_pegmatite,5,21,5440,53,41,0.0000
A_UniformRandom,granite_pegmatite,5,22,5770,56,39,0.0000
A_UniformRandom,granite_pegmatite,5,23,5960,65,47,0.0000
A_UniformRandom,granite_pegmatite,5,24,5910,64,47,0.0000
A_UniformRandom,granite_pegmatite,5,25,5580,54,45,0.0000
A_UniformRandom,granite_pegmatite,5,26,6130,63,35,0.0000
A_UniformRandom,granite_pegmatite,5,27,6059,62,41,0.0000
A_UniformRandom,granite_pegmatite,5,28,5760,56,38,0.0000
A_UniformRandom,granite_pegmatite,5,29,6300,65,36,0.0000
A_UniformRandom,granite_pegmatite,5,30,5780,57,42,0.0000
A_UniformRandom,granite_pegmatite,5,31,5860,59,40,0.0000
A_UniformRandom,granite_pegmatite,5,32,5630,50,34,0.0000
A_UniformRandom,granite_pegmatite,5,33,5850,56,40,0.0000
A_UniformRandom,granite_pegmatite,5,34,5550,67,41,0.0000
A_UniformRandom,granite_pegmatite,5,35,4470,64,50,0.0000
A_UniformRandom,granite_pegmatite,5,36,4530,63,44,0.0000
A_UniformRandom,granite_pegmatite,5,37,4110,47,35,0.0000
A_UniformRandom,granite_pegmatite,5,38,4660,63,42,0.0000
A_UniformRandom,granite_pegmatite,5,39,4250,56,43,0.0000
A_UniformRandom,granite_pegmatite,5,40,4660,64,40,0.0000
A_UniformRandom,granite_pegmatite,5,41,4000,49,42,0.0000
A_UniformRandom,granite_pegmatite,5,42,4630,66,44,0.0000
A_UniformRandom,granite_pegmatite,5,43,4750,68,43,0.0000
A_UniformRandom,granite_pegmatite,5,44,4470,62,42,0.0000
A_UniformRandom,granite_pegmatite,5,45,4790,69,41,0.0000
A_UniformRandom,granite_pegmatite,5,46,4130,52,43,0.0000
A_UniformRandom,granite_pegmatite,5,47,4050,55,47,0.0000
A_UniformRandom,granite_pegmatite,5,48,4780,71,44,0.0000
A_UniformRandom,granite_pegmatite,5,49,5080,73,43,0.0000
A_UniformRandom,folded_metamorphic,1,0,6280,63,41,0.0000
A_UniformRandom,folded_metamorphic,1,1,6020,86,44,0.0000
A_UniformRandom,folded_metamorphic,1,2,4650,68,46,0.0000
A_UniformRandom,folded_metamorphic,1,3,5439,61,45,0.0000
A_UniformRandom,folded_metamorphic,1,4,5290,61,43,0.0000
A_UniformRandom,folded_metamorphic,1,5,4420,62,43,0.0000
A_UniformRandom,folded_metamorphic,1,6,5130,75,40,0.0000
A_UniformRandom,folded_metamorphic,1,7,4610,65,38,0.0000
A_UniformRandom,folded_metamorphic,1,8,4810,68,38,0.0000
A_UniformRandom,folded_metamorphic,1,9,4000,49,39,0.0000
A_UniformRandom,folded_metamorphic,1,10,4390,59,38,0.0000
A_UniformRandom,folded_metamorphic,1,11,4630,65,46,0.0000
A_UniformRandom,folded_metamorphic,1,12,5080,74,42,0.0000
A_UniformRandom,folded_metamorphic,1,13,4510,64,44,0.0000
A_UniformRandom,folded_metamorphic,1,14,4190,55,41,0.0000
A_UniformRandom,folded_metamorphic,1,15,4760,60,36,0.0000
A_UniformRandom,folded_metamorphic,1,16,5580,60,47,0.0000
A_UniformRandom,folded_metamorphic,1,17,5590,65,45,0.0000
A_UniformRandom,folded_metamorphic,1,18,4950,53,45,0.0000
A_UniformRandom,folded_metamorphic,1,19,5330,57,42,0.0000
A_UniformRandom,folded_metamorphic,1,20,5580,59,42,0.0000
A_UniformRandom,folded_metamorphic,1,21,6060,64,46,0.0000
A_UniformRandom,folded_metamorphic,1,22,5990,65,44,0.0000
A_UniformRandom,folded_metamorphic,1,23,6510,75,46,0.0000
A_UniformRandom,folded_metamorphic,1,24,5610,57,43,0.0000
A_UniformRandom,folded_metamorphic,1,25,4760,67,49,0.0000
A_UniformRandom,folded_metamorphic,1,26,4880,64,46,0.0000
A_UniformRandom,folded_metamorphic,1,27,4830,62,40,0.0000
A_UniformRandom,folded_metamorphic,1,28,4520,59,47,0.0000
A_UniformRandom,folded_metamorphic,1,29,4810,70,46,0.0000
A_UniformRandom,folded_metamorphic,1,30,4820,67,50,0.0000
A_UniformRandom,folded_metamorphic,1,31,4730,64,44,0.0000
A_UniformRandom,folded_metamorphic,1,32,4130,43,33,0.0000
A_UniformRandom,folded_metamorphic,1,33,4870,65,39,0.0000
A_UniformRandom,folded_metamorphic,1,34,4850,66,46,0.0000
A_UniformRandom,folded_metamorphic,1,35,5010,75,46,0.0000
A_UniformRandom,folded_metamorphic,1,36,4600,70,46,0.0000
A_UniformRandom,folded_metamorphic,1,37,4290,57,41,0.0000
A_UniformRandom,folded_metamorphic,1,38,3390,55,42,0.0000
A_UniformRandom,folded_metamorphic,1,39,3230,50,40,0.0000
A_UniformRandom,folded_metamorphic,1,40,3670,64,44,0.0000
A_UniformRandom,folded_metamorphic,1,41,3550,60,44,0.0000
A_UniformRandom,folded_metamorphic,1,42,3780,64,44,0.0000
A_UniformRandom,folded_metamorphic,1,43,3820,68,41,0.0000
A_UniformRandom,folded_metamorphic,1,44,3640,62,43,0.0000
A_UniformRandom,folded_metamorphic,1,45,3860,67,40,0.0000
A_UniformRandom,folded_metamorphic,1,46,3380,54,42,0.0000
A_UniformRandom,folded_metamorphic,1,47,3290,49,41,0.0000
A_UniformRandom,folded_metamorphic,1,48,3430,57,42,0.0000
A_UniformRandom,folded_metamorphic,1,49,3810,67,42,0.0000
A_UniformRandom,folded_metamorphic,2,0,3400,55,39,0.0000
A_UniformRandom,folded_metamorphic,2,1,3170,45,37,0.0000
A_UniformRandom,folded_metamorphic,2,2,3360,52,39,0.0000
A_UniformRandom,folded_metamorphic,2,3,3310,51,37,0.0000
A_UniformRandom,folded_metamorphic,2,4,3780,69,49,0.0000
A_UniformRandom,folded_metamorphic,2,5,3850,69,43,0.0000
A_UniformRandom,folded_metamorphic,2,6,3490,60,46,0.0000
A_UniformRandom,folded_metamorphic,2,7,3630,63,48,0.0000
A_UniformRandom,folded_metamorphic,2,8,3370,55,39,0.0000
A_UniformRandom,folded_metamorphic,2,9,3800,70,48,0.0000
A_UniformRandom,folded_metamorphic,2,10,3280,54,43,0.0000
A_UniformRandom,folded_metamorphic,2,11,3650,59,33,0.0000
A_UniformRandom,folded_metamorphic,2,12,3320,51,40,0.0000
A_UniformRandom,folded_metamorphic,2,13,3610,64,46,0.0000
A_UniformRandom,folded_metamorphic,2,14,3400,57,43,0.0000
A_UniformRandom,folded_metamorphic,2,15,3500,59,39,0.0000
A_UniformRandom,folded_metamorphic,2,16,3370,53,37,0.0000
A_UniformRandom,folded_metamorphic,2,17,3910,72,54,0.0000
A_UniformRandom,folded_metamorphic,2,18,3680,59,33,0.0000
A_UniformRandom,folded_metamorphic,2,19,3350,55,39,0.0000
A_UniformRandom,folded_metamorphic,2,20,3170,47,34,0.0000
A_UniformRandom,folded_metamorphic,2,21,3810,66,37,0.0000
A_UniformRandom,folded_metamorphic,2,22,3640,64,45,0.0000
A_UniformRandom,folded_metamorphic,2,23,3550,59,41,0.0000
A_UniformRandom,folded_metamorphic,2,24,3380,56,41,0.0000
A_UniformRandom,folded_metamorphic,2,25,4430,49,36,0.0000
A_UniformRandom,folded_metamorphic,2,26,4690,63,46,0.0000
A_UniformRandom,folded_metamorphic,2,27,4680,66,47,0.0000
A_UniformRandom,folded_metamorphic,2,28,4200,53,36,0.0000
A_UniformRandom,folded_metamorphic,2,29,4550,64,43,0.0000
A_UniformRandom,folded_metamorphic,2,30,4430,62,49,0.0000
A_UniformRandom,folded_metamorphic,2,31,4240,58,43,0.0000
A_UniformRandom,folded_metamorphic,2,32,4080,57,38,0.0000
A_UniformRandom,folded_metamorphic,2,33,4530,66,43,0.0000
A_UniformRandom,folded_metamorphic,2,34,4310,63,38,0.0000
A_UniformRandom,folded_metamorphic,2,35,4140,51,41,0.0000
A_UniformRandom,folded_metamorphic,2,36,4910,67,42,0.0000
A_UniformRandom,folded_metamorphic,2,37,4470,60,47,0.0000
A_UniformRandom,folded_metamorphic,2,38,4270,49,37,0.0000
A_UniformRandom,folded_metamorphic,2,39,5100,68,40,0.0000
A_UniformRandom,folded_metamorphic,2,40,4200,48,38,0.0000
A_UniformRandom,folded_metamorphic,2,41,4590,59,43,0.0000
A_UniformRandom,folded_metamorphic,2,42,4760,66,47,0.0000
A_UniformRandom,folded_metamorphic,2,43,4660,55,39,0.0000
A_UniformRandom,folded_metamorphic,2,44,4530,51,34,0.0000
A_UniformRandom,folded_metamorphic,2,45,5000,67,41,0.0000
A_UniformRandom,folded_metamorphic,2,46,4980,70,46,0.0000
A_UniformRandom,folded_metamorphic,2,47,4740,62,44,0.0000
A_UniformRandom,folded_metamorphic,2,48,4690,61,44,0.0000
A_UniformRandom,folded_metamorphic,2,49,4920,70,45,0.0000
A_UniformRandom,folded_metamorphic,3,0,3510,55,36,0.0000
A_UniformRandom,folded_metamorphic,3,1,3820,68,49,0.0000
A_UniformRandom,folded_metamorphic,3,2,3660,63,46,0.0000
A_UniformRandom,folded_metamorphic,3,3,3940,69,37,0.0000
A_UniformRandom,folded_metamorphic,3,4,3700,64,40,0.0000
A_UniformRandom,folded_metamorphic,3,5,3050,43,34,0.0000
A_UniformRandom,folded_metamorphic,3,6,3650,57,36,0.0000
A_UniformRandom,folded_metamorphic,3,7,3390,57,41,0.0000
A_UniformRandom,folded_metamorphic,3,8,4020,78,53,0.0000
A_UniformRandom,folded_metamorphic,3,9,3510,62,51,0.0000
A_UniformRandom,folded_metamorphic,3,10,3720,63,41,0.0000
A_UniformRandom,folded_metamorphic,3,11,3110,45,35,0.0000
A_UniformRandom,folded_metamorphic,3,12,3450,56,35,0.0000
A_UniformRandom,folded_metamorphic,3,13,4060,79,46,0.0000
A_UniformRandom,folded_metamorphic,3,14,3320,52,38,0.0000
A_UniformRandom,folded_metamorphic,3,15,3740,65,42,0.0000
A_UniformRandom,folded_metamorphic,3,16,3010,39,30,0.0000
A_UniformRandom,folded_metamorphic,3,17,3210,47,38,0.0000
A_UniformRandom,folded_metamorphic,3,18,4270,85,51,0.0000
A_UniformRandom,folded_metamorphic,3,19,3540,59,42,0.0000
A_UniformRandom,folded_metamorphic,3,20,3670,65,42,0.0000
A_UniformRandom,folded_metamorphic,3,21,3360,54,42,0.0000
A_UniformRandom,folded_metamorphic,3,22,3480,59,45,0.0000
A_UniformRandom,folded_metamorphic,3,23,3220,51,37,0.0000
A_UniformRandom,folded_metamorphic,3,24,3700,66,42,0.0000
A_UniformRandom,folded_metamorphic,3,25,3990,76,54,0.0000
A_UniformRandom,folded_metamorphic,3,26,3460,60,50,0.0000
A_UniformRandom,folded_metamorphic,3,27,3490,62,47,0.0000
A_UniformRandom,folded_metamorphic,3,28,3450,58,45,0.0000
A_UniformRandom,folded_metamorphic,3,29,3510,57,40,0.0000
A_UniformRandom,folded_metamorphic,3,30,3570,60,48,0.0000
A_UniformRandom,folded_metamorphic,3,31,3510,61,49,0.0000
A_UniformRandom,folded_metamorphic,3,32,3670,64,40,0.0000
A_UniformRandom,folded_metamorphic,3,33,3730,68,49,0.0000
A_UniformRandom,folded_metamorphic,3,34,3150,48,43,0.0000
A_UniformRandom,folded_metamorphic,3,35,3890,72,49,0.0000
A_UniformRandom,folded_metamorphic,3,36,3990,72,42,0.0000
A_UniformRandom,folded_metamorphic,3,37,3780,67,43,0.0000
A_UniformRandom,folded_metamorphic,3,38,3310,55,43,0.0000
A_UniformRandom,folded_metamorphic,3,39,3400,54,35,0.0000
A_UniformRandom,folded_metamorphic,3,40,3660,64,40,0.0000
A_UniformRandom,folded_metamorphic,3,41,3930,73,49,0.0000
A_UniformRandom,folded_metamorphic,3,42,4000,72,48,0.0000
A_UniformRandom,folded_metamorphic,3,43,3500,57,35,0.0000
A_UniformRandom,folded_metamorphic,3,44,3540,62,45,0.0000
A_UniformRandom,folded_metamorphic,3,45,3300,53,41,0.0000
A_UniformRandom,folded_metamorphic,3,46,3940,75,48,0.0000
A_UniformRandom,folded_metamorphic,3,47,3500,59,38,0.0000
A_UniformRandom,folded_metamorphic,3,48,3350,52,33,0.0000
A_UniformRandom,folded_metamorphic,3,49,3690,67,43,0.0000
A_UniformRandom,folded_metamorphic,4,0,4450,58,43,0.0000
A_UniformRandom,folded_metamorphic,4,1,4610,60,47,0.0000
A_UniformRandom,folded_metamorphic,4,2,4700,61,44,0.0000
A_UniformRandom,folded_metamorphic,4,3,4590,60,45,0.0000
A_UniformRandom,folded_metamorphic,4,4,4780,70,54,0.0000
A_UniformRandom,folded_metamorphic,4,5,4800,60,38,0.0000
A_UniformRandom,folded_metamorphic,4,6,4780,62,41,0.0000
A_UniformRandom,folded_metamorphic,4,7,4590,61,48,0.0000
A_UniformRandom,folded_metamorphic,4,8,4860,68,45,0.0000
A_UniformRandom,folded_metamorphic,4,9,4220,48,42,0.0000
A_UniformRandom,folded_metamorphic,4,10,4950,65,41,0.0000
A_UniformRandom,folded_metamorphic,4,11,4870,65,45,0.0000
A_UniformRandom,folded_metamorphic,4,12,4570,56,39,0.0000
A_UniformRandom,folded_metamorphic,4,13,4070,53,37,0.0000
A_UniformRandom,folded_metamorphic,4,14,4690,56,32,0.0000
A_UniformRandom,folded_metamorphic,4,15,4600,59,39,0.0000
A_UniformRandom,folded_metamorphic,4,16,4810,62,42,0.0000
A_UniformRandom,folded_metamorphic,4,17,4640,56,39,0.0000
A_UniformRandom,folded_metamorphic,4,18,3690,54,41,0.0000
A_UniformRandom,folded_metamorphic,4,19,3490,60,39,0.0000
A_UniformRandom,folded_metamorphic,4,20,3410,56,45,0.0000
A_UniformRandom,folded_metamorphic,4,21,3450,57,41,0.0000
A_UniformRandom,folded_metamorphic,4,22,3720,68,45,0.0000
A_UniformRandom,folded_metamorphic,4,23,3320,52,38,0.0000
A_UniformRandom,folded_metamorphic,4,24,3130,46,32,0.0000
A_UniformRandom,folded_metamorphic,4,25,3630,63,38,0.0000
A_UniformRandom,folded_metamorphic,4,26,3380,55,41,0.0000
A_UniformRandom,folded_metamorphic,4,27,3510,60,44,0.0000
A_UniformRandom,folded_metamorphic,4,28,3260,50,34,0.0000
A_UniformRandom,folded_metamorphic,4,29,3760,68,44,0.0000
A_UniformRandom,folded_metamorphic,4,30,4240,79,39,0.0000
A_UniformRandom,folded_metamorphic,4,31,9990,56,38,0.0000
A_UniformRandom,folded_metamorphic,4,32,3810,70,52,0.0000
A_UniformRandom,folded_metamorphic,4,33,3560,61,40,0.0000
A_UniformRandom,folded_metamorphic,4,34,3600,62,46,0.0000
A_UniformRandom,folded_metamorphic,4,35,3290,49,37,0.0000
A_UniformRandom,folded_metamorphic,4,36,3220,47,35,0.0000
A_UniformRandom,folded_metamorphic,4,37,3480,59,47,0.0000
A_UniformRandom,folded_metamorphic,4,38,3660,65,48,0.0000
A_UniformRandom,folded_metamorphic,4,39,3700,66,44,0.0000
A_UniformRandom,folded_metamorphic,4,40,3320,54,38,0.0000
A_UniformRandom,folded_metamorphic,4,41,3410,55,38,0.0000
A_UniformRandom,folded_metamorphic,4,42,3880,73,49,0.0000
A_UniformRandom,folded_metamorphic,4,43,3590,63,41,0.0000
A_UniformRandom,folded_metamorphic,4,44,3640,62,43,0.0000
A_UniformRandom,folded_metamorphic,4,45,3560,60,45,0.0000
A_UniformRandom,folded_metamorphic,4,46,3610,63,50,0.0000
A_UniformRandom,folded_metamorphic,4,47,3090,45,36,0.0000
A_UniformRandom,folded_metamorphic,4,48,3520,61,45,0.0000
A_UniformRandom,folded_metamorphic,4,49,3240,49,39,0.0000
A_UniformRandom,folded_metamorphic,5,0,3260,50,38,0.0000
A_UniformRandom,folded_metamorphic,5,1,3660,61,36,0.0000
A_UniformRandom,folded_metamorphic,5,2,3250,50,40,0.0000
A_UniformRandom,folded_metamorphic,5,3,3430,57,43,0.0000
A_UniformRandom,folded_metamorphic,5,4,3400,57,45,0.0000
A_UniformRandom,folded_metamorphic,5,5,3450,59,45,0.0000
A_UniformRandom,folded_metamorphic,5,6,3600,66,49,0.0000
A_UniformRandom,folded_metamorphic,5,7,3470,56,34,0.0000
A_UniformRandom,folded_metamorphic,5,8,3620,61,40,0.0000
A_UniformRandom,folded_metamorphic,5,9,3270,49,36,0.0000
A_UniformRandom,folded_metamorphic,5,10,3470,55,40,0.0000
A_UniformRandom,folded_metamorphic,5,11,3270,54,43,0.0000
A_UniformRandom,folded_metamorphic,5,12,3300,55,40,0.0000
A_UniformRandom,folded_metamorphic,5,13,3370,52,33,0.0000
A_UniformRandom,folded_metamorphic,5,14,4040,73,36,0.0000
A_UniformRandom,folded_metamorphic,5,15,3600,60,41,0.0000
A_UniformRandom,folded_metamorphic,5,16,3560,60,39,0.0000
A_UniformRandom,folded_metamorphic,5,17,3900,73,48,0.0000
A_UniformRandom,folded_metamorphic,5,18,3670,63,38,0.0000
A_UniformRandom,folded_metamorphic,5,19,3720,63,41,0.0000
A_UniformRandom,folded_metamorphic,5,20,3370,54,38,0.0000
A_UniformRandom,folded_metamorphic,5,21,3340,53,41,0.0000
A_UniformRandom,folded_metamorphic,5,22,3480,56,39,0.0000
A_UniformRandom,folded_metamorphic,5,23,3670,65,47,0.0000
A_UniformRandom,folded_metamorphic,5,24,3640,64,47,0.0000
A_UniformRandom,folded_metamorphic,5,25,3340,54,45,0.0000
A_UniformRandom,folded_metamorphic,5,26,3730,63,35,0.0000
A_UniformRandom,folded_metamorphic,5,27,3620,62,41,0.0000
A_UniformRandom,folded_metamorphic,5,28,3430,56,38,0.0000
A_UniformRandom,folded_metamorphic,5,29,3830,65,36,0.0000
A_UniformRandom,folded_metamorphic,5,30,3430,57,42,0.0000
A_UniformRandom,folded_metamorphic,5,31,3480,59,40,0.0000
A_UniformRandom,folded_metamorphic,5,32,3330,50,34,0.0000
A_UniformRandom,folded_metamorphic,5,33,3450,56,40,0.0000
A_UniformRandom,folded_metamorphic,5,34,3770,67,41,0.0000
A_UniformRandom,folded_metamorphic,5,35,3590,64,50,0.0000
A_UniformRandom,folded_metamorphic,5,36,3650,63,44,0.0000
A_UniformRandom,folded_metamorphic,5,37,3300,47,35,0.0000
A_UniformRandom,folded_metamorphic,5,38,3580,63,42,0.0000
A_UniformRandom,folded_metamorphic,5,39,3360,56,43,0.0000
A_UniformRandom,folded_metamorphic,5,40,3690,64,40,0.0000
A_UniformRandom,folded_metamorphic,5,41,3230,49,42,0.0000
A_UniformRandom,folded_metamorphic,5,42,3640,66,44,0.0000
A_UniformRandom,folded_metamorphic,5,43,3760,68,43,0.0000
A_UniformRandom,folded_metamorphic,5,44,3590,62,42,0.0000
A_UniformRandom,folded_metamorphic,5,45,3870,69,41,0.0000
A_UniformRandom,folded_metamorphic,5,46,3350,52,43,0.0000
A_UniformRandom,folded_metamorphic,5,47,3300,55,47,0.0000
A_UniformRandom,folded_metamorphic,5,48,3900,71,44,0.0000
A_UniformRandom,folded_metamorphic,5,49,4000,73,43,0.0000
A_UniformRandom,volcanic_complex,1,0,2360,18,16,0.0000
A_UniformRandom,volcanic_complex,1,1,2390,20,16,0.0000
A_UniformRandom,volcanic_complex,1,2,2320,22,21,0.0000
A_UniformRandom,volcanic_complex,1,3,2280,19,17,0.0000
A_UniformRandom,volcanic_complex,1,4,2310,21,19,0.0000
A_UniformRandom,volcanic_complex,1,5,2100,15,14,0.0000
A_UniformRandom,volcanic_complex,1,6,2490,27,18,0.0000
A_UniformRandom,volcanic_complex,1,7,2300,21,16,0.0000
A_UniformRandom,volcanic_complex,1,8,2370,24,17,0.0000
A_UniformRandom,volcanic_complex,1,9,1920,11,11,0.0000
A_UniformRandom,volcanic_complex,1,10,2170,17,16,0.0000
A_UniformRandom,volcanic_complex,1,11,2180,19,14,0.0000
A_UniformRandom,volcanic_complex,1,12,2470,28,22,0.0000
A_UniformRandom,volcanic_complex,1,13,2070,17,14,0.0000
A_UniformRandom,volcanic_complex,1,14,2200,20,16,0.0000
A_UniformRandom,volcanic_complex,1,15,2100,16,13,0.0000
A_UniformRandom,volcanic_complex,1,16,2220,18,16,0.0000
A_UniformRandom,volcanic_complex,1,17,1970,13,11,0.0000
A_UniformRandom,volcanic_complex,1,18,2090,17,17,0.0000
A_UniformRandom,volcanic_complex,1,19,2120,18,17,0.0000
A_UniformRandom,volcanic_complex,1,20,2270,24,21,0.0000
A_UniformRandom,volcanic_complex,1,21,2050,15,10,0.0000
A_UniformRandom,volcanic_complex,1,22,2290,22,19,0.0000
A_UniformRandom,volcanic_complex,1,23,2300,25,22,0.0000
A_UniformRandom,volcanic_complex,1,24,2130,17,14,0.0000
A_UniformRandom,volcanic_complex,1,25,2000,14,13,0.0000
A_UniformRandom,volcanic_complex,1,26,2040,16,13,0.0000
A_UniformRandom,volcanic_complex,1,27,2090,18,16,0.0000
A_UniformRandom,volcanic_complex,1,28,2160,19,14,0.0000
A_UniformRandom,volcanic_complex,1,29,2310,26,19,0.0000
A_UniformRandom,volcanic_complex,1,30,2200,22,18,0.0000
A_UniformRandom,volcanic_complex,1,31,2090,17,15,0.0000
A_UniformRandom,volcanic_complex,1,32,2050,16,15,0.0000
A_UniformRandom,volcanic_complex,1,33,2880,20,18,0.0000
A_UniformRandom,volcanic_complex,1,34,2800,18,15,0.0000
A_UniformRandom,volcanic_complex,1,35,2770,16,14,0.0000
A_UniformRandom,volcanic_complex,1,36,2910,23,20,0.0000
A_UniformRandom,volcanic_complex,1,37,2590,13,12,0.0000
A_UniformRandom,volcanic_complex,1,38,2840,19,17,0.0000
A_UniformRandom,volcanic_complex,1,39,2150,14,12,0.0000
A_UniformRandom,volcanic_complex,1,40,2060,20,20,0.0000
A_UniformRandom,volcanic_complex,1,41,1950,12,12,0.0000
A_UniformRandom,volcanic_complex,1,42,2200,22,15,0.0000
A_UniformRandom,volcanic_complex,1,43,2240,24,20,0.0000
A_UniformRandom,volcanic_complex,1,44,2030,15,10,0.0000
A_UniformRandom,volcanic_complex,1,45,2130,22,21,0.0000
A_UniformRandom,volcanic_complex,1,46,2060,15,11,0.0000
A_UniformRandom,volcanic_complex,1,47,1790,8,7,0.0000
A_UniformRandom,volcanic_complex,1,48,2190,22,15,0.0000
A_UniformRandom,volcanic_complex,1,49,1970,18,16,0.0000
A_UniformRandom,volcanic_complex,2,0,1950,14,14,0.0000
A_UniformRandom,volcanic_complex,2,1,1940,13,11,0.0000
A_UniformRandom,volcanic_complex,2,2,1880,13,13,0.0000
A_UniformRandom,volcanic_complex,2,3,2090,19,15,0.0000
A_UniformRandom,volcanic_complex,2,4,2190,23,19,0.0000
A_UniformRandom,volcanic_complex,2,5,2050,15,10,0.0000
A_UniformRandom,volcanic_complex,2,6,1970,14,14,0.0000
A_UniformRandom,volcanic_complex,2,7,1970,16,16,0.0000
A_UniformRandom,volcanic_complex,2,8,2080,20,17,0.0000
A_UniformRandom,volcanic_complex,2,9,2260,23,12,0.0000
A_UniformRandom,volcanic_complex,2,10,1950,15,13,0.0000
A_UniformRandom,volcanic_complex,2,11,2040,17,15,0.0000
A_UniformRandom,volcanic_complex,2,12,2050,15,15,0.0000
A_UniformRandom,volcanic_complex,2,13,2140,20,17,0.0000
A_UniformRandom,volcanic_complex,2,14,1900,14,13,0.0000
A_UniformRandom,volcanic_complex,2,15,2010,14,10,0.0000
A_UniformRandom,volcanic_complex,2,16,1820,10,10,0.0000
A_UniformRandom,volcanic_complex,2,17,2390,27,16,0.0000
A_UniformRandom,volcanic_complex,2,18,2020,18,16,0.0000
A_UniformRandom,volcanic_complex,2,19,2140,20,16,0.0000
A_UniformRandom,volcanic_complex,2,20,2050,18,14,0.0000
A_UniformRandom,volcanic_complex,2,21,2170,23,19,0.0000
A_UniformRandom,volcanic_complex,2,22,2040,17,15,0.0000
A_UniformRandom,volcanic_complex,2,23,1929,16,15,0.0000
A_UniformRandom,volcanic_complex,2,24,1950,15,14,0.0000
A_UniformRandom,volcanic_complex,2,25,1980,14,11,0.0000
A_UniformRandom,volcanic_complex,2,26,2100,19,15,0.0000
A_UniformRandom,volcanic_complex,2,27,2160,22,19,0.0000
A_UniformRandom,volcanic_complex,2,28,1870,13,12,0.0000
A_UniformRandom,volcanic_complex,2,29,2100,21,16,0.0000
A_UniformRandom,volcanic_complex,2,30,2080,17,17,0.0000
A_UniformRandom,volcanic_complex,2,31,2040,18,16,0.0000
A_UniformRandom,volcanic_complex,2,32,2060,17,13,0.0000
A_UniformRandom,volcanic_complex,2,33,2110,21,15,0.0000
A_UniformRandom,volcanic_complex,2,34,2000,17,15,0.0000
A_UniformRandom,volcanic_complex,2,35,1930,14,10,0.0000
A_UniformRandom,volcanic_complex,2,36,2160,21,16,0.0000
A_UniformRandom,volcanic_complex,2,37,1940,14,12,0.0000
A_UniformRandom,volcanic_complex,2,38,1780,9,8,0.0000
A_UniformRandom,volcanic_complex,2,39,2300,25,18,0.0000
A_UniformRandom,volcanic_complex,2,40,1930,15,14,0.0000
A_UniformRandom,volcanic_complex,2,41,2020,18,17,0.0000
A_UniformRandom,volcanic_complex,2,42,2000,17,15,0.0000
A_UniformRandom,volcanic_complex,2,43,1880,12,11,0.0000
A_UniformRandom,volcanic_complex,2,44,2000,18,18,0.0000
A_UniformRandom,volcanic_complex,2,45,2070,20,15,0.0000
A_UniformRandom,volcanic_complex,2,46,2160,22,18,0.0000
A_UniformRandom,volcanic_complex,2,47,2130,20,17,0.0000
A_UniformRandom,volcanic_complex,2,48,2060,20,16,0.0000
A_UniformRandom,volcanic_complex,2,49,2110,21,17,0.0000
A_UniformRandom,volcanic_complex,3,0,2020,18,16,0.0000
A_UniformRandom,volcanic_complex,3,1,2030,17,14,0.0000
A_UniformRandom,volcanic_complex,3,2,2140,23,19,0.0000
A_UniformRandom,volcanic_complex,3,3,2000,18,17,0.0000
A_UniformRandom,volcanic_complex,3,4,1980,18,14,0.0000
A_UniformRandom,volcanic_complex,3,5,1890,14,14,0.0000
A_UniformRandom,volcanic_complex,3,6,2140,21,17,0.0000
A_UniformRandom,volcanic_complex,3,7,1940,15,12,0.0000
A_UniformRandom,volcanic_complex,3,8,1960,15,13,0.0000
A_UniformRandom,volcanic_complex,3,9,1880,12,12,0.0000
A_UniformRandom,volcanic_complex,3,10,1940,17,16,0.0000
A_UniformRandom,volcanic_complex,3,11,2130,20,13,0.0000
A_UniformRandom,volcanic_complex,3,12,1970,16,13,0.0000
A_UniformRandom,volcanic_complex,3,13,2140,22,17,0.0000
A_UniformRandom,volcanic_complex,3,14,2050,17,13,0.0000
A_UniformRandom,volcanic_complex,3,15,2210,23,16,0.0000
A_UniformRandom,volcanic_complex,3,16,1800,11,10,0.0000
A_UniformRandom,volcanic_complex,3,17,1990,17,15,0.0000
A_UniformRandom,volcanic_complex,3,18,2340,28,19,0.0000
A_UniformRandom,volcanic_complex,3,19,1990,16,14,0.0000
A_UniformRandom,volcanic_complex,3,20,2260,26,19,0.0000
A_UniformRandom,volcanic_complex,3,21,1940,16,11,0.0000
A_UniformRandom,volcanic_complex,3,22,2120,21,19,0.0000
A_UniformRandom,volcanic_complex,3,23,2080,18,13,0.0000
A_UniformRandom,volcanic_complex,3,24,2030,17,15,0.0000
A_UniformRandom,volcanic_complex,3,25,1970,17,17,0.0000
A_UniformRandom,volcanic_complex,3,26,2080,21,17,0.0000
A_UniformRandom,volcanic_complex,3,27,2200,23,20,0.0000
A_UniformRandom,volcanic_complex,3,28,1850,13,12,0.0000
A_UniformRandom,volcanic_complex,3,29,2140,21,16,0.0000
A_UniformRandom,volcanic_complex,3,30,2050,17,14,0.0000
A_UniformRandom,volcanic_complex,3,31,2030,19,18,0.0000
A_UniformRandom,volcanic_complex,3,32,1890,14,14,0.0000
A_UniformRandom,volcanic_complex,3,33,2000,18,15,0.0000
A_UniformRandom,volcanic_complex,3,34,2050,19,18,0.0000
A_UniformRandom,volcanic_complex,3,35,2000,18,15,0.0000
A_UniformRandom,volcanic_complex,3,36,2300,27,18,0.0000
A_UniformRandom,volcanic_complex,3,37,2070,21,20,0.0000
A_UniformRandom,volcanic_complex,3,38,1990,17,15,0.0000
A_UniformRandom,volcanic_complex,3,39,1970,13,12,0.0000
A_UniformRandom,volcanic_complex,3,40,1900,13,10,0.0000
A_UniformRandom,volcanic_complex,3,41,2150,22,17,0.0000
A_UniformRandom,volcanic_complex,3,42,2140,22,17,0.0000
A_UniformRandom,volcanic_complex,3,43,2040,16,10,0.0000
A_UniformRandom,volcanic_complex,3,44,1860,12,11,0.0000
A_UniformRandom,volcanic_complex,3,45,1950,16,14,0.0000
A_UniformRandom,volcanic_complex,3,46,2220,25,16,0.0000
A_UniformRandom,volcanic_complex,3,47,2120,20,18,0.0000
A_UniformRandom,volcanic_complex,3,48,1950,14,12,0.0000
A_UniformRandom,volcanic_complex,3,49,2190,24,18,0.0000
A_UniformRandom,volcanic_complex,4,0,2150,22,12,0.0000
A_UniformRandom,volcanic_complex,4,1,2060,18,16,0.0000
A_UniformRandom,volcanic_complex,4,2,1910,15,15,0.0000
A_UniformRandom,volcanic_complex,4,3,2020,17,15,0.0000
A_UniformRandom,volcanic_complex,4,4,2080,19,15,0.0000
A_UniformRandom,volcanic_complex,4,5,2060,19,15,0.0000
A_UniformRandom,volcanic_complex,4,6,1900,15,15,0.0000
A_UniformRandom,volcanic_complex,4,7,2050,20,15,0.0000
A_UniformRandom,volcanic_complex,4,8,2020,18,18,0.0000
A_UniformRandom,volcanic_complex,4,9,1950,14,14,0.0000
A_UniformRandom,volcanic_complex,4,10,2000,19,16,0.0000
A_UniformRandom,volcanic_complex,4,11,2160,23,17,0.0000
A_UniformRandom,volcanic_complex,4,12,2060,19,16,0.0000
A_UniformRandom,volcanic_complex,4,13,1900,13,12,0.0000
A_UniformRandom,volcanic_complex,4,14,2040,16,12,0.0000
A_UniformRandom,volcanic_complex,4,15,2100,21,15,0.0000
A_UniformRandom,volcanic_complex,4,16,2020,20,17,0.0000
A_UniformRandom,volcanic_complex,4,17,1860,14,14,0.0000
A_UniformRandom,volcanic_complex,4,18,1910,13,11,0.0000
A_UniformRandom,volcanic_complex,4,19,2090,20,18,0.0000
A_UniformRandom,volcanic_complex,4,20,2110,19,14,0.0000
A_UniformRandom,volcanic_complex,4,21,2030,16,13,0.0000
A_UniformRandom,volcanic_complex,4,22,2050,20,16,0.0000
A_UniformRandom,volcanic_complex,4,23,1940,13,12,0.0000
A_UniformRandom,volcanic_complex,4,24,1850,12,11,0.0000
A_UniformRandom,volcanic_complex,4,25,1940,15,14,0.0000
A_UniformRandom,volcanic_complex,4,26,2160,21,14,0.0000
A_UniformRandom,volcanic_complex,4,27,1920,13,12,0.0000
A_UniformRandom,volcanic_complex,4,28,1980,19,17,0.0000
A_UniformRandom,volcanic_complex,4,29,2050,18,12,0.0000
A_UniformRandom,volcanic_complex,4,30,2350,27,17,0.0000
A_UniformRandom,volcanic_complex,4,31,2010,17,14,0.0000
A_UniformRandom,volcanic_complex,4,32,2110,23,23,0.0000
A_UniformRandom,volcanic_complex,4,33,1960,14,14,0.0000
A_UniformRandom,volcanic_complex,4,34,2310,25,19,0.0000
A_UniformRandom,volcanic_complex,4,35,1750,7,5,0.0000
A_UniformRandom,volcanic_complex,4,36,2090,21,15,0.0000
A_UniformRandom,volcanic_complex,4,37,2100,20,16,0.0000
A_UniformRandom,volcanic_complex,4,38,2070,21,14,0.0000
A_UniformRandom,volcanic_complex,4,39,2140,21,17,0.0000
A_UniformRandom,volcanic_complex,4,40,1870,12,11,0.0000
A_UniformRandom,volcanic_complex,4,41,2060,18,15,0.0000
A_UniformRandom,volcanic_complex,4,42,2000,16,11,0.0000
A_UniformRandom,volcanic_complex,4,43,2120,17,12,0.0000
A_UniformRandom,volcanic_complex,4,44,2080,22,18,0.0000
A_UniformRandom,volcanic_complex,4,45,2090,21,15,0.0000
A_UniformRandom,volcanic_complex,4,46,6870,20,15,0.0000
A_UniformRandom,volcanic_complex,4,47,2580,13,12,0.0000
A_UniformRandom,volcanic_complex,4,48,2790,21,18,0.0000
A_UniformRandom,volcanic_complex,4,49,1930,16,14,0.0000
A_UniformRandom,volcanic_complex,5,0,1890,14,14,0.0000
A_UniformRandom,volcanic_complex,5,1,1920,16,13,0.0000
A_UniformRandom,volcanic_complex,5,2,1830,11,11,0.0000
A_UniformRandom,volcanic_complex,5,3,1860,13,11,0.0000
A_UniformRandom,volcanic_complex,5,4,2050,20,16,0.0000
A_UniformRandom,volcanic_complex,5,5,1960,16,15,0.0000
A_UniformRandom,volcanic_complex,5,6,2130,22,17,0.0000
A_UniformRandom,volcanic_complex,5,7,1990,16,13,0.0000
A_UniformRandom,volcanic_complex,5,8,1850,13,11,0.0000
A_UniformRandom,volcanic_complex,5,9,1820,12,12,0.0000
A_UniformRandom,volcanic_complex,5,10,2120,22,17,0.0000
A_UniformRandom,volcanic_complex,5,11,1840,13,13,0.0000
A_UniformRandom,volcanic_complex,5,12,1920,18,18,0.0000
A_UniformRandom,volcanic_complex,5,13,1910,16,15,0.0000
A_UniformRandom,volcanic_complex,5,14,2270,27,19,0.0000
A_UniformRandom,volcanic_complex,5,15,2060,20,18,0.0000
A_UniformRandom,volcanic_complex,5,16,2000,18,17,0.0000
A_UniformRandom,volcanic_complex,5,17,2130,24,17,0.0000
A_UniformRandom,volcanic_complex,5,18,1880,14,13,0.0000
A_UniformRandom,volcanic_complex,5,19,1920,17,16,0.0000
A_UniformRandom,volcanic_complex,5,20,1990,15,14,0.0000
A_UniformRandom,volcanic_complex,5,21,1890,14,12,0.0000
A_UniformRandom,volcanic_complex,5,22,1900,15,13,0.0000
A_UniformRandom,volcanic_complex,5,23,2090,19,14,0.0000
A_UniformRandom,volcanic_complex,5,24,2150,21,16,0.0000
A_UniformRandom,volcanic_complex,5,25,2040,18,14,0.0000
A_UniformRandom,volcanic_complex,5,26,2090,20,14,0.0000
A_UniformRandom,volcanic_complex,5,27,2010,14,10,0.0000
A_UniformRandom,volcanic_complex,5,28,1900,15,14,0.0000
A_UniformRandom,volcanic_complex,5,29,2020,16,12,0.0000
A_UniformRandom,volcanic_complex,5,30,1850,13,12,0.0000
A_UniformRandom,volcanic_complex,5,31,2130,21,15,0.0000
A_UniformRandom,volcanic_complex,5,32,1960,14,10,0.0000
A_UniformRandom,volcanic_complex,5,33,2070,21,18,0.0000
A_UniformRandom,volcanic_complex,5,34,1980,18,18,0.0000
A_UniformRandom,volcanic_complex,5,35,2100,20,17,0.0000
A_UniformRandom,volcanic_complex,5,36,2090,20,14,0.0000
A_UniformRandom,volcanic_complex,5,37,1930,16,14,0.0000
A_UniformRandom,volcanic_complex,5,38,2010,19,16,0.0000
A_UniformRandom,volcanic_complex,5,39,1940,16,13,0.0000
A_UniformRandom,volcanic_complex,5,40,2029,20,17,0.0000
A_UniformRandom,volcanic_complex,5,41,1950,17,15,0.0000
A_UniformRandom,volcanic_complex,5,42,2080,20,14,0.0000
A_UniformRandom,volcanic_complex,5,43,2160,23,21,0.0000
A_UniformRandom,volcanic_complex,5,44,2070,20,17,0.0000
A_UniformRandom,volcanic_complex,5,45,2260,26,16,0.0000
A_UniformRandom,volcanic_complex,5,46,1970,13,11,0.0000
A_UniformRandom,volcanic_complex,5,47,1860,11,10,0.0000
A_UniformRandom,volcanic_complex,5,48,2110,18,11,0.0000
A_UniformRandom,volcanic_complex,5,49,2240,26,19,0.0000
B_SeamBoundary,uniform_stone,1,0,3870,4,3,0.0000
B_SeamBoundary,uniform_stone,1,1,4070,13,13,0.0000
B_SeamBoundary,uniform_stone,1,2,48010,5,4,0.0000
B_SeamBoundary,uniform_stone,1,3,4040,7,6,0.0000
B_SeamBoundary,uniform_stone,1,4,3930,7,7,0.0000
B_SeamBoundary,uniform_stone,1,5,3920,5,4,0.0000
B_SeamBoundary,uniform_stone,1,6,3860,5,4,0.0000
B_SeamBoundary,uniform_stone,1,7,3820,5,5,0.0000
B_SeamBoundary,uniform_stone,1,8,3880,7,7,0.0000
B_SeamBoundary,uniform_stone,1,9,3860,6,6,0.0000
B_SeamBoundary,uniform_stone,1,10,3870,7,7,0.0000
B_SeamBoundary,uniform_stone,1,11,4040,12,10,0.0000
B_SeamBoundary,uniform_stone,1,12,5960,9,7,0.0000
B_SeamBoundary,uniform_stone,1,13,6640,6,6,0.0000
B_SeamBoundary,uniform_stone,1,14,7020,6,6,0.0000
B_SeamBoundary,uniform_stone,1,15,7130,8,7,0.0000
B_SeamBoundary,uniform_stone,1,16,7310,6,6,0.0000
B_SeamBoundary,uniform_stone,1,17,6709,7,7,0.0000
B_SeamBoundary,uniform_stone,1,18,5950,4,4,0.0000
B_SeamBoundary,uniform_stone,1,19,5940,7,6,0.0000
B_SeamBoundary,uniform_stone,1,20,5900,5,5,0.0000
B_SeamBoundary,uniform_stone,1,21,5820,3,3,0.0000
B_SeamBoundary,uniform_stone,1,22,5920,8,7,0.0000
B_SeamBoundary,uniform_stone,1,23,6030,6,6,0.0000
B_SeamBoundary,uniform_stone,1,24,6060,4,4,0.0000
B_SeamBoundary,uniform_stone,1,25,5910,6,6,0.0000
B_SeamBoundary,uniform_stone,1,26,6230,9,9,0.0000
B_SeamBoundary,uniform_stone,1,27,6530,10,9,0.0000
B_SeamBoundary,uniform_stone,1,28,6160,9,9,0.0000
B_SeamBoundary,uniform_stone,1,29,6300,9,9,0.0000
B_SeamBoundary,uniform_stone,1,30,5780,3,3,0.0000
B_SeamBoundary,uniform_stone,1,31,5850,5,5,0.0000
B_SeamBoundary,uniform_stone,1,32,6180,4,4,0.0000
B_SeamBoundary,uniform_stone,1,33,6490,6,6,0.0000
B_SeamBoundary,uniform_stone,1,34,5900,5,5,0.0000
B_SeamBoundary,uniform_stone,1,35,6400,9,9,0.0000
B_SeamBoundary,uniform_stone,1,36,5640,3,3,0.0000
B_SeamBoundary,uniform_stone,1,37,6880,8,8,0.0000
B_SeamBoundary,uniform_stone,1,38,6990,4,4,0.0000
B_SeamBoundary,uniform_stone,1,39,6670,3,3,0.0000
B_SeamBoundary,uniform_stone,1,40,6580,5,5,0.0000
B_SeamBoundary,uniform_stone,1,41,6620,8,8,0.0000
B_SeamBoundary,uniform_stone,1,42,6390,8,8,0.0000
B_SeamBoundary,uniform_stone,1,43,6540,6,6,0.0000
B_SeamBoundary,uniform_stone,1,44,6520,11,10,0.0000
B_SeamBoundary,uniform_stone,1,45,6800,10,9,0.0000
B_SeamBoundary,uniform_stone,1,46,7060,8,8,0.0000
B_SeamBoundary,uniform_stone,1,47,7010,10,10,0.0000
B_SeamBoundary,uniform_stone,1,48,3840,4,4,0.0000
B_SeamBoundary,uniform_stone,1,49,3850,6,6,0.0000
B_SeamBoundary,uniform_stone,2,0,3800,5,5,0.0000
B_SeamBoundary,uniform_stone,2,1,3890,8,7,0.0000
B_SeamBoundary,uniform_stone,2,2,3810,5,5,0.0000
B_SeamBoundary,uniform_stone,2,3,3840,6,6,0.0000
B_SeamBoundary,uniform_stone,2,4,3850,7,7,0.0000
B_SeamBoundary,uniform_stone,2,5,3810,5,5,0.0000
B_SeamBoundary,uniform_stone,2,6,25229,5,5,0.0000
B_SeamBoundary,uniform_stone,2,7,3930,7,7,0.0000
B_SeamBoundary,uniform_stone,2,8,3850,5,4,0.0000
B_SeamBoundary,uniform_stone,2,9,3830,6,6,0.0000
B_SeamBoundary,uniform_stone,2,10,3790,4,4,0.0000
B_SeamBoundary,uniform_stone,2,11,3910,9,8,0.0000
B_SeamBoundary,uniform_stone,2,12,3970,9,9,0.0000
B_SeamBoundary,uniform_stone,2,13,3870,7,7,0.0000
B_SeamBoundary,uniform_stone,2,14,3760,3,3,0.0000
B_SeamBoundary,uniform_stone,2,15,3840,6,5,0.0000
B_SeamBoundary,uniform_stone,2,16,3860,6,6,0.0000
B_SeamBoundary,uniform_stone,2,17,3830,6,6,0.0000
B_SeamBoundary,uniform_stone,2,18,3780,3,3,0.0000
B_SeamBoundary,uniform_stone,2,19,3750,3,3,0.0000
B_SeamBoundary,uniform_stone,2,20,3770,3,3,0.0000
B_SeamBoundary,uniform_stone,2,21,3820,5,5,0.0000
B_SeamBoundary,uniform_stone,2,22,3830,6,6,0.0000
B_SeamBoundary,uniform_stone,2,23,3800,5,5,0.0000
B_SeamBoundary,uniform_stone,2,24,4030,9,7,0.0000
B_SeamBoundary,uniform_stone,2,25,3810,5,5,0.0000
B_SeamBoundary,uniform_stone,2,26,3830,5,5,0.0000
B_SeamBoundary,uniform_stone,2,27,3890,9,9,0.0000
B_SeamBoundary,uniform_stone,2,28,3890,8,8,0.0000
B_SeamBoundary,uniform_stone,2,29,3740,2,2,0.0000
B_SeamBoundary,uniform_stone,2,30,3910,9,9,0.0000
B_SeamBoundary,uniform_stone,2,31,3830,6,6,0.0000
B_SeamBoundary,uniform_stone,2,32,3810,4,4,0.0000
B_SeamBoundary,uniform_stone,2,33,3840,7,7,0.0000
B_SeamBoundary,uniform_stone,2,34,3800,5,5,0.0000
B_SeamBoundary,uniform_stone,2,35,3820,5,5,0.0000
B_SeamBoundary,uniform_stone,2,36,3980,11,10,0.0000
B_SeamBoundary,uniform_stone,2,37,3900,9,9,0.0000
B_SeamBoundary,uniform_stone,2,38,3920,9,9,0.0000
B_SeamBoundary,uniform_stone,2,39,3830,5,5,0.0000
B_SeamBoundary,uniform_stone,2,40,3880,8,8,0.0000
B_SeamBoundary,uniform_stone,2,41,3720,1,1,0.0000
B_SeamBoundary,uniform_stone,2,42,3770,3,3,0.0000
B_SeamBoundary,uniform_stone,2,43,3730,2,2,0.0000
B_SeamBoundary,uniform_stone,2,44,3780,3,3,0.0000
B_SeamBoundary,uniform_stone,2,45,3860,6,6,0.0000
B_SeamBoundary,uniform_stone,2,46,3910,8,8,0.0000
B_SeamBoundary,uniform_stone,2,47,3890,8,7,0.0000
B_SeamBoundary,uniform_stone,2,48,3860,7,6,0.0000
B_SeamBoundary,uniform_stone,2,49,3930,9,8,0.0000
B_SeamBoundary,uniform_stone,3,0,3800,5,5,0.0000
B_SeamBoundary,uniform_stone,3,1,3870,7,7,0.0000
B_SeamBoundary,uniform_stone,3,2,3820,5,5,0.0000
B_SeamBoundary,uniform_stone,3,3,3810,5,5,0.0000
B_SeamBoundary,uniform_stone,3,4,3860,7,7,0.0000
B_SeamBoundary,uniform_stone,3,5,3720,1,1,0.0000
B_SeamBoundary,uniform_stone,3,6,3740,2,2,0.0000
B_SeamBoundary,uniform_stone,3,7,3830,6,6,0.0000
B_SeamBoundary,uniform_stone,3,8,3810,5,5,0.0000
B_SeamBoundary,uniform_stone,3,9,6779,4,4,0.0000
B_SeamBoundary,uniform_stone,3,10,3910,9,9,0.0000
B_SeamBoundary,uniform_stone,3,11,3780,3,3,0.0000
B_SeamBoundary,uniform_stone,3,12,3800,5,5,0.0000
B_SeamBoundary,uniform_stone,3,13,3830,5,4,0.0000
B_SeamBoundary,uniform_stone,3,14,3810,5,5,0.0000
B_SeamBoundary,uniform_stone,3,15,3780,3,3,0.0000
B_SeamBoundary,uniform_stone,3,16,3780,2,2,0.0000
B_SeamBoundary,uniform_stone,3,17,3930,10,10,0.0000
B_SeamBoundary,uniform_stone,3,18,4110,16,16,0.0000
B_SeamBoundary,uniform_stone,3,19,3890,9,9,0.0000
B_SeamBoundary,uniform_stone,3,20,3950,11,11,0.0000
B_SeamBoundary,uniform_stone,3,21,3810,5,5,0.0000
B_SeamBoundary,uniform_stone,3,22,3770,3,3,0.0000
B_SeamBoundary,uniform_stone,3,23,3910,9,9,0.0000
B_SeamBoundary,uniform_stone,3,24,3900,7,6,0.0000
B_SeamBoundary,uniform_stone,3,25,3810,5,5,0.0000
B_SeamBoundary,uniform_stone,3,26,11190,8,8,0.0000
B_SeamBoundary,uniform_stone,3,27,4000,7,7,0.0000
B_SeamBoundary,uniform_stone,3,28,3830,6,6,0.0000
B_SeamBoundary,uniform_stone,3,29,3840,6,6,0.0000
B_SeamBoundary,uniform_stone,3,30,3810,5,5,0.0000
B_SeamBoundary,uniform_stone,3,31,3840,6,6,0.0000
B_SeamBoundary,uniform_stone,3,32,3840,5,5,0.0000
B_SeamBoundary,uniform_stone,3,33,3800,5,5,0.0000
B_SeamBoundary,uniform_stone,3,34,3810,5,5,0.0000
B_SeamBoundary,uniform_stone,3,35,3920,9,9,0.0000
B_SeamBoundary,uniform_stone,3,36,3850,7,7,0.0000
B_SeamBoundary,uniform_stone,3,37,3850,6,5,0.0000
B_SeamBoundary,uniform_stone,3,38,3850,6,6,0.0000
B_SeamBoundary,uniform_stone,3,39,3870,7,7,0.0000
B_SeamBoundary,uniform_stone,3,40,3900,9,9,0.0000
B_SeamBoundary,uniform_stone,3,41,3830,6,6,0.0000
B_SeamBoundary,uniform_stone,3,42,3780,4,4,0.0000
B_SeamBoundary,uniform_stone,3,43,3860,7,7,0.0000
B_SeamBoundary,uniform_stone,3,44,3790,4,4,0.0000
B_SeamBoundary,uniform_stone,3,45,3840,6,6,0.0000
B_SeamBoundary,uniform_stone,3,46,3970,11,11,0.0000
B_SeamBoundary,uniform_stone,3,47,3840,6,6,0.0000
B_SeamBoundary,uniform_stone,3,48,3720,1,1,0.0000
B_SeamBoundary,uniform_stone,3,49,3850,7,7,0.0000
B_SeamBoundary,uniform_stone,4,0,3840,5,5,0.0000
B_SeamBoundary,uniform_stone,4,1,3820,5,5,0.0000
B_SeamBoundary,uniform_stone,4,2,3890,7,7,0.0000
B_SeamBoundary,uniform_stone,4,3,3810,5,5,0.0000
B_SeamBoundary,uniform_stone,4,4,3950,11,11,0.0000
B_SeamBoundary,uniform_stone,4,5,3910,9,9,0.0000
B_SeamBoundary,uniform_stone,4,6,3940,7,7,0.0000
B_SeamBoundary,uniform_stone,4,7,3850,7,6,0.0000
B_SeamBoundary,uniform_stone,4,8,3880,7,6,0.0000
B_SeamBoundary,uniform_stone,4,9,3810,4,4,0.0000
B_SeamBoundary,uniform_stone,4,10,3800,5,5,0.0000
B_SeamBoundary,uniform_stone,4,11,3800,4,4,0.0000
B_SeamBoundary,uniform_stone,4,12,3920,10,10,0.0000
B_SeamBoundary,uniform_stone,4,13,3820,7,7,0.0000
B_SeamBoundary,uniform_stone,4,14,3820,7,7,0.0000
B_SeamBoundary,uniform_stone,4,15,3880,9,9,0.0000
B_SeamBoundary,uniform_stone,4,16,3859,8,8,0.0000
B_SeamBoundary,uniform_stone,4,17,3850,8,7,0.0000
B_SeamBoundary,uniform_stone,4,18,3800,5,4,0.0000
B_SeamBoundary,uniform_stone,4,19,3840,5,5,0.0000
B_SeamBoundary,uniform_stone,4,20,3800,5,5,0.0000
B_SeamBoundary,uniform_stone,4,21,3830,7,7,0.0000
B_SeamBoundary,uniform_stone,4,22,3830,7,7,0.0000
B_SeamBoundary,uniform_stone,4,23,3950,10,9,0.0000
B_SeamBoundary,uniform_stone,4,24,3840,7,6,0.0000
B_SeamBoundary,uniform_stone,4,25,3740,3,3,0.0000
B_SeamBoundary,uniform_stone,4,26,3780,4,4,0.0000
B_SeamBoundary,uniform_stone,4,27,3830,7,6,0.0000
B_SeamBoundary,uniform_stone,4,28,3790,5,5,0.0000
B_SeamBoundary,uniform_stone,4,29,3870,6,6,0.0000
B_SeamBoundary,uniform_stone,4,30,3810,6,6,0.0000
B_SeamBoundary,uniform_stone,4,31,3790,5,5,0.0000
B_SeamBoundary,uniform_stone,4,32,3790,5,5,0.0000
B_SeamBoundary,uniform_stone,4,33,3900,10,10,0.0000
B_SeamBoundary,uniform_stone,4,34,3830,7,7,0.0000
B_SeamBoundary,uniform_stone,4,35,3830,6,5,0.0000
B_SeamBoundary,uniform_stone,4,36,3780,4,4,0.0000
B_SeamBoundary,uniform_stone,4,37,3780,4,3,0.0000
B_SeamBoundary,uniform_stone,4,38,3860,8,8,0.0000
B_SeamBoundary,uniform_stone,4,39,3770,3,3,0.0000
B_SeamBoundary,uniform_stone,4,40,3720,2,2,0.0000
B_SeamBoundary,uniform_stone,4,41,3770,4,4,0.0000
B_SeamBoundary,uniform_stone,4,42,3880,9,8,0.0000
B_SeamBoundary,uniform_stone,4,43,3800,5,5,0.0000
B_SeamBoundary,uniform_stone,4,44,3810,6,6,0.0000
B_SeamBoundary,uniform_stone,4,45,3880,9,9,0.0000
B_SeamBoundary,uniform_stone,4,46,3770,4,4,0.0000
B_SeamBoundary,uniform_stone,4,47,3740,3,3,0.0000
B_SeamBoundary,uniform_stone,4,48,3890,10,10,0.0000
B_SeamBoundary,uniform_stone,4,49,3840,7,7,0.0000
B_SeamBoundary,uniform_stone,5,0,3800,7,7,0.0000
B_SeamBoundary,uniform_stone,5,1,3860,8,8,0.0000
B_SeamBoundary,uniform_stone,5,2,3770,4,4,0.0000
B_SeamBoundary,uniform_stone,5,3,3830,7,7,0.0000
B_SeamBoundary,uniform_stone,5,4,3770,4,4,0.0000
B_SeamBoundary,uniform_stone,5,5,3840,8,8,0.0000
B_SeamBoundary,uniform_stone,5,6,3850,8,8,0.0000
B_SeamBoundary,uniform_stone,5,7,3850,7,7,0.0000
B_SeamBoundary,uniform_stone,5,8,3780,5,5,0.0000
B_SeamBoundary,uniform_stone,5,9,3880,9,9,0.0000
B_SeamBoundary,uniform_stone,5,10,3720,2,2,0.0000
B_SeamBoundary,uniform_stone,5,11,3800,6,6,0.0000
B_SeamBoundary,uniform_stone,5,12,3750,3,3,0.0000
B_SeamBoundary,uniform_stone,5,13,3790,5,4,0.0000
B_SeamBoundary,uniform_stone,5,14,3780,5,5,0.0000
B_SeamBoundary,uniform_stone,5,15,3870,9,9,0.0000
B_SeamBoundary,uniform_stone,5,16,3870,9,9,0.0000
B_SeamBoundary,uniform_stone,5,17,3740,2,1,0.0000
B_SeamBoundary,uniform_stone,5,18,3850,7,7,0.0000
B_SeamBoundary,uniform_stone,5,19,3780,5,5,0.0000
B_SeamBoundary,uniform_stone,5,20,3850,8,8,0.0000
B_SeamBoundary,uniform_stone,5,21,3780,5,5,0.0000
B_SeamBoundary,uniform_stone,5,22,3780,4,4,0.0000
B_SeamBoundary,uniform_stone,5,23,3900,8,7,0.0000
B_SeamBoundary,uniform_stone,5,24,3790,5,5,0.0000
B_SeamBoundary,uniform_stone,5,25,3840,6,6,0.0000
B_SeamBoundary,uniform_stone,5,26,3909,9,8,0.0000
B_SeamBoundary,uniform_stone,5,27,3920,10,9,0.0000
B_SeamBoundary,uniform_stone,5,28,3880,7,5,0.0000
B_SeamBoundary,uniform_stone,5,29,3860,8,8,0.0000
B_SeamBoundary,uniform_stone,5,30,3800,5,5,0.0000
B_SeamBoundary,uniform_stone,5,31,3780,5,5,0.0000
B_SeamBoundary,uniform_stone,5,32,3880,8,7,0.0000
B_SeamBoundary,uniform_stone,5,33,3870,8,8,0.0000
B_SeamBoundary,uniform_stone,5,34,3730,2,2,0.0000
B_SeamBoundary,uniform_stone,5,35,6590,4,4,0.0000
B_SeamBoundary,uniform_stone,5,36,7010,3,3,0.0000
B_SeamBoundary,uniform_stone,5,37,6940,3,3,0.0000
B_SeamBoundary,uniform_stone,5,38,6770,6,6,0.0000
B_SeamBoundary,uniform_stone,5,39,6350,2,2,0.0000
B_SeamBoundary,uniform_stone,5,40,6430,4,4,0.0000
B_SeamBoundary,uniform_stone,5,41,6510,6,6,0.0000
B_SeamBoundary,uniform_stone,5,42,6590,8,8,0.0000
B_SeamBoundary,uniform_stone,5,43,5790,7,7,0.0000
B_SeamBoundary,uniform_stone,5,44,5890,4,4,0.0000
B_SeamBoundary,uniform_stone,5,45,6100,6,5,0.0000
B_SeamBoundary,uniform_stone,5,46,5890,1,1,0.0000
B_SeamBoundary,uniform_stone,5,47,6550,5,5,0.0000
B_SeamBoundary,uniform_stone,5,48,6870,3,3,0.0000
B_SeamBoundary,uniform_stone,5,49,6910,7,6,0.0000
B_SeamBoundary,stratified_3layer,1,0,8760,70,26,0.2743
B_SeamBoundary,stratified_3layer,1,1,9960,99,29,0.2606
B_SeamBoundary,stratified_3layer,1,2,9029,75,19,0.2920
B_SeamBoundary,stratified_3layer,1,3,8780,68,20,0.2779
B_SeamBoundary,stratified_3layer,1,4,9050,79,25,0.2810
B_SeamBoundary,stratified_3layer,1,5,9810,90,15,0.4033
B_SeamBoundary,stratified_3layer,1,6,9490,90,23,0.2767
B_SeamBoundary,stratified_3layer,1,7,8690,67,22,0.2776
B_SeamBoundary,stratified_3layer,1,8,8960,80,21,0.2850
B_SeamBoundary,stratified_3layer,1,9,8920,75,30,0.2720
B_SeamBoundary,stratified_3layer,1,10,8890,68,23,0.2779
B_SeamBoundary,stratified_3layer,1,11,8630,69,27,0.2696
B_SeamBoundary,stratified_3layer,1,12,9080,73,21,0.2795
B_SeamBoundary,stratified_3layer,1,13,8730,77,31,0.2766
B_SeamBoundary,stratified_3layer,1,14,8890,77,19,0.2844
B_SeamBoundary,stratified_3layer,1,15,8890,77,28,0.2610
B_SeamBoundary,stratified_3layer,1,16,8910,75,22,0.2680
B_SeamBoundary,stratified_3layer,1,17,9280,81,23,0.2815
B_SeamBoundary,stratified_3layer,1,18,8620,70,27,0.2786
B_SeamBoundary,stratified_3layer,1,19,8660,68,22,0.2779
B_SeamBoundary,stratified_3layer,1,20,9010,80,20,0.2850
B_SeamBoundary,stratified_3layer,1,21,8970,80,21,0.2925
B_SeamBoundary,stratified_3layer,1,22,8830,73,17,0.2795
B_SeamBoundary,stratified_3layer,1,23,8940,80,24,0.2850
B_SeamBoundary,stratified_3layer,1,24,8890,81,27,0.2889
B_SeamBoundary,stratified_3layer,1,25,8980,77,26,0.2805
B_SeamBoundary,stratified_3layer,1,26,8860,74,26,0.2676
B_SeamBoundary,stratified_3layer,1,27,9050,75,23,0.2800
B_SeamBoundary,stratified_3layer,1,28,8930,81,30,0.2704
B_SeamBoundary,stratified_3layer,1,29,9570,89,13,0.4719
B_SeamBoundary,stratified_3layer,1,30,8840,74,22,0.2838
B_SeamBoundary,stratified_3layer,1,31,8719,70,28,0.2786
B_SeamBoundary,stratified_3layer,1,32,8840,73,17,0.2918
B_SeamBoundary,stratified_3layer,1,33,15130,80,21,0.2887
B_SeamBoundary,stratified_3layer,1,34,8750,68,17,0.2912
B_SeamBoundary,stratified_3layer,1,35,9160,81,26,0.2704
B_SeamBoundary,stratified_3layer,1,36,8810,76,20,0.2842
B_SeamBoundary,stratified_3layer,1,37,8800,77,31,0.2688
B_SeamBoundary,stratified_3layer,1,38,8630,72,27,0.2750
B_SeamBoundary,stratified_3layer,1,39,9130,82,18,0.2854
B_SeamBoundary,stratified_3layer,1,40,8980,83,26,0.2819
B_SeamBoundary,stratified_3layer,1,41,8580,69,26,0.2652
B_SeamBoundary,stratified_3layer,1,42,8540,68,23,0.2779
B_SeamBoundary,stratified_3layer,1,43,8650,80,29,0.2812
B_SeamBoundary,stratified_3layer,1,44,8620,76,33,0.2684
B_SeamBoundary,stratified_3layer,1,45,9060,85,27,0.2718
B_SeamBoundary,stratified_3layer,1,46,8720,76,23,0.2803
B_SeamBoundary,stratified_3layer,1,47,8530,66,29,0.2591
B_SeamBoundary,stratified_3layer,1,48,8960,81,22,0.2852
B_SeamBoundary,stratified_3layer,1,49,8250,65,27,0.2769
B_SeamBoundary,stratified_3layer,2,0,8230,61,29,0.2754
B_SeamBoundary,stratified_3layer,2,1,8609,72,26,0.2708
B_SeamBoundary,stratified_3layer,2,2,8830,78,25,0.2692
B_SeamBoundary,stratified_3layer,2,3,8660,73,21,0.2753
B_SeamBoundary,stratified_3layer,2,4,8690,77,21,0.2883
B_SeamBoundary,stratified_3layer,2,5,8520,67,28,0.2731
B_SeamBoundary,stratified_3layer,2,6,8720,76,22,0.2842
B_SeamBoundary,stratified_3layer,2,7,8670,71,33,0.2746
B_SeamBoundary,stratified_3layer,2,8,8730,73,23,0.2877
B_SeamBoundary,stratified_3layer,2,9,8600,75,24,0.2920
B_SeamBoundary,stratified_3layer,2,10,8400,68,22,0.2824
B_SeamBoundary,stratified_3layer,2,11,8940,79,21,0.2658
B_SeamBoundary,stratified_3layer,2,12,8450,70,25,0.2743
B_SeamBoundary,stratified_3layer,2,13,8520,67,18,0.2776
B_SeamBoundary,stratified_3layer,2,14,8370,69,29,0.2870
B_SeamBoundary,stratified_3layer,2,15,8710,73,19,0.2795
B_SeamBoundary,stratified_3layer,2,16,8230,62,25,0.2806
B_SeamBoundary,stratified_3layer,2,17,8900,82,18,0.2927
B_SeamBoundary,stratified_3layer,2,18,8870,77,21,0.2844
B_SeamBoundary,stratified_3layer,2,19,8500,71,22,0.2873
B_SeamBoundary,stratified_3layer,2,20,9050,87,18,0.2862
B_SeamBoundary,stratified_3layer,2,21,8540,69,25,0.2783
B_SeamBoundary,stratified_3layer,2,22,8440,68,28,0.2691
B_SeamBoundary,stratified_3layer,2,23,9000,81,29,0.2741
B_SeamBoundary,stratified_3layer,2,24,8730,75,20,0.2720
B_SeamBoundary,stratified_3layer,2,25,8310,65,20,0.2862
B_SeamBoundary,stratified_3layer,2,26,8810,79,20,0.2810
B_SeamBoundary,stratified_3layer,2,27,8890,77,26,0.2610
B_SeamBoundary,stratified_3layer,2,28,8830,78,24,0.2846
B_SeamBoundary,stratified_3layer,2,29,8509,72,29,0.2792
B_SeamBoundary,stratified_3layer,2,30,8480,66,23,0.2773
B_SeamBoundary,stratified_3layer,2,31,8920,84,22,0.2929
B_SeamBoundary,stratified_3layer,2,32,8860,79,22,0.2924
B_SeamBoundary,stratified_3layer,2,33,8170,62,21,0.2855
B_SeamBoundary,stratified_3layer,2,34,8460,68,27,0.2647
B_SeamBoundary,stratified_3layer,2,35,7910,58,27,0.2793
B_SeamBoundary,stratified_3layer,2,36,8650,73,23,0.2836
B_SeamBoundary,stratified_3layer,2,37,8480,68,23,0.2779
B_SeamBoundary,stratified_3layer,2,38,9110,85,23,0.2824
B_SeamBoundary,stratified_3layer,2,39,9110,80,24,0.2738
B_SeamBoundary,stratified_3layer,2,40,8590,71,31,0.2620
B_SeamBoundary,stratified_3layer,2,41,8400,68,18,0.2956
B_SeamBoundary,stratified_3layer,2,42,8380,69,28,0.2870
B_SeamBoundary,stratified_3layer,2,43,8600,73,19,0.2959
B_SeamBoundary,stratified_3layer,2,44,8350,66,21,0.2864
B_SeamBoundary,stratified_3layer,2,45,8700,70,23,0.2786
B_SeamBoundary,stratified_3layer,2,46,8810,78,21,0.2846
B_SeamBoundary,stratified_3layer,2,47,8950,80,22,0.2625
B_SeamBoundary,stratified_3layer,2,48,8570,67,29,0.2776
B_SeamBoundary,stratified_3layer,2,49,8680,78,27,0.2692
B_SeamBoundary,stratified_3layer,3,0,8800,81,26,0.2889
B_SeamBoundary,stratified_3layer,3,1,9189,86,26,0.2721
B_SeamBoundary,stratified_3layer,3,2,8740,71,17,0.2873
B_SeamBoundary,stratified_3layer,3,3,8560,68,28,0.2647
B_SeamBoundary,stratified_3layer,3,4,8450,66,25,0.2773
B_SeamBoundary,stratified_3layer,3,5,8680,72,17,0.2917
B_SeamBoundary,stratified_3layer,3,6,8600,73,22,0.2959
B_SeamBoundary,stratified_3layer,3,7,8690,72,25,0.2708
B_SeamBoundary,stratified_3layer,3,8,8940,82,27,0.2671
B_SeamBoundary,stratified_3layer,3,9,8440,68,24,0.2912
B_SeamBoundary,stratified_3layer,3,10,9040,84,27,0.2714
B_SeamBoundary,stratified_3layer,3,11,7910,54,24,0.2778
B_SeamBoundary,stratified_3layer,3,12,8500,71,21,0.2831
B_SeamBoundary,stratified_3layer,3,13,8960,83,26,0.2747
B_SeamBoundary,stratified_3layer,3,14,8480,68,24,0.2735
B_SeamBoundary,stratified_3layer,3,15,9140,83,13,0.4446
B_SeamBoundary,stratified_3layer,3,16,8560,65,22,0.2862
B_SeamBoundary,stratified_3layer,3,17,8670,73,25,0.2753
B_SeamBoundary,stratified_3layer,3,18,9320,92,28,0.2707
B_SeamBoundary,stratified_3layer,3,19,8990,79,20,0.2848
B_SeamBoundary,stratified_3layer,3,20,9550,96,28,0.2688
B_SeamBoundary,stratified_3layer,3,21,8840,79,29,0.2886
B_SeamBoundary,stratified_3layer,3,22,8960,82,26,0.2780
B_SeamBoundary,stratified_3layer,3,23,8720,73,20,0.2836
B_SeamBoundary,stratified_3layer,3,24,8740,77,29,0.2727
B_SeamBoundary,stratified_3layer,3,25,9210,89,31,0.2596
B_SeamBoundary,stratified_3layer,3,26,8880,79,27,0.2734
B_SeamBoundary,stratified_3layer,3,27,16080,78,15,0.3154
B_SeamBoundary,stratified_3layer,3,28,8340,67,18,0.2866
B_SeamBoundary,stratified_3layer,3,29,8529,70,25,0.2700
B_SeamBoundary,stratified_3layer,3,30,8890,79,19,0.2886
B_SeamBoundary,stratified_3layer,3,31,9070,85,21,0.2788
B_SeamBoundary,stratified_3layer,3,32,8530,70,27,0.2743
B_SeamBoundary,stratified_3layer,3,33,8920,79,16,0.2886
B_SeamBoundary,stratified_3layer,3,34,8570,70,28,0.2871
B_SeamBoundary,stratified_3layer,3,35,8420,70,30,0.2700
B_SeamBoundary,stratified_3layer,3,36,8920,79,18,0.2772
B_SeamBoundary,stratified_3layer,3,37,8790,75,18,0.2880
B_SeamBoundary,stratified_3layer,3,38,8590,68,27,0.2868
B_SeamBoundary,stratified_3layer,3,39,8200,60,29,0.2650
B_SeamBoundary,stratified_3layer,3,40,8710,73,21,0.2712
B_SeamBoundary,stratified_3layer,3,41,9310,90,16,0.3644
B_SeamBoundary,stratified_3layer,3,42,8920,77,25,0.2766
B_SeamBoundary,stratified_3layer,3,43,8930,74,20,0.2919
B_SeamBoundary,stratified_3layer,3,44,8590,75,28,0.2720
B_SeamBoundary,stratified_3layer,3,45,8490,69,21,0.2826
B_SeamBoundary,stratified_3layer,3,46,8980,85,28,0.2647
B_SeamBoundary,stratified_3layer,3,47,8090,67,31,0.2910
B_SeamBoundary,stratified_3layer,3,48,8510,68,15,0.2912
B_SeamBoundary,stratified_3layer,3,49,8830,82,23,0.2780
B_SeamBoundary,stratified_3layer,4,0,8629,75,19,0.2840
B_SeamBoundary,stratified_3layer,4,1,8560,76,28,0.2842
B_SeamBoundary,stratified_3layer,4,2,8070,57,30,0.2789
B_SeamBoundary,stratified_3layer,4,3,8500,68,24,0.2824
B_SeamBoundary,stratified_3layer,4,4,8580,77,32,0.2610
B_SeamBoundary,stratified_3layer,4,5,8840,75,20,0.2680
B_SeamBoundary,stratified_3layer,4,6,9450,92,22,0.2804
B_SeamBoundary,stratified_3layer,4,7,8890,82,24,0.2817
B_SeamBoundary,stratified_3layer,4,8,8950,82,21,0.2744
B_SeamBoundary,stratified_3layer,4,9,8090,60,25,0.2700
B_SeamBoundary,stratified_3layer,4,10,8370,68,24,0.2868
B_SeamBoundary,stratified_3layer,4,11,9160,87,25,0.2828
B_SeamBoundary,stratified_3layer,4,12,8390,66,25,0.2636
B_SeamBoundary,stratified_3layer,4,13,8300,69,17,0.2826
B_SeamBoundary,stratified_3layer,4,14,8450,70,19,0.2871
B_SeamBoundary,stratified_3layer,4,15,8460,71,27,0.2789
B_SeamBoundary,stratified_3layer,4,16,8380,68,23,0.2868
B_SeamBoundary,stratified_3layer,4,17,7810,58,34,0.2690
B_SeamBoundary,stratified_3layer,4,18,8440,69,18,0.2826
B_SeamBoundary,stratified_3layer,4,19,8790,76,21,0.2842
B_SeamBoundary,stratified_3layer,4,20,8730,74,21,0.2757
B_SeamBoundary,stratified_3layer,4,21,8660,77,24,0.2727
B_SeamBoundary,stratified_3layer,4,22,8640,75,26,0.2840
B_SeamBoundary,stratified_3layer,4,23,8790,79,19,0.2772
B_SeamBoundary,stratified_3layer,4,24,8610,77,28,0.2844
B_SeamBoundary,stratified_3layer,4,25,8640,71,22,0.2873
B_SeamBoundary,stratified_3layer,4,26,8500,75,28,0.2880
B_SeamBoundary,stratified_3layer,4,27,8420,72,29,0.2875
B_SeamBoundary,stratified_3layer,4,28,8350,67,23,0.2821
B_SeamBoundary,stratified_3layer,4,29,8710,79,27,0.2772
B_SeamBoundary,stratified_3layer,4,30,9169,85,19,0.2788
B_SeamBoundary,stratified_3layer,4,31,8420,72,25,0.2792
B_SeamBoundary,stratified_3layer,4,32,8690,71,27,0.2704
B_SeamBoundary,stratified_3layer,4,33,8430,72,37,0.2583
B_SeamBoundary,stratified_3layer,4,34,9060,82,21,0.2890
B_SeamBoundary,stratified_3layer,4,35,8590,72,25,0.2833
B_SeamBoundary,stratified_3layer,4,36,8330,59,19,0.2746
B_SeamBoundary,stratified_3layer,4,37,11010,70,24,0.2829
B_SeamBoundary,stratified_3layer,4,38,11160,76,29,0.2645
B_SeamBoundary,stratified_3layer,4,39,8200,63,24,0.2810
B_SeamBoundary,stratified_3layer,4,40,8470,68,23,0.2868
B_SeamBoundary,stratified_3layer,4,41,8320,63,26,0.2857
B_SeamBoundary,stratified_3layer,4,42,8920,83,32,0.2602
B_SeamBoundary,stratified_3layer,4,43,8720,76,21,0.2961
B_SeamBoundary,stratified_3layer,4,44,9040,83,18,0.2892
B_SeamBoundary,stratified_3layer,4,45,8360,67,30,0.2821
B_SeamBoundary,stratified_3layer,4,46,8660,78,26,0.2885
B_SeamBoundary,stratified_3layer,4,47,8300,65,22,0.2908
B_SeamBoundary,stratified_3layer,4,48,8840,77,25,0.2844
B_SeamBoundary,stratified_3layer,4,49,8240,63,20,0.2810
B_SeamBoundary,stratified_3layer,5,0,8500,67,19,0.2866
B_SeamBoundary,stratified_3layer,5,1,9039,83,18,0.2819
B_SeamBoundary,stratified_3layer,5,2,8530,69,26,0.2783
B_SeamBoundary,stratified_3layer,5,3,8510,78,38,0.2692
B_SeamBoundary,stratified_3layer,5,4,8900,76,23,0.2842
B_SeamBoundary,stratified_3layer,5,5,8770,77,25,0.2688
B_SeamBoundary,stratified_3layer,5,6,8130,65,29,0.2769
B_SeamBoundary,stratified_3layer,5,7,8500,71,27,0.2662
B_SeamBoundary,stratified_3layer,5,8,8850,81,22,0.2889
B_SeamBoundary,stratified_3layer,5,9,8560,77,25,0.2883
B_SeamBoundary,stratified_3layer,5,10,8970,82,19,0.2927
B_SeamBoundary,stratified_3layer,5,11,8490,70,24,0.2743
B_SeamBoundary,stratified_3layer,5,12,8320,70,28,0.2871
B_SeamBoundary,stratified_3layer,5,13,8520,70,18,0.2914
B_SeamBoundary,stratified_3layer,5,14,9120,83,22,0.2892
B_SeamBoundary,stratified_3layer,5,15,8530,70,23,0.2743
B_SeamBoundary,stratified_3layer,5,16,8720,77,33,0.2727
B_SeamBoundary,stratified_3layer,5,17,8700,80,25,0.2925
B_SeamBoundary,stratified_3layer,5,18,8980,82,24,0.2780
B_SeamBoundary,stratified_3layer,5,19,8830,79,28,0.2734
B_SeamBoundary,stratified_3layer,5,20,8560,70,24,0.2700
B_SeamBoundary,stratified_3layer,5,21,12160,71,32,0.2831
B_SeamBoundary,stratified_3layer,5,22,11100,74,21,0.2878
B_SeamBoundary,stratified_3layer,5,23,8840,74,20,0.2797
B_SeamBoundary,stratified_3layer,5,24,8710,75,23,0.2920
B_SeamBoundary,stratified_3layer,5,25,8510,72,25,0.2875
B_SeamBoundary,stratified_3layer,5,26,8870,82,25,0.2671
B_SeamBoundary,stratified_3layer,5,27,8310,67,39,0.2328
B_SeamBoundary,stratified_3layer,5,28,8880,79,29,0.2696
B_SeamBoundary,stratified_3layer,5,29,8689,77,27,0.2844
B_SeamBoundary,stratified_3layer,5,30,8660,73,18,0.2795
B_SeamBoundary,stratified_3layer,5,31,8550,68,16,0.2868
B_SeamBoundary,stratified_3layer,5,32,8670,78,25,0.2769
B_SeamBoundary,stratified_3layer,5,33,8700,76,29,0.2645
B_SeamBoundary,stratified_3layer,5,34,9010,76,12,0.4474
B_SeamBoundary,stratified_3layer,5,35,8560,72,31,0.2750
B_SeamBoundary,stratified_3layer,5,36,8980,83,15,0.3494
B_SeamBoundary,stratified_3layer,5,37,8220,66,22,0.2909
B_SeamBoundary,stratified_3layer,5,38,8850,84,27,0.2750
B_SeamBoundary,stratified_3layer,5,39,8390,68,27,0.2912
B_SeamBoundary,stratified_3layer,5,40,8160,63,20,0.2952
B_SeamBoundary,stratified_3layer,5,41,8800,77,24,0.2766
B_SeamBoundary,stratified_3layer,5,42,8660,74,26,0.2878
B_SeamBoundary,stratified_3layer,5,43,8880,79,24,0.2734
B_SeamBoundary,stratified_3layer,5,44,8930,79,20,0.2848
B_SeamBoundary,stratified_3layer,5,45,8600,72,24,0.2833
B_SeamBoundary,stratified_3layer,5,46,8390,63,19,0.2905
B_SeamBoundary,stratified_3layer,5,47,8290,65,19,0.2908
B_SeamBoundary,stratified_3layer,5,48,8490,74,22,0.2919
B_SeamBoundary,stratified_3layer,5,49,8780,79,25,0.2620
B_SeamBoundary,granite_pegmatite,1,0,12040,156,30,0.3269
B_SeamBoundary,granite_pegmatite,1,1,12380,165,28,0.3952
B_SeamBoundary,granite_pegmatite,1,2,11610,135,29,0.3000
B_SeamBoundary,granite_pegmatite,1,3,11120,137,35,0.2978
B_SeamBoundary,granite_pegmatite,1,4,11370,141,32,0.2936
B_SeamBoundary,granite_pegmatite,1,5,11680,149,26,0.3872
B_SeamBoundary,granite_pegmatite,1,6,12110,160,34,0.3000
B_SeamBoundary,granite_pegmatite,1,7,11350,140,25,0.3729
B_SeamBoundary,granite_pegmatite,1,8,11290,137,35,0.2956
B_SeamBoundary,granite_pegmatite,1,9,11170,138,43,0.2978
B_SeamBoundary,granite_pegmatite,1,10,10420,114,30,0.2974
B_SeamBoundary,granite_pegmatite,1,11,11710,149,38,0.2940
B_SeamBoundary,granite_pegmatite,1,12,11500,138,19,0.5181
B_SeamBoundary,granite_pegmatite,1,13,11470,138,39,0.2935
B_SeamBoundary,granite_pegmatite,1,14,11180,136,30,0.2934
B_SeamBoundary,granite_pegmatite,1,15,11120,134,35,0.2933
B_SeamBoundary,granite_pegmatite,1,16,11480,146,32,0.2959
B_SeamBoundary,granite_pegmatite,1,17,11520,147,36,0.2980
B_SeamBoundary,granite_pegmatite,1,18,10580,124,51,0.2927
B_SeamBoundary,granite_pegmatite,1,19,11069,135,39,0.2978
B_SeamBoundary,granite_pegmatite,1,20,11030,132,36,0.3000
B_SeamBoundary,granite_pegmatite,1,21,11470,148,40,0.2939
B_SeamBoundary,granite_pegmatite,1,22,11280,132,35,0.3000
B_SeamBoundary,granite_pegmatite,1,23,12160,157,21,0.5299
B_SeamBoundary,granite_pegmatite,1,24,11430,140,36,0.2979
B_SeamBoundary,granite_pegmatite,1,25,11590,145,43,0.2938
B_SeamBoundary,granite_pegmatite,1,26,10680,132,40,0.2932
B_SeamBoundary,granite_pegmatite,1,27,10960,130,39,0.2931
B_SeamBoundary,granite_pegmatite,1,28,11400,141,33,0.2979
B_SeamBoundary,granite_pegmatite,1,29,11780,149,30,0.2960
B_SeamBoundary,granite_pegmatite,1,30,11960,140,45,0.2979
B_SeamBoundary,granite_pegmatite,1,31,13140,152,23,0.4684
B_SeamBoundary,granite_pegmatite,1,32,11140,131,33,0.2908
B_SeamBoundary,granite_pegmatite,1,33,11600,146,22,0.4726
B_SeamBoundary,granite_pegmatite,1,34,10690,123,37,0.2951
B_SeamBoundary,granite_pegmatite,1,35,16820,156,30,0.3231
B_SeamBoundary,granite_pegmatite,1,36,11150,133,41,0.2910
B_SeamBoundary,granite_pegmatite,1,37,11400,140,41,0.2979
B_SeamBoundary,granite_pegmatite,1,38,10810,131,32,0.2977
B_SeamBoundary,granite_pegmatite,1,39,11690,148,19,0.5507
B_SeamBoundary,granite_pegmatite,1,40,10830,132,35,0.2932
B_SeamBoundary,granite_pegmatite,1,41,10929,135,35,0.2978
B_SeamBoundary,granite_pegmatite,1,42,11000,129,42,0.2953
B_SeamBoundary,granite_pegmatite,1,43,11120,143,38,0.2937
B_SeamBoundary,granite_pegmatite,1,44,10520,126,36,0.2905
B_SeamBoundary,granite_pegmatite,1,45,11700,147,23,0.4463
B_SeamBoundary,granite_pegmatite,1,46,11450,138,35,0.2957
B_SeamBoundary,granite_pegmatite,1,47,10820,131,37,0.2908
B_SeamBoundary,granite_pegmatite,1,48,11010,134,38,0.2978
B_SeamBoundary,granite_pegmatite,1,49,10610,129,43,0.2977
B_SeamBoundary,granite_pegmatite,2,0,11100,130,28,0.2931
B_SeamBoundary,granite_pegmatite,2,1,11090,133,33,0.2977
B_SeamBoundary,granite_pegmatite,2,2,10940,136,42,0.2846
B_SeamBoundary,granite_pegmatite,2,3,11330,137,31,0.2956
B_SeamBoundary,granite_pegmatite,2,4,11530,148,31,0.2939
B_SeamBoundary,granite_pegmatite,2,5,10519,123,39,0.2976
B_SeamBoundary,granite_pegmatite,2,6,11680,150,23,0.4613
B_SeamBoundary,granite_pegmatite,2,7,11040,131,30,0.2931
B_SeamBoundary,granite_pegmatite,2,8,10960,138,27,0.3152
B_SeamBoundary,granite_pegmatite,2,9,11320,142,31,0.3000
B_SeamBoundary,granite_pegmatite,2,10,10600,124,43,0.2903
B_SeamBoundary,granite_pegmatite,2,11,11710,149,32,0.2960
B_SeamBoundary,granite_pegmatite,2,12,11010,133,35,0.2955
B_SeamBoundary,granite_pegmatite,2,13,11030,136,37,0.2956
B_SeamBoundary,granite_pegmatite,2,14,10970,135,51,0.2933
B_SeamBoundary,granite_pegmatite,2,15,11230,136,43,0.2978
B_SeamBoundary,granite_pegmatite,2,16,10590,121,38,0.2950
B_SeamBoundary,granite_pegmatite,2,17,11370,144,34,0.2979
B_SeamBoundary,granite_pegmatite,2,18,11750,148,26,0.3811
B_SeamBoundary,granite_pegmatite,2,19,11480,138,25,0.3659
B_SeamBoundary,granite_pegmatite,2,20,11350,136,30,0.2978
B_SeamBoundary,granite_pegmatite,2,21,11420,138,32,0.2913
B_SeamBoundary,granite_pegmatite,2,22,10780,127,43,0.3000
B_SeamBoundary,granite_pegmatite,2,23,10720,131,46,0.2977
B_SeamBoundary,granite_pegmatite,2,24,10780,125,31,0.2976
B_SeamBoundary,granite_pegmatite,2,25,11080,132,31,0.2977
B_SeamBoundary,granite_pegmatite,2,26,11750,150,31,0.3000
B_SeamBoundary,granite_pegmatite,2,27,11200,134,38,0.2955
B_SeamBoundary,granite_pegmatite,2,28,11189,136,41,0.2934
B_SeamBoundary,granite_pegmatite,2,29,11340,136,31,0.2956
B_SeamBoundary,granite_pegmatite,2,30,10710,123,43,0.2927
B_SeamBoundary,granite_pegmatite,2,31,11300,139,30,0.2957
B_SeamBoundary,granite_pegmatite,2,32,11690,141,26,0.3482
B_SeamBoundary,granite_pegmatite,2,33,11360,139,32,0.2935
B_SeamBoundary,granite_pegmatite,2,34,11540,140,34,0.2957
B_SeamBoundary,granite_pegmatite,2,35,11130,128,32,0.2977
B_SeamBoundary,granite_pegmatite,2,36,11210,136,33,0.2934
B_SeamBoundary,granite_pegmatite,2,37,10940,130,31,0.2977
B_SeamBoundary,granite_pegmatite,2,38,17580,150,33,0.2940
B_SeamBoundary,granite_pegmatite,2,39,11910,147,25,0.4027
B_SeamBoundary,granite_pegmatite,2,40,11120,135,32,0.2978
B_SeamBoundary,granite_pegmatite,2,41,98390,130,34,0.2977
B_SeamBoundary,granite_pegmatite,2,42,12570,126,45,0.2952
B_SeamBoundary,granite_pegmatite,2,43,58319,141,39,0.2979
B_SeamBoundary,granite_pegmatite,2,44,15140,126,21,0.4167
B_SeamBoundary,granite_pegmatite,2,45,11810,143,25,0.3839
B_SeamBoundary,granite_pegmatite,2,46,11680,142,35,0.3000
B_SeamBoundary,granite_pegmatite,2,47,11430,138,37,0.2978
B_SeamBoundary,granite_pegmatite,2,48,10770,118,34,0.2949
B_SeamBoundary,granite_pegmatite,2,49,11670,143,27,0.3350
B_SeamBoundary,granite_pegmatite,3,0,10820,128,46,0.2977
B_SeamBoundary,granite_pegmatite,3,1,11300,138,40,0.2957
B_SeamBoundary,granite_pegmatite,3,2,11349,135,34,0.3000
B_SeamBoundary,granite_pegmatite,3,3,11860,149,32,0.2940
B_SeamBoundary,granite_pegmatite,3,4,11660,141,28,0.3050
B_SeamBoundary,granite_pegmatite,3,5,11470,139,35,0.2935
B_SeamBoundary,granite_pegmatite,3,6,11630,144,31,0.3000
B_SeamBoundary,granite_pegmatite,3,7,11970,149,27,0.3617
B_SeamBoundary,granite_pegmatite,3,8,18580,160,27,0.4075
B_SeamBoundary,granite_pegmatite,3,9,11840,138,34,0.2957
B_SeamBoundary,granite_pegmatite,3,10,11470,136,34,0.2956
B_SeamBoundary,granite_pegmatite,3,11,10860,129,41,0.2930
B_SeamBoundary,granite_pegmatite,3,12,11190,134,40,0.2978
B_SeamBoundary,granite_pegmatite,3,13,11310,142,30,0.2979
B_SeamBoundary,granite_pegmatite,3,14,11100,130,33,0.2954
B_SeamBoundary,granite_pegmatite,3,15,31440,126,34,0.2976
B_SeamBoundary,granite_pegmatite,3,16,10990,120,38,0.3000
B_SeamBoundary,granite_pegmatite,3,17,10880,129,45,0.2884
B_SeamBoundary,granite_pegmatite,3,18,12200,163,30,0.3503
B_SeamBoundary,granite_pegmatite,3,19,12100,156,28,0.3718
B_SeamBoundary,granite_pegmatite,3,20,11510,144,36,0.2958
B_SeamBoundary,granite_pegmatite,3,21,11530,140,37,0.2957
B_SeamBoundary,granite_pegmatite,3,22,11410,140,28,0.2936
B_SeamBoundary,granite_pegmatite,3,23,10909,127,33,0.2953
B_SeamBoundary,granite_pegmatite,3,24,11730,151,36,0.2960
B_SeamBoundary,granite_pegmatite,3,25,12040,156,34,0.2962
B_SeamBoundary,granite_pegmatite,3,26,11030,127,34,0.3000
B_SeamBoundary,granite_pegmatite,3,27,11740,137,29,0.2934
B_SeamBoundary,granite_pegmatite,3,28,11530,140,20,0.4979
B_SeamBoundary,granite_pegmatite,3,29,10910,125,32,0.2952
B_SeamBoundary,granite_pegmatite,3,30,12130,158,32,0.2943
B_SeamBoundary,granite_pegmatite,3,31,11750,146,23,0.4486
B_SeamBoundary,granite_pegmatite,3,32,11740,149,34,0.3000
B_SeamBoundary,granite_pegmatite,3,33,11590,145,37,0.2959
B_SeamBoundary,granite_pegmatite,3,34,11170,135,45,0.2933
B_SeamBoundary,granite_pegmatite,3,35,12070,153,36,0.2961
B_SeamBoundary,granite_pegmatite,3,36,11130,129,33,0.3000
B_SeamBoundary,granite_pegmatite,3,37,11970,142,29,0.2979
B_SeamBoundary,granite_pegmatite,3,38,11130,134,46,0.2933
B_SeamBoundary,granite_pegmatite,3,39,10750,125,35,0.2952
B_SeamBoundary,granite_pegmatite,3,40,11220,139,31,0.2978
B_SeamBoundary,granite_pegmatite,3,41,11790,150,24,0.4400
B_SeamBoundary,granite_pegmatite,3,42,11260,136,30,0.2978
B_SeamBoundary,granite_pegmatite,3,43,11070,129,37,0.2977
B_SeamBoundary,granite_pegmatite,3,44,11510,149,35,0.2960
B_SeamBoundary,granite_pegmatite,3,45,11500,137,31,0.2978
B_SeamBoundary,granite_pegmatite,3,46,11780,148,34,0.2980
B_SeamBoundary,granite_pegmatite,3,47,10870,131,44,0.2977
B_SeamBoundary,granite_pegmatite,3,48,11419,131,17,0.5458
B_SeamBoundary,granite_pegmatite,3,49,12160,157,27,0.3981
B_SeamBoundary,granite_pegmatite,4,0,15550,135,32,0.2956
B_SeamBoundary,granite_pegmatite,4,1,16240,130,46,0.2977
B_SeamBoundary,granite_pegmatite,4,2,11190,132,38,0.2955
B_SeamBoundary,granite_pegmatite,4,3,10990,124,34,0.2976
B_SeamBoundary,granite_pegmatite,4,4,11670,144,31,0.2938
B_SeamBoundary,granite_pegmatite,4,5,11610,138,28,0.3000
B_SeamBoundary,granite_pegmatite,4,6,11910,153,33,0.2961
B_SeamBoundary,granite_pegmatite,4,7,11540,145,38,0.2959
B_SeamBoundary,granite_pegmatite,4,8,11850,146,19,0.5425
B_SeamBoundary,granite_pegmatite,4,9,10920,131,46,0.2954
B_SeamBoundary,granite_pegmatite,4,10,10950,130,37,0.2977
B_SeamBoundary,granite_pegmatite,4,11,11730,156,29,0.3494
B_SeamBoundary,granite_pegmatite,4,12,10650,118,43,0.2949
B_SeamBoundary,granite_pegmatite,4,13,10969,128,36,0.2977
B_SeamBoundary,granite_pegmatite,4,14,11360,140,38,0.2979
B_SeamBoundary,granite_pegmatite,4,15,11770,144,25,0.3882
B_SeamBoundary,granite_pegmatite,4,16,10670,127,43,0.2976
B_SeamBoundary,granite_pegmatite,4,17,10730,126,41,0.2952
B_SeamBoundary,granite_pegmatite,4,18,11510,142,32,0.2979
B_SeamBoundary,granite_pegmatite,4,19,11200,132,31,0.2955
B_SeamBoundary,granite_pegmatite,4,20,11590,143,36,0.2937
B_SeamBoundary,granite_pegmatite,4,21,11390,140,24,0.4000
B_SeamBoundary,granite_pegmatite,4,22,11480,144,31,0.2938
B_SeamBoundary,granite_pegmatite,4,23,11240,137,37,0.2934
B_SeamBoundary,granite_pegmatite,4,24,10500,120,42,0.2975
B_SeamBoundary,granite_pegmatite,4,25,11130,133,35,0.2955
B_SeamBoundary,granite_pegmatite,4,26,11360,137,35,0.2956
B_SeamBoundary,granite_pegmatite,4,27,11390,140,35,0.2957
B_SeamBoundary,granite_pegmatite,4,28,11230,136,30,0.2956
B_SeamBoundary,granite_pegmatite,4,29,11040,131,40,0.3000
B_SeamBoundary,granite_pegmatite,4,30,19010,155,20,0.5465
B_SeamBoundary,granite_pegmatite,4,31,14510,143,36,0.2937
B_SeamBoundary,granite_pegmatite,4,32,11220,130,39,0.2954
B_SeamBoundary,granite_pegmatite,4,33,11550,140,28,0.2979
B_SeamBoundary,granite_pegmatite,4,34,11570,143,31,0.2979
B_SeamBoundary,granite_pegmatite,4,35,11170,139,40,0.2892
B_SeamBoundary,granite_pegmatite,4,36,12189,133,24,0.3684
B_SeamBoundary,granite_pegmatite,4,37,15800,142,34,0.3000
B_SeamBoundary,granite_pegmatite,4,38,15840,136,37,0.2890
B_SeamBoundary,granite_pegmatite,4,39,15920,131,27,0.3000
B_SeamBoundary,granite_pegmatite,4,40,15140,131,44,0.2977
B_SeamBoundary,granite_pegmatite,4,41,15190,123,34,0.3000
B_SeamBoundary,granite_pegmatite,4,42,16540,141,34,0.2957
B_SeamBoundary,granite_pegmatite,4,43,17000,168,24,0.4964
B_SeamBoundary,granite_pegmatite,4,44,15910,141,42,0.2957
B_SeamBoundary,granite_pegmatite,4,45,15760,131,40,0.2977
B_SeamBoundary,granite_pegmatite,4,46,15200,120,42,0.3000
B_SeamBoundary,granite_pegmatite,4,47,15270,127,36,0.2976
B_SeamBoundary,granite_pegmatite,4,48,16140,142,35,0.2979
B_SeamBoundary,granite_pegmatite,4,49,14550,116,45,0.2948
B_SeamBoundary,granite_pegmatite,5,0,15370,127,35,0.3000
B_SeamBoundary,granite_pegmatite,5,1,15710,131,29,0.2977
B_SeamBoundary,granite_pegmatite,5,2,15410,129,45,0.2953
B_SeamBoundary,granite_pegmatite,5,3,15860,143,36,0.2937
B_SeamBoundary,granite_pegmatite,5,4,15820,135,39,0.2956
B_SeamBoundary,granite_pegmatite,5,5,15510,135,43,0.2978
B_SeamBoundary,granite_pegmatite,5,6,15590,131,30,0.2977
B_SeamBoundary,granite_pegmatite,5,7,15390,129,31,0.2977
B_SeamBoundary,granite_pegmatite,5,8,15890,141,40,0.3000
B_SeamBoundary,granite_pegmatite,5,9,15630,136,34,0.2934
B_SeamBoundary,granite_pegmatite,5,10,16070,147,37,0.2939
B_SeamBoundary,granite_pegmatite,5,11,15999,137,22,0.4358
B_SeamBoundary,granite_pegmatite,5,12,15520,135,43,0.3000
B_SeamBoundary,granite_pegmatite,5,13,15110,123,34,0.2951
B_SeamBoundary,granite_pegmatite,5,14,16190,146,31,0.3000
B_SeamBoundary,granite_pegmatite,5,15,15470,129,33,0.2953
B_SeamBoundary,granite_pegmatite,5,16,15960,139,20,0.4899
B_SeamBoundary,granite_pegmatite,5,17,15770,141,36,0.3000
B_SeamBoundary,granite_pegmatite,5,18,15480,131,35,0.3000
B_SeamBoundary,granite_pegmatite,5,19,16050,143,34,0.2979
B_SeamBoundary,granite_pegmatite,5,20,15900,137,31,0.2934
B_SeamBoundary,granite_pegmatite,5,21,15730,131,36,0.3000
B_SeamBoundary,granite_pegmatite,5,22,15730,143,38,0.2916
B_SeamBoundary,granite_pegmatite,5,23,15500,131,40,0.2977
B_SeamBoundary,granite_pegmatite,5,24,15680,136,42,0.2956
B_SeamBoundary,granite_pegmatite,5,25,16170,146,35,0.2938
B_SeamBoundary,granite_pegmatite,5,26,16370,145,34,0.2959
B_SeamBoundary,granite_pegmatite,5,27,16059,141,30,0.3000
B_SeamBoundary,granite_pegmatite,5,28,16350,145,27,0.3483
B_SeamBoundary,granite_pegmatite,5,29,15750,130,33,0.2977
B_SeamBoundary,granite_pegmatite,5,30,15800,140,33,0.2979
B_SeamBoundary,granite_pegmatite,5,31,16370,147,32,0.2980
B_SeamBoundary,granite_pegmatite,5,32,15630,129,40,0.2907
B_SeamBoundary,granite_pegmatite,5,33,15280,133,32,0.2977
B_SeamBoundary,granite_pegmatite,5,34,15820,139,35,0.2957
B_SeamBoundary,granite_pegmatite,5,35,22100,127,34,0.2953
B_SeamBoundary,granite_pegmatite,5,36,15870,142,38,0.2979
B_SeamBoundary,granite_pegmatite,5,37,15280,121,36,0.3000
B_SeamBoundary,granite_pegmatite,5,38,15800,146,42,0.2938
B_SeamBoundary,granite_pegmatite,5,39,15600,134,31,0.3000
B_SeamBoundary,granite_pegmatite,5,40,15580,138,35,0.2891
B_SeamBoundary,granite_pegmatite,5,41,14950,124,44,0.2952
B_SeamBoundary,granite_pegmatite,5,42,16340,151,32,0.2980
B_SeamBoundary,granite_pegmatite,5,43,16029,146,41,0.2918
B_SeamBoundary,granite_pegmatite,5,44,16370,148,23,0.4520
B_SeamBoundary,granite_pegmatite,5,45,15900,142,31,0.2958
B_SeamBoundary,granite_pegmatite,5,46,15100,132,41,0.2977
B_SeamBoundary,granite_pegmatite,5,47,15290,130,39,0.2908
B_SeamBoundary,granite_pegmatite,5,48,16030,136,43,0.2934
B_SeamBoundary,granite_pegmatite,5,49,16110,150,29,0.3213
B_SeamBoundary,folded_metamorphic,1,0,16300,175,34,0.3200
B_SeamBoundary,folded_metamorphic,1,1,17740,188,26,0.5160
B_SeamBoundary,folded_metamorphic,1,2,16230,159,33,0.3000
B_SeamBoundary,folded_metamorphic,1,3,16400,167,28,0.4132
B_SeamBoundary,folded_metamorphic,1,4,16810,169,28,0.4201
B_SeamBoundary,folded_metamorphic,1,5,16940,177,30,0.4068
B_SeamBoundary,folded_metamorphic,1,6,16970,175,25,0.5000
B_SeamBoundary,folded_metamorphic,1,7,16350,165,26,0.4485
B_SeamBoundary,folded_metamorphic,1,8,16870,168,34,0.3000
B_SeamBoundary,folded_metamorphic,1,9,16100,167,36,0.3000
B_SeamBoundary,folded_metamorphic,1,10,15410,134,40,0.2978
B_SeamBoundary,folded_metamorphic,1,11,15990,160,34,0.3000
B_SeamBoundary,folded_metamorphic,1,12,16290,162,24,0.4815
B_SeamBoundary,folded_metamorphic,1,13,16000,162,31,0.3302
B_SeamBoundary,folded_metamorphic,1,14,15530,146,36,0.2979
B_SeamBoundary,folded_metamorphic,1,15,16549,169,31,0.3580
B_SeamBoundary,folded_metamorphic,1,16,16660,172,35,0.3000
B_SeamBoundary,folded_metamorphic,1,17,16240,178,33,0.3511
B_SeamBoundary,folded_metamorphic,1,18,15440,152,41,0.2980
B_SeamBoundary,folded_metamorphic,1,19,15930,149,35,0.3000
B_SeamBoundary,folded_metamorphic,1,20,16590,166,35,0.3000
B_SeamBoundary,folded_metamorphic,1,21,16680,168,38,0.3000
B_SeamBoundary,folded_metamorphic,1,22,16070,155,27,0.3884
B_SeamBoundary,folded_metamorphic,1,23,17720,189,30,0.4429
B_SeamBoundary,folded_metamorphic,1,24,15690,153,41,0.3000
B_SeamBoundary,folded_metamorphic,1,25,16860,168,42,0.3000
B_SeamBoundary,folded_metamorphic,1,26,16490,167,31,0.3503
B_SeamBoundary,folded_metamorphic,1,27,16300,159,44,0.3000
B_SeamBoundary,folded_metamorphic,1,28,16240,164,41,0.3000
B_SeamBoundary,folded_metamorphic,1,29,16310,162,36,0.2981
B_SeamBoundary,folded_metamorphic,1,30,16749,166,40,0.2982
B_SeamBoundary,folded_metamorphic,1,31,17030,171,26,0.4678
B_SeamBoundary,folded_metamorphic,1,32,15690,155,33,0.3000
B_SeamBoundary,folded_metamorphic,1,33,16900,170,23,0.5265
B_SeamBoundary,folded_metamorphic,1,34,16130,163,33,0.2982
B_SeamBoundary,folded_metamorphic,1,35,22410,176,24,0.5227
B_SeamBoundary,folded_metamorphic,1,36,16350,169,39,0.3000
B_SeamBoundary,folded_metamorphic,1,37,16430,160,51,0.3000
B_SeamBoundary,folded_metamorphic,1,38,16360,151,38,0.3000
B_SeamBoundary,folded_metamorphic,1,39,16740,167,29,0.3922
B_SeamBoundary,folded_metamorphic,1,40,17080,173,25,0.4942
B_SeamBoundary,folded_metamorphic,1,41,16140,162,41,0.3000
B_SeamBoundary,folded_metamorphic,1,42,16450,159,32,0.3000
B_SeamBoundary,folded_metamorphic,1,43,16830,164,36,0.3000
B_SeamBoundary,folded_metamorphic,1,44,16480,157,28,0.3739
B_SeamBoundary,folded_metamorphic,1,45,17269,175,25,0.5000
B_SeamBoundary,folded_metamorphic,1,46,16460,157,33,0.3000
B_SeamBoundary,folded_metamorphic,1,47,16610,162,41,0.3000
B_SeamBoundary,folded_metamorphic,1,48,17230,172,34,0.3064
B_SeamBoundary,folded_metamorphic,1,49,15620,153,38,0.3000
B_SeamBoundary,folded_metamorphic,2,0,16360,155,40,0.3000
B_SeamBoundary,folded_metamorphic,2,1,16290,162,43,0.3000
B_SeamBoundary,folded_metamorphic,2,2,15969,150,41,0.2980
B_SeamBoundary,folded_metamorphic,2,3,17080,176,22,0.5625
B_SeamBoundary,folded_metamorphic,2,4,17030,174,29,0.4149
B_SeamBoundary,folded_metamorphic,2,5,16120,154,47,0.3000
B_SeamBoundary,folded_metamorphic,2,6,16710,169,27,0.4408
B_SeamBoundary,folded_metamorphic,2,7,16550,163,38,0.3000
B_SeamBoundary,folded_metamorphic,2,8,16820,170,31,0.3618
B_SeamBoundary,folded_metamorphic,2,9,17170,171,26,0.4678
B_SeamBoundary,folded_metamorphic,2,10,15640,141,37,0.3000
B_SeamBoundary,folded_metamorphic,2,11,17230,186,27,0.4919
B_SeamBoundary,folded_metamorphic,2,12,16720,170,36,0.3000
B_SeamBoundary,folded_metamorphic,2,13,16270,155,38,0.3000
B_SeamBoundary,folded_metamorphic,2,14,17010,161,44,0.3000
B_SeamBoundary,folded_metamorphic,2,15,16010,157,42,0.3000
B_SeamBoundary,folded_metamorphic,2,16,15760,148,52,0.2980
B_SeamBoundary,folded_metamorphic,2,17,17119,171,28,0.4269
B_SeamBoundary,folded_metamorphic,2,18,17170,166,29,0.3886
B_SeamBoundary,folded_metamorphic,2,19,16590,164,40,0.3000
B_SeamBoundary,folded_metamorphic,2,20,16390,163,37,0.3000
B_SeamBoundary,folded_metamorphic,2,21,17010,167,28,0.4132
B_SeamBoundary,folded_metamorphic,2,22,15660,153,38,0.3000
B_SeamBoundary,folded_metamorphic,2,23,15780,160,30,0.3438
B_SeamBoundary,folded_metamorphic,2,24,16170,152,32,0.3000
B_SeamBoundary,folded_metamorphic,2,25,16380,153,33,0.3000
B_SeamBoundary,folded_metamorphic,2,26,17860,190,21,0.6132
B_SeamBoundary,folded_metamorphic,2,27,16510,166,30,0.3675
B_SeamBoundary,folded_metamorphic,2,28,16390,164,34,0.3000
B_SeamBoundary,folded_metamorphic,2,29,17110,170,23,0.5265
B_SeamBoundary,folded_metamorphic,2,30,15950,146,41,0.3000
B_SeamBoundary,folded_metamorphic,2,31,16620,164,30,0.3598
B_SeamBoundary,folded_metamorphic,2,32,16570,158,31,0.3133
B_SeamBoundary,folded_metamorphic,2,33,16809,168,26,0.4583
B_SeamBoundary,folded_metamorphic,2,34,16680,166,38,0.3000
B_SeamBoundary,folded_metamorphic,2,35,23110,152,34,0.2980
B_SeamBoundary,folded_metamorphic,2,36,15990,149,32,0.3000
B_SeamBoundary,folded_metamorphic,2,37,11510,151,39,0.3000
B_SeamBoundary,folded_metamorphic,2,38,12350,170,28,0.4235
B_SeamBoundary,folded_metamorphic,2,39,12850,183,23,0.5601
B_SeamBoundary,folded_metamorphic,2,40,12460,170,34,0.3000
B_SeamBoundary,folded_metamorphic,2,41,11810,162,41,0.3000
B_SeamBoundary,folded_metamorphic,2,42,11720,157,47,0.3000
B_SeamBoundary,folded_metamorphic,2,43,12360,175,33,0.3400
B_SeamBoundary,folded_metamorphic,2,44,12100,163,21,0.5491
B_SeamBoundary,folded_metamorphic,2,45,11800,151,39,0.2980
B_SeamBoundary,folded_metamorphic,2,46,12240,163,37,0.3000
B_SeamBoundary,folded_metamorphic,2,47,11610,152,38,0.3000
B_SeamBoundary,folded_metamorphic,2,48,11280,147,40,0.3000
B_SeamBoundary,folded_metamorphic,2,49,12560,178,31,0.3904
B_SeamBoundary,folded_metamorphic,3,0,11920,155,39,0.3000
B_SeamBoundary,folded_metamorphic,3,1,11660,155,44,0.2981
B_SeamBoundary,folded_metamorphic,3,2,11970,156,38,0.3000
B_SeamBoundary,folded_metamorphic,3,3,12500,168,25,0.4792
B_SeamBoundary,folded_metamorphic,3,4,11820,159,45,0.3000
B_SeamBoundary,folded_metamorphic,3,5,12340,168,23,0.5208
B_SeamBoundary,folded_metamorphic,3,6,12860,179,31,0.3939
B_SeamBoundary,folded_metamorphic,3,7,12930,181,28,0.4569
B_SeamBoundary,folded_metamorphic,3,8,12320,175,38,0.3000
B_SeamBoundary,folded_metamorphic,3,9,12580,171,31,0.3655
B_SeamBoundary,folded_metamorphic,3,10,12270,160,35,0.2981
B_SeamBoundary,folded_metamorphic,3,11,11660,151,39,0.3000
B_SeamBoundary,folded_metamorphic,3,12,12390,171,24,0.5070
B_SeamBoundary,folded_metamorphic,3,13,12750,177,27,0.4661
B_SeamBoundary,folded_metamorphic,3,14,11479,146,41,0.3000
B_SeamBoundary,folded_metamorphic,3,15,11970,162,38,0.3000
B_SeamBoundary,folded_metamorphic,3,16,11770,151,47,0.3000
B_SeamBoundary,folded_metamorphic,3,17,10970,142,41,0.3000
B_SeamBoundary,folded_metamorphic,3,18,13230,190,23,0.5763
B_SeamBoundary,folded_metamorphic,3,19,12800,174,27,0.4569
B_SeamBoundary,folded_metamorphic,3,20,12430,174,35,0.3000
B_SeamBoundary,folded_metamorphic,3,21,12380,170,38,0.3000
B_SeamBoundary,folded_metamorphic,3,22,12420,161,33,0.3000
B_SeamBoundary,folded_metamorphic,3,23,11950,154,32,0.3000
B_SeamBoundary,folded_metamorphic,3,24,12170,162,34,0.3000
B_SeamBoundary,folded_metamorphic,3,25,12640,180,34,0.3389
B_SeamBoundary,folded_metamorphic,3,26,11720,160,44,0.3000
B_SeamBoundary,folded_metamorphic,3,27,11990,157,36,0.2981
B_SeamBoundary,folded_metamorphic,3,28,11860,151,36,0.3000
B_SeamBoundary,folded_metamorphic,3,29,11640,147,45,0.2980
B_SeamBoundary,folded_metamorphic,3,30,12750,177,30,0.4068
B_SeamBoundary,folded_metamorphic,3,31,12080,163,31,0.3344
B_SeamBoundary,folded_metamorphic,3,32,12510,164,27,0.4238
B_SeamBoundary,folded_metamorphic,3,33,12250,165,39,0.3000
B_SeamBoundary,folded_metamorphic,3,34,12540,165,32,0.3194
B_SeamBoundary,folded_metamorphic,3,35,12479,170,36,0.3000
B_SeamBoundary,folded_metamorphic,3,36,12950,171,25,0.4883
B_SeamBoundary,folded_metamorphic,3,37,12360,165,37,0.3000
B_SeamBoundary,folded_metamorphic,3,38,11780,159,44,0.3000
B_SeamBoundary,folded_metamorphic,3,39,11310,143,34,0.3000
B_SeamBoundary,folded_metamorphic,3,40,12380,168,32,0.3333
B_SeamBoundary,folded_metamorphic,3,41,13210,190,25,0.5395
B_SeamBoundary,folded_metamorphic,3,42,93260,161,29,0.3696
B_SeamBoundary,folded_metamorphic,3,43,86739,163,31,0.3344
B_SeamBoundary,folded_metamorphic,3,44,19170,169,32,0.3373
B_SeamBoundary,folded_metamorphic,3,45,17520,162,32,0.3086
B_SeamBoundary,folded_metamorphic,3,46,16780,171,36,0.3000
B_SeamBoundary,folded_metamorphic,3,47,17930,171,47,0.3000
B_SeamBoundary,folded_metamorphic,3,48,12310,159,21,0.5377
B_SeamBoundary,folded_metamorphic,3,49,13190,190,16,0.7053
B_SeamBoundary,folded_metamorphic,4,0,11980,158,36,0.3000
B_SeamBoundary,folded_metamorphic,4,1,11610,159,46,0.3000
B_SeamBoundary,folded_metamorphic,4,2,11870,151,40,0.3000
B_SeamBoundary,folded_metamorphic,4,3,12079,156,37,0.3000
B_SeamBoundary,folded_metamorphic,4,4,12450,169,32,0.3373
B_SeamBoundary,folded_metamorphic,4,5,12190,161,30,0.3478
B_SeamBoundary,folded_metamorphic,4,6,12860,186,27,0.4919
B_SeamBoundary,folded_metamorphic,4,7,11950,154,32,0.3000
B_SeamBoundary,folded_metamorphic,4,8,12500,175,29,0.4200
B_SeamBoundary,folded_metamorphic,4,9,11610,150,45,0.3000
B_SeamBoundary,folded_metamorphic,4,10,12410,164,34,0.2982
B_SeamBoundary,folded_metamorphic,4,11,12590,173,32,0.3526
B_SeamBoundary,folded_metamorphic,4,12,32250,145,34,0.3000
B_SeamBoundary,folded_metamorphic,4,13,12150,157,29,0.3535
B_SeamBoundary,folded_metamorphic,4,14,12690,170,32,0.3412
B_SeamBoundary,folded_metamorphic,4,15,12120,164,28,0.4006
B_SeamBoundary,folded_metamorphic,4,16,12340,168,41,0.2982
B_SeamBoundary,folded_metamorphic,4,17,11880,155,43,0.3000
B_SeamBoundary,folded_metamorphic,4,18,12280,166,30,0.3657
B_SeamBoundary,folded_metamorphic,4,19,11980,165,38,0.3000
B_SeamBoundary,folded_metamorphic,4,20,12130,163,37,0.2982
B_SeamBoundary,folded_metamorphic,4,21,12250,170,28,0.4235
B_SeamBoundary,folded_metamorphic,4,22,12250,163,36,0.3000
B_SeamBoundary,folded_metamorphic,4,23,13019,160,42,0.2981
B_SeamBoundary,folded_metamorphic,4,24,12390,163,43,0.3000
B_SeamBoundary,folded_metamorphic,4,25,11730,161,44,0.3000
B_SeamBoundary,folded_metamorphic,4,26,11840,158,36,0.3000
B_SeamBoundary,folded_metamorphic,4,27,12310,161,44,0.2981
B_SeamBoundary,folded_metamorphic,4,28,12390,164,28,0.4024
B_SeamBoundary,folded_metamorphic,4,29,12070,159,35,0.3000
B_SeamBoundary,folded_metamorphic,4,30,13120,189,29,0.4630
B_SeamBoundary,folded_metamorphic,4,31,12510,171,39,0.3000
B_SeamBoundary,folded_metamorphic,4,32,11830,153,35,0.3000
B_SeamBoundary,folded_metamorphic,4,33,12160,162,34,0.3000
B_SeamBoundary,folded_metamorphic,4,34,12100,167,32,0.3275
B_SeamBoundary,folded_metamorphic,4,35,12310,165,35,0.3000
B_SeamBoundary,folded_metamorphic,4,36,11650,148,28,0.3378
B_SeamBoundary,folded_metamorphic,4,37,12030,165,44,0.2982
B_SeamBoundary,folded_metamorphic,4,38,12130,145,46,0.3000
B_SeamBoundary,folded_metamorphic,4,39,12630,161,39,0.2981
B_SeamBoundary,folded_metamorphic,4,40,11550,154,42,0.3000
B_SeamBoundary,folded_metamorphic,4,41,11790,156,40,0.3000
B_SeamBoundary,folded_metamorphic,4,42,12080,163,34,0.3000
B_SeamBoundary,folded_metamorphic,4,43,12940,185,27,0.4876
B_SeamBoundary,folded_metamorphic,4,44,11809,164,36,0.3000
B_SeamBoundary,folded_metamorphic,4,45,11950,155,33,0.3000
B_SeamBoundary,folded_metamorphic,4,46,11730,157,45,0.3000
B_SeamBoundary,folded_metamorphic,4,47,11550,147,44,0.3000
B_SeamBoundary,folded_metamorphic,4,48,12030,162,34,0.3000
B_SeamBoundary,folded_metamorphic,4,49,11800,143,47,0.3000
B_SeamBoundary,folded_metamorphic,5,0,17790,151,38,0.3000
B_SeamBoundary,folded_metamorphic,5,1,15280,156,35,0.3000
B_SeamBoundary,folded_metamorphic,5,2,11840,153,30,0.3137
B_SeamBoundary,folded_metamorphic,5,3,12890,177,36,0.3000
B_SeamBoundary,folded_metamorphic,5,4,12279,163,39,0.3000
B_SeamBoundary,folded_metamorphic,5,5,11560,155,43,0.3000
B_SeamBoundary,folded_metamorphic,5,6,11870,156,26,0.4167
B_SeamBoundary,folded_metamorphic,5,7,12040,155,34,0.3000
B_SeamBoundary,folded_metamorphic,5,8,12590,175,30,0.4000
B_SeamBoundary,folded_metamorphic,5,9,11930,157,31,0.3089
B_SeamBoundary,folded_metamorphic,5,10,12220,164,45,0.3000
B_SeamBoundary,folded_metamorphic,5,11,11470,143,37,0.3000
B_SeamBoundary,folded_metamorphic,5,12,12100,167,49,0.3000
B_SeamBoundary,folded_metamorphic,5,13,11820,152,33,0.3000
B_SeamBoundary,folded_metamorphic,5,14,12300,167,31,0.3503
B_SeamBoundary,folded_metamorphic,5,15,11740,158,31,0.3133
B_SeamBoundary,folded_metamorphic,5,16,12140,156,31,0.3045
B_SeamBoundary,folded_metamorphic,5,17,12320,174,31,0.3764
B_SeamBoundary,folded_metamorphic,5,18,12460,173,28,0.4335
B_SeamBoundary,folded_metamorphic,5,19,12240,164,28,0.4024
B_SeamBoundary,folded_metamorphic,5,20,11440,148,43,0.3000
B_SeamBoundary,folded_metamorphic,5,21,11850,159,41,0.2981
B_SeamBoundary,folded_metamorphic,5,22,11970,165,39,0.3000
B_SeamBoundary,folded_metamorphic,5,23,12050,157,38,0.3000
B_SeamBoundary,folded_metamorphic,5,24,12040,168,33,0.3125
B_SeamBoundary,folded_metamorphic,5,25,16009,157,40,0.3000
B_SeamBoundary,folded_metamorphic,5,26,12380,166,25,0.4729
B_SeamBoundary,folded_metamorphic,5,27,12490,174,35,0.2983
B_SeamBoundary,folded_metamorphic,5,28,12750,176,23,0.5426
B_SeamBoundary,folded_metamorphic,5,29,11500,153,31,0.2961
B_SeamBoundary,folded_metamorphic,5,30,13820,168,46,0.3000
B_SeamBoundary,folded_metamorphic,5,31,11990,165,35,0.3000
B_SeamBoundary,folded_metamorphic,5,32,11640,154,30,0.3162
B_SeamBoundary,folded_metamorphic,5,33,12110,165,31,0.3424
B_SeamBoundary,folded_metamorphic,5,34,12070,160,30,0.3438
B_SeamBoundary,folded_metamorphic,5,35,11720,153,37,0.3000
B_SeamBoundary,folded_metamorphic,5,36,12000,160,36,0.3000
B_SeamBoundary,folded_metamorphic,5,37,11330,142,40,0.3000
B_SeamBoundary,folded_metamorphic,5,38,12280,175,37,0.3000
B_SeamBoundary,folded_metamorphic,5,39,12220,162,33,0.3000
B_SeamBoundary,folded_metamorphic,5,40,13300,154,33,0.3000
B_SeamBoundary,folded_metamorphic,5,41,15740,150,40,0.2980
B_SeamBoundary,folded_metamorphic,5,42,12970,183,28,0.4645
B_SeamBoundary,folded_metamorphic,5,43,12450,174,32,0.3546
B_SeamBoundary,folded_metamorphic,5,44,12970,184,26,0.5038
B_SeamBoundary,folded_metamorphic,5,45,12919,179,29,0.4330
B_SeamBoundary,folded_metamorphic,5,46,12110,159,38,0.3000
B_SeamBoundary,folded_metamorphic,5,47,11850,154,43,0.3000
B_SeamBoundary,folded_metamorphic,5,48,12200,166,42,0.3000
B_SeamBoundary,folded_metamorphic,5,49,12690,177,32,0.3672
B_SeamBoundary,volcanic_complex,1,0,7370,60,26,0.3000
B_SeamBoundary,volcanic_complex,1,1,7470,71,28,0.3000
B_SeamBoundary,volcanic_complex,1,2,7370,67,35,0.3000
B_SeamBoundary,volcanic_complex,1,3,7150,55,28,0.3000
B_SeamBoundary,volcanic_complex,1,4,7440,63,28,0.3000
B_SeamBoundary,volcanic_complex,1,5,7490,70,26,0.3000
B_SeamBoundary,volcanic_complex,1,6,7640,72,24,0.3000
B_SeamBoundary,volcanic_complex,1,7,7220,61,26,0.3000
B_SeamBoundary,volcanic_complex,1,8,7230,62,27,0.3000
B_SeamBoundary,volcanic_complex,1,9,6890,57,33,0.3000
B_SeamBoundary,volcanic_complex,1,10,6830,44,25,0.3000
B_SeamBoundary,volcanic_complex,1,11,6910,52,23,0.3000
B_SeamBoundary,volcanic_complex,1,12,7060,56,27,0.3000
B_SeamBoundary,volcanic_complex,1,13,7399,65,22,0.3000
B_SeamBoundary,volcanic_complex,1,14,7280,65,26,0.3000
B_SeamBoundary,volcanic_complex,1,15,6990,57,29,0.3000
B_SeamBoundary,volcanic_complex,1,16,7210,65,28,0.3000
B_SeamBoundary,volcanic_complex,1,17,7230,62,26,0.3000
B_SeamBoundary,volcanic_complex,1,18,6650,50,30,0.3000
B_SeamBoundary,volcanic_complex,1,19,6880,57,29,0.3000
B_SeamBoundary,volcanic_complex,1,20,7030,61,28,0.3000
B_SeamBoundary,volcanic_complex,1,21,7360,68,18,0.3000
B_SeamBoundary,volcanic_complex,1,22,6870,62,31,0.3000
B_SeamBoundary,volcanic_complex,1,23,7190,69,33,0.3000
B_SeamBoundary,volcanic_complex,1,24,6950,56,24,0.3000
B_SeamBoundary,volcanic_complex,1,25,6840,52,27,0.3000
B_SeamBoundary,volcanic_complex,1,26,7160,59,26,0.3000
B_SeamBoundary,volcanic_complex,1,27,7160,58,28,0.3000
B_SeamBoundary,volcanic_complex,1,28,7290,65,23,0.3000
B_SeamBoundary,volcanic_complex,1,29,7310,73,30,0.3000
B_SeamBoundary,volcanic_complex,1,30,7130,60,24,0.3000
B_SeamBoundary,volcanic_complex,1,31,6650,53,37,0.3000
B_SeamBoundary,volcanic_complex,1,32,7000,61,31,0.3000
B_SeamBoundary,volcanic_complex,1,33,7120,65,32,0.3000
B_SeamBoundary,volcanic_complex,1,34,14960,60,27,0.3000
B_SeamBoundary,volcanic_complex,1,35,7300,64,21,0.3000
B_SeamBoundary,volcanic_complex,1,36,7170,65,28,0.3000
B_SeamBoundary,volcanic_complex,1,37,7000,59,27,0.3000
B_SeamBoundary,volcanic_complex,1,38,7000,57,26,0.3000
B_SeamBoundary,volcanic_complex,1,39,7430,64,21,0.3000
B_SeamBoundary,volcanic_complex,1,40,7310,63,17,0.3000
B_SeamBoundary,volcanic_complex,1,41,6840,56,32,0.3000
B_SeamBoundary,volcanic_complex,1,42,6730,53,29,0.3000
B_SeamBoundary,volcanic_complex,1,43,7230,66,24,0.3000
B_SeamBoundary,volcanic_complex,1,44,6670,48,20,0.3000
B_SeamBoundary,volcanic_complex,1,45,7170,65,29,0.3000
B_SeamBoundary,volcanic_complex,1,46,7220,62,22,0.3000
B_SeamBoundary,volcanic_complex,1,47,6639,53,30,0.3000
B_SeamBoundary,volcanic_complex,1,48,7210,63,26,0.3000
B_SeamBoundary,volcanic_complex,1,49,6940,58,26,0.3000
B_SeamBoundary,volcanic_complex,2,0,6760,52,29,0.3000
B_SeamBoundary,volcanic_complex,2,1,6830,59,34,0.3000
B_SeamBoundary,volcanic_complex,2,2,7010,61,25,0.3000
B_SeamBoundary,volcanic_complex,2,3,7340,68,24,0.3000
B_SeamBoundary,volcanic_complex,2,4,6950,62,34,0.3000
B_SeamBoundary,volcanic_complex,2,5,6720,48,26,0.3000
B_SeamBoundary,volcanic_complex,2,6,7200,64,23,0.3000
B_SeamBoundary,volcanic_complex,2,7,6680,53,27,0.3000
B_SeamBoundary,volcanic_complex,2,8,7210,68,30,0.3000
B_SeamBoundary,volcanic_complex,2,9,7300,65,24,0.3000
B_SeamBoundary,volcanic_complex,2,10,6850,56,27,0.3000
B_SeamBoundary,volcanic_complex,2,11,7260,65,23,0.3000
B_SeamBoundary,volcanic_complex,2,12,7120,66,26,0.3000
B_SeamBoundary,volcanic_complex,2,13,6880,59,28,0.3000
B_SeamBoundary,volcanic_complex,2,14,6890,57,27,0.3000
B_SeamBoundary,volcanic_complex,2,15,7000,56,22,0.3000
B_SeamBoundary,volcanic_complex,2,16,6840,52,25,0.3000
B_SeamBoundary,volcanic_complex,2,17,7210,65,30,0.3000
B_SeamBoundary,volcanic_complex,2,18,7200,66,24,0.3000
B_SeamBoundary,volcanic_complex,2,19,6880,58,30,0.3000
B_SeamBoundary,volcanic_complex,2,20,7130,62,27,0.3000
B_SeamBoundary,volcanic_complex,2,21,7259,64,26,0.3000
B_SeamBoundary,volcanic_complex,2,22,6740,52,28,0.3000
B_SeamBoundary,volcanic_complex,2,23,7100,60,28,0.3000
B_SeamBoundary,volcanic_complex,2,24,6580,51,31,0.3000
B_SeamBoundary,volcanic_complex,2,25,6790,57,23,0.3000
B_SeamBoundary,volcanic_complex,2,26,7470,71,22,0.3000
B_SeamBoundary,volcanic_complex,2,27,6920,61,33,0.3000
B_SeamBoundary,volcanic_complex,2,28,6850,59,26,0.3000
B_SeamBoundary,volcanic_complex,2,29,6980,63,29,0.3000
B_SeamBoundary,volcanic_complex,2,30,6580,53,31,0.3000
B_SeamBoundary,volcanic_complex,2,31,6940,65,31,0.3000
B_SeamBoundary,volcanic_complex,2,32,6970,60,29,0.3000
B_SeamBoundary,volcanic_complex,2,33,7150,63,26,0.3000
B_SeamBoundary,volcanic_complex,2,34,6750,56,32,0.3000
B_SeamBoundary,volcanic_complex,2,35,6720,50,24,0.3000
B_SeamBoundary,volcanic_complex,2,36,6910,56,25,0.3000
B_SeamBoundary,volcanic_complex,2,37,6430,45,27,0.3000
B_SeamBoundary,volcanic_complex,2,38,7230,66,21,0.3000
B_SeamBoundary,volcanic_complex,2,39,7230,63,26,0.3000
B_SeamBoundary,volcanic_complex,2,40,6700,54,32,0.3000
B_SeamBoundary,volcanic_complex,2,41,7110,61,23,0.3000
B_SeamBoundary,volcanic_complex,2,42,6800,50,27,0.3000
B_SeamBoundary,volcanic_complex,2,43,6930,60,34,0.3000
B_SeamBoundary,volcanic_complex,2,44,7340,67,26,0.3000
B_SeamBoundary,volcanic_complex,2,45,6970,58,24,0.3000
B_SeamBoundary,volcanic_complex,2,46,6780,56,26,0.3000
B_SeamBoundary,volcanic_complex,2,47,6960,61,29,0.3000
B_SeamBoundary,volcanic_complex,2,48,6890,55,26,0.3000
B_SeamBoundary,volcanic_complex,2,49,7020,62,27,0.3000
B_SeamBoundary,volcanic_complex,3,0,6930,64,34,0.3000
B_SeamBoundary,volcanic_complex,3,1,7160,63,24,0.3000
B_SeamBoundary,volcanic_complex,3,2,6770,60,39,0.3000
B_SeamBoundary,volcanic_complex,3,3,6690,52,34,0.3000
B_SeamBoundary,volcanic_complex,3,4,7060,55,20,0.3000
B_SeamBoundary,volcanic_complex,3,5,7300,66,27,0.3000
B_SeamBoundary,volcanic_complex,3,6,7250,67,26,0.3000
B_SeamBoundary,volcanic_complex,3,7,7060,59,24,0.3000
B_SeamBoundary,volcanic_complex,3,8,6860,57,27,0.3000
B_SeamBoundary,volcanic_complex,3,9,7660,46,26,0.3000
B_SeamBoundary,volcanic_complex,3,10,9920,57,27,0.3000
B_SeamBoundary,volcanic_complex,3,11,6610,49,28,0.3000
B_SeamBoundary,volcanic_complex,3,12,6850,57,28,0.3000
B_SeamBoundary,volcanic_complex,3,13,6980,57,23,0.3000
B_SeamBoundary,volcanic_complex,3,14,6880,55,25,0.3000
B_SeamBoundary,volcanic_complex,3,15,7360,70,19,0.3000
B_SeamBoundary,volcanic_complex,3,16,6850,54,25,0.3000
B_SeamBoundary,volcanic_complex,3,17,6850,59,22,0.3000
B_SeamBoundary,volcanic_complex,3,18,7440,70,19,0.3000
B_SeamBoundary,volcanic_complex,3,19,7220,68,31,0.3000
B_SeamBoundary,volcanic_complex,3,20,7190,64,21,0.3000
B_SeamBoundary,volcanic_complex,3,21,7290,65,30,0.3000
B_SeamBoundary,volcanic_complex,3,22,7060,58,25,0.3000
B_SeamBoundary,volcanic_complex,3,23,6580,47,20,0.3000
B_SeamBoundary,volcanic_complex,3,24,7140,62,24,0.3000
B_SeamBoundary,volcanic_complex,3,25,7040,60,27,0.3000
B_SeamBoundary,volcanic_complex,3,26,7340,69,25,0.3000
B_SeamBoundary,volcanic_complex,3,27,7110,66,30,0.3000
B_SeamBoundary,volcanic_complex,3,28,6830,56,30,0.3000
B_SeamBoundary,volcanic_complex,3,29,7030,64,30,0.3000
B_SeamBoundary,volcanic_complex,3,30,10340,64,23,0.3000
B_SeamBoundary,volcanic_complex,3,31,8429,64,25,0.3000
B_SeamBoundary,volcanic_complex,3,32,6990,59,26,0.3000
B_SeamBoundary,volcanic_complex,3,33,6890,60,33,0.3000
B_SeamBoundary,volcanic_complex,3,34,6980,59,28,0.3000
B_SeamBoundary,volcanic_complex,3,35,6820,55,30,0.3000
B_SeamBoundary,volcanic_complex,3,36,7060,61,20,0.3000
B_SeamBoundary,volcanic_complex,3,37,6870,61,31,0.3000
B_SeamBoundary,volcanic_complex,3,38,6910,56,26,0.3000
B_SeamBoundary,volcanic_complex,3,39,6710,54,30,0.3000
B_SeamBoundary,volcanic_complex,3,40,6620,53,30,0.3000
B_SeamBoundary,volcanic_complex,3,41,7190,70,22,0.3000
B_SeamBoundary,volcanic_complex,3,42,8010,62,25,0.3000
B_SeamBoundary,volcanic_complex,3,43,10310,59,27,0.3000
B_SeamBoundary,volcanic_complex,3,44,14660,51,28,0.3000
B_SeamBoundary,volcanic_complex,3,45,10090,61,17,0.3000
B_SeamBoundary,volcanic_complex,3,46,11010,65,32,0.3000
B_SeamBoundary,volcanic_complex,3,47,7230,64,26,0.3000
B_SeamBoundary,volcanic_complex,3,48,6410,44,28,0.3000
B_SeamBoundary,volcanic_complex,3,49,7200,68,28,0.3000
B_SeamBoundary,volcanic_complex,4,0,10679,63,24,0.3000
B_SeamBoundary,volcanic_complex,4,1,10310,61,23,0.3000
B_SeamBoundary,volcanic_complex,4,2,9920,52,29,0.3000
B_SeamBoundary,volcanic_complex,4,3,10580,57,29,0.3000
B_SeamBoundary,volcanic_complex,4,4,10520,67,22,0.3000
B_SeamBoundary,volcanic_complex,4,5,7810,65,28,0.3000
B_SeamBoundary,volcanic_complex,4,6,10340,72,28,0.3000
B_SeamBoundary,volcanic_complex,4,7,7260,69,24,0.3000
B_SeamBoundary,volcanic_complex,4,8,6850,63,33,0.3000
B_SeamBoundary,volcanic_complex,4,9,6790,58,33,0.3000
B_SeamBoundary,volcanic_complex,4,10,6770,57,22,0.3000
B_SeamBoundary,volcanic_complex,4,11,6910,67,24,0.3000
B_SeamBoundary,volcanic_complex,4,12,6650,51,27,0.3000
B_SeamBoundary,volcanic_complex,4,13,6520,51,30,0.3000
B_SeamBoundary,volcanic_complex,4,14,6940,58,23,0.3000
B_SeamBoundary,volcanic_complex,4,15,6970,61,24,0.3000
B_SeamBoundary,volcanic_complex,4,16,6710,51,24,0.3000
B_SeamBoundary,volcanic_complex,4,17,6340,46,29,0.3000
B_SeamBoundary,volcanic_complex,4,18,6990,65,24,0.3000
B_SeamBoundary,volcanic_complex,4,19,6860,62,30,0.3000
B_SeamBoundary,volcanic_complex,4,20,7190,70,25,0.3000
B_SeamBoundary,volcanic_complex,4,21,7040,69,22,0.3000
B_SeamBoundary,volcanic_complex,4,22,6910,62,30,0.3000
B_SeamBoundary,volcanic_complex,4,23,6940,63,27,0.3000
B_SeamBoundary,volcanic_complex,4,24,6930,61,30,0.3000
B_SeamBoundary,volcanic_complex,4,25,6900,60,24,0.3000
B_SeamBoundary,volcanic_complex,4,26,7110,63,20,0.3000
B_SeamBoundary,volcanic_complex,4,27,6730,56,32,0.3000
B_SeamBoundary,volcanic_complex,4,28,6860,60,26,0.3000
B_SeamBoundary,volcanic_complex,4,29,7020,62,24,0.3000
B_SeamBoundary,volcanic_complex,4,30,7150,70,29,0.3000
B_SeamBoundary,volcanic_complex,4,31,6880,65,29,0.3000
B_SeamBoundary,volcanic_complex,4,32,6659,60,34,0.3000
B_SeamBoundary,volcanic_complex,4,33,6800,59,31,0.3000
B_SeamBoundary,volcanic_complex,4,34,7220,72,24,0.3000
B_SeamBoundary,volcanic_complex,4,35,6960,60,34,0.3000
B_SeamBoundary,volcanic_complex,4,36,6710,60,24,0.3000
B_SeamBoundary,volcanic_complex,4,37,6740,59,33,0.3000
B_SeamBoundary,volcanic_complex,4,38,6940,63,28,0.3000
B_SeamBoundary,volcanic_complex,4,39,6760,55,24,0.3000
B_SeamBoundary,volcanic_complex,4,40,6560,56,35,0.3000
B_SeamBoundary,volcanic_complex,4,41,6660,56,33,0.3000
B_SeamBoundary,volcanic_complex,4,42,6800,58,25,0.3000
B_SeamBoundary,volcanic_complex,4,43,6870,64,27,0.3000
B_SeamBoundary,volcanic_complex,4,44,6900,59,21,0.3000
B_SeamBoundary,volcanic_complex,4,45,6890,59,21,0.3000
B_SeamBoundary,volcanic_complex,4,46,6770,51,17,0.3000
B_SeamBoundary,volcanic_complex,4,47,6400,51,28,0.3000
B_SeamBoundary,volcanic_complex,4,48,6960,61,30,0.3000
B_SeamBoundary,volcanic_complex,4,49,6290,50,36,0.3000
B_SeamBoundary,volcanic_complex,5,0,6410,50,29,0.3000
B_SeamBoundary,volcanic_complex,5,1,6670,53,27,0.3000
B_SeamBoundary,volcanic_complex,5,2,6630,53,23,0.3000
B_SeamBoundary,volcanic_complex,5,3,6870,59,23,0.3000
B_SeamBoundary,volcanic_complex,5,4,6570,52,29,0.3000
B_SeamBoundary,volcanic_complex,5,5,6680,54,28,0.3000
B_SeamBoundary,volcanic_complex,5,6,6650,54,26,0.3000
B_SeamBoundary,volcanic_complex,5,7,6530,51,21,0.3000
B_SeamBoundary,volcanic_complex,5,8,7039,63,23,0.3000
B_SeamBoundary,volcanic_complex,5,9,6770,62,31,0.3000
B_SeamBoundary,volcanic_complex,5,10,7520,79,16,0.3000
B_SeamBoundary,volcanic_complex,5,11,6500,54,35,0.3000
B_SeamBoundary,volcanic_complex,5,12,6880,56,30,0.3000
B_SeamBoundary,volcanic_complex,5,13,6860,56,24,0.3000
B_SeamBoundary,volcanic_complex,5,14,7450,78,24,0.3000
B_SeamBoundary,volcanic_complex,5,15,6780,55,24,0.3000
B_SeamBoundary,volcanic_complex,5,16,6930,58,26,0.3000
B_SeamBoundary,volcanic_complex,5,17,7200,69,20,0.3000
B_SeamBoundary,volcanic_complex,5,18,6900,60,22,0.3000
B_SeamBoundary,volcanic_complex,5,19,6810,63,28,0.3000
B_SeamBoundary,volcanic_complex,5,20,6990,62,25,0.3000
B_SeamBoundary,volcanic_complex,5,21,6570,53,27,0.3000
B_SeamBoundary,volcanic_complex,5,22,6660,56,27,0.3000
B_SeamBoundary,volcanic_complex,5,23,6780,58,30,0.3000
B_SeamBoundary,volcanic_complex,5,24,7020,68,36,0.3000
B_SeamBoundary,volcanic_complex,5,25,6790,59,27,0.3000
B_SeamBoundary,volcanic_complex,5,26,7040,65,29,0.3000
B_SeamBoundary,volcanic_complex,5,27,6520,52,30,0.3000
B_SeamBoundary,volcanic_complex,5,28,6630,60,32,0.3000
B_SeamBoundary,volcanic_complex,5,29,7090,64,24,0.3000
B_SeamBoundary,volcanic_complex,5,30,6850,60,27,0.3000
B_SeamBoundary,volcanic_complex,5,31,6850,62,30,0.3000
B_SeamBoundary,volcanic_complex,5,32,8690,55,26,0.3000
B_SeamBoundary,volcanic_complex,5,33,6670,60,33,0.3000
B_SeamBoundary,volcanic_complex,5,34,6780,57,23,0.3000
B_SeamBoundary,volcanic_complex,5,35,6420,56,35,0.3000
B_SeamBoundary,volcanic_complex,5,36,7160,65,21,0.3000
B_SeamBoundary,volcanic_complex,5,37,6820,62,26,0.3000
B_SeamBoundary,volcanic_complex,5,38,7050,63,29,0.3000
B_SeamBoundary,volcanic_complex,5,39,6740,57,32,0.3000
B_SeamBoundary,volcanic_complex,5,40,6550,53,28,0.3000
B_SeamBoundary,volcanic_complex,5,41,7400,57,31,0.3000
B_SeamBoundary,volcanic_complex,5,42,10200,58,28,0.3000
B_SeamBoundary,volcanic_complex,5,43,9720,61,33,0.3000
B_SeamBoundary,volcanic_complex,5,44,10599,64,26,0.3000
B_SeamBoundary,volcanic_complex,5,45,10130,58,22,0.3000
B_SeamBoundary,volcanic_complex,5,46,6760,53,26,0.3000
B_SeamBoundary,volcanic_complex,5,47,6460,50,34,0.3000
B_SeamBoundary,volcanic_complex,5,48,6850,60,30,0.3000
B_SeamBoundary,volcanic_complex,5,49,6900,65,26,0.3000
C_PerlinWorm,uniform_stone,1,0,1670,11,6,0.1833
C_PerlinWorm,uniform_stone,1,1,1590,8,6,0.1333
C_PerlinWorm,uniform_stone,1,2,1820,16,6,0.2667
C_PerlinWorm,uniform_stone,1,3,1740,13,7,0.1857
C_PerlinWorm,uniform_stone,1,4,1690,11,5,0.2200
C_PerlinWorm,uniform_stone,1,5,1770,14,5,0.2800
C_PerlinWorm,uniform_stone,1,6,1670,10,3,0.3333
C_PerlinWorm,uniform_stone,1,7,1400,4,2,0.2000
C_PerlinWorm,uniform_stone,1,8,1640,9,4,0.2250
C_PerlinWorm,uniform_stone,1,9,1360,3,1,0.3000
C_PerlinWorm,uniform_stone,1,10,1520,7,4,0.1750
C_PerlinWorm,uniform_stone,1,11,1640,11,8,0.1375
C_PerlinWorm,uniform_stone,1,12,1390,3,1,0.3000
C_PerlinWorm,uniform_stone,1,13,1730,12,6,0.2000
C_PerlinWorm,uniform_stone,1,14,1360,3,3,0.1000
C_PerlinWorm,uniform_stone,1,15,2080,19,7,0.2714
C_PerlinWorm,uniform_stone,1,16,1800,12,4,0.3000
C_PerlinWorm,uniform_stone,1,17,1380,3,2,0.1500
C_PerlinWorm,uniform_stone,1,18,1840,17,5,0.3400
C_PerlinWorm,uniform_stone,1,19,1870,14,6,0.2333
C_PerlinWorm,uniform_stone,1,20,1710,12,4,0.3000
C_PerlinWorm,uniform_stone,1,21,1620,11,7,0.1571
C_PerlinWorm,uniform_stone,1,22,1370,3,2,0.1500
C_PerlinWorm,uniform_stone,1,23,1860,15,4,0.3750
C_PerlinWorm,uniform_stone,1,24,1520,9,5,0.1800
C_PerlinWorm,uniform_stone,1,25,1840,15,8,0.1875
C_PerlinWorm,uniform_stone,1,26,1490,6,2,0.3000
C_PerlinWorm,uniform_stone,1,27,1560,9,5,0.1800
C_PerlinWorm,uniform_stone,1,28,1600,8,4,0.2000
C_PerlinWorm,uniform_stone,1,29,1780,15,8,0.1875
C_PerlinWorm,uniform_stone,1,30,1520,7,1,0.7000
C_PerlinWorm,uniform_stone,1,31,1870,18,8,0.2250
C_PerlinWorm,uniform_stone,1,32,1700,13,8,0.1625
C_PerlinWorm,uniform_stone,1,33,1600,9,5,0.1800
C_PerlinWorm,uniform_stone,1,34,1590,11,7,0.1571
C_PerlinWorm,uniform_stone,1,35,1790,14,7,0.2000
C_PerlinWorm,uniform_stone,1,36,1410,5,4,0.1250
C_PerlinWorm,uniform_stone,1,37,1480,7,4,0.1750
C_PerlinWorm,uniform_stone,1,38,1480,6,4,0.1500
C_PerlinWorm,uniform_stone,1,39,1430,5,2,0.2500
C_PerlinWorm,uniform_stone,1,40,1860,19,10,0.1900
C_PerlinWorm,uniform_stone,1,41,1510,6,2,0.3000
C_PerlinWorm,uniform_stone,1,42,1800,15,9,0.1667
C_PerlinWorm,uniform_stone,1,43,2020,6,4,0.1500
C_PerlinWorm,uniform_stone,1,44,2420,18,4,0.4500
C_PerlinWorm,uniform_stone,1,45,2300,20,7,0.2857
C_PerlinWorm,uniform_stone,1,46,1870,8,3,0.2667
C_PerlinWorm,uniform_stone,1,47,1910,8,4,0.2000
C_PerlinWorm,uniform_stone,1,48,2060,13,8,0.1625
C_PerlinWorm,uniform_stone,1,49,2280,16,11,0.1455
C_PerlinWorm,uniform_stone,2,0,1660,2,1,0.2000
C_PerlinWorm,uniform_stone,2,1,1830,3,2,0.1500
C_PerlinWorm,uniform_stone,2,2,1960,9,5,0.1800
C_PerlinWorm,uniform_stone,2,3,1990,10,6,0.1667
C_PerlinWorm,uniform_stone,2,4,1910,5,4,0.1250
C_PerlinWorm,uniform_stone,2,5,1840,6,3,0.2000
C_PerlinWorm,uniform_stone,2,6,2210,18,10,0.1800
C_PerlinWorm,uniform_stone,2,7,1980,6,4,0.1500
C_PerlinWorm,uniform_stone,2,8,2100,13,7,0.1857
C_PerlinWorm,uniform_stone,2,9,1730,5,4,0.1250
C_PerlinWorm,uniform_stone,2,10,2250,19,8,0.2375
C_PerlinWorm,uniform_stone,2,11,2350,17,10,0.1700
C_PerlinWorm,uniform_stone,2,12,1710,4,2,0.2000
C_PerlinWorm,uniform_stone,2,13,2090,11,6,0.1833
C_PerlinWorm,uniform_stone,2,14,2680,22,11,0.2000
C_PerlinWorm,uniform_stone,2,15,2110,22,11,0.2000
C_PerlinWorm,uniform_stone,2,16,1590,10,5,0.2000
C_PerlinWorm,uniform_stone,2,17,1490,8,5,0.1600
C_PerlinWorm,uniform_stone,2,18,1420,5,2,0.2500
C_PerlinWorm,uniform_stone,2,19,1710,13,8,0.1625
C_PerlinWorm,uniform_stone,2,20,1500,6,3,0.2000
C_PerlinWorm,uniform_stone,2,21,1400,4,3,0.1333
C_PerlinWorm,uniform_stone,2,22,1630,12,7,0.1714
C_PerlinWorm,uniform_stone,2,23,1480,6,4,0.1500
C_PerlinWorm,uniform_stone,2,24,1390,4,2,0.2000
C_PerlinWorm,uniform_stone,2,25,1580,11,6,0.1833
C_PerlinWorm,uniform_stone,2,26,1600,10,5,0.2000
C_PerlinWorm,uniform_stone,2,27,1830,16,8,0.2000
C_PerlinWorm,uniform_stone,2,28,1630,11,7,0.1571
C_PerlinWorm,uniform_stone,2,29,1390,3,1,0.3000
C_PerlinWorm,uniform_stone,2,30,1330,2,2,0.1000
C_PerlinWorm,uniform_stone,2,31,2050,21,7,0.3000
C_PerlinWorm,uniform_stone,2,32,1600,12,6,0.2000
C_PerlinWorm,uniform_stone,2,33,1680,10,6,0.1667
C_PerlinWorm,uniform_stone,2,34,1950,22,11,0.2000
C_PerlinWorm,uniform_stone,2,35,1690,14,9,0.1556
C_PerlinWorm,uniform_stone,2,36,1850,19,7,0.2714
C_PerlinWorm,uniform_stone,2,37,1739,14,7,0.2000
C_PerlinWorm,uniform_stone,2,38,1430,6,3,0.2000
C_PerlinWorm,uniform_stone,2,39,1750,12,4,0.3000
C_PerlinWorm,uniform_stone,2,40,1680,13,8,0.1625
C_PerlinWorm,uniform_stone,2,41,1860,18,9,0.2000
C_PerlinWorm,uniform_stone,2,42,1780,16,9,0.1778
C_PerlinWorm,uniform_stone,2,43,1790,14,6,0.2333
C_PerlinWorm,uniform_stone,2,44,1460,6,3,0.2000
C_PerlinWorm,uniform_stone,2,45,1450,6,4,0.1500
C_PerlinWorm,uniform_stone,2,46,1740,14,8,0.1750
C_PerlinWorm,uniform_stone,2,47,1620,10,5,0.2000
C_PerlinWorm,uniform_stone,2,48,1730,15,7,0.2143
C_PerlinWorm,uniform_stone,2,49,1720,14,10,0.1400
C_PerlinWorm,uniform_stone,3,0,1620,9,3,0.3000
C_PerlinWorm,uniform_stone,3,1,1520,8,4,0.2000
C_PerlinWorm,uniform_stone,3,2,1730,13,5,0.2600
C_PerlinWorm,uniform_stone,3,3,1930,18,5,0.3600
C_PerlinWorm,uniform_stone,3,4,1650,12,6,0.2000
C_PerlinWorm,uniform_stone,3,5,2070,25,10,0.2500
C_PerlinWorm,uniform_stone,3,6,1400,3,1,0.3000
C_PerlinWorm,uniform_stone,3,7,1970,20,5,0.4000
C_PerlinWorm,uniform_stone,3,8,1600,10,6,0.1667
C_PerlinWorm,uniform_stone,3,9,1700,12,6,0.2000
C_PerlinWorm,uniform_stone,3,10,1880,18,10,0.1800
C_PerlinWorm,uniform_stone,3,11,2110,25,14,0.1786
C_PerlinWorm,uniform_stone,3,12,1590,10,6,0.1667
C_PerlinWorm,uniform_stone,3,13,1450,7,3,0.2333
C_PerlinWorm,uniform_stone,3,14,1700,12,7,0.1714
C_PerlinWorm,uniform_stone,3,15,1480,8,4,0.2000
C_PerlinWorm,uniform_stone,3,16,1680,14,7,0.2000
C_PerlinWorm,uniform_stone,3,17,1830,19,9,0.2111
C_PerlinWorm,uniform_stone,3,18,1550,8,3,0.2667
C_PerlinWorm,uniform_stone,3,19,1830,18,8,0.2250
C_PerlinWorm,uniform_stone,3,20,1750,15,6,0.2500
C_PerlinWorm,uniform_stone,3,21,1340,2,2,0.1000
C_PerlinWorm,uniform_stone,3,22,1400,4,2,0.2000
C_PerlinWorm,uniform_stone,3,23,1510,8,5,0.1600
C_PerlinWorm,uniform_stone,3,24,1500,8,3,0.2667
C_PerlinWorm,uniform_stone,3,25,1650,10,5,0.2000
C_PerlinWorm,uniform_stone,3,26,1460,5,3,0.1667
C_PerlinWorm,uniform_stone,3,27,1630,12,8,0.1500
C_PerlinWorm,uniform_stone,3,28,2080,22,7,0.3143
C_PerlinWorm,uniform_stone,3,29,1390,4,2,0.2000
C_PerlinWorm,uniform_stone,3,30,1610,11,6,0.1833
C_PerlinWorm,uniform_stone,3,31,1750,14,6,0.2333
C_PerlinWorm,uniform_stone,3,32,1440,6,2,0.3000
C_PerlinWorm,uniform_stone,3,33,2080,26,9,0.2889
C_PerlinWorm,uniform_stone,3,34,1620,11,8,0.1375
C_PerlinWorm,uniform_stone,3,35,1410,4,2,0.2000
C_PerlinWorm,uniform_stone,3,36,1700,12,5,0.2400
C_PerlinWorm,uniform_stone,3,37,1610,10,7,0.1429
C_PerlinWorm,uniform_stone,3,38,1720,15,8,0.1875
C_PerlinWorm,uniform_stone,3,39,1740,14,5,0.2800
C_PerlinWorm,uniform_stone,3,40,1390,4,3,0.1333
C_PerlinWorm,uniform_stone,3,41,1680,11,6,0.1833
C_PerlinWorm,uniform_stone,3,42,1440,5,3,0.1667
C_PerlinWorm,uniform_stone,3,43,1990,19,6,0.3167
C_PerlinWorm,uniform_stone,3,44,1380,4,2,0.2000
C_PerlinWorm,uniform_stone,3,45,1480,7,4,0.1750
C_PerlinWorm,uniform_stone,3,46,1470,7,6,0.1167
C_PerlinWorm,uniform_stone,3,47,1400,5,3,0.1667
C_PerlinWorm,uniform_stone,3,48,1750,13,6,0.2167
C_PerlinWorm,uniform_stone,3,49,1350,3,2,0.1500
C_PerlinWorm,uniform_stone,4,0,1770,17,9,0.1889
C_PerlinWorm,uniform_stone,4,1,1610,12,6,0.2000
C_PerlinWorm,uniform_stone,4,2,1420,6,4,0.1500
C_PerlinWorm,uniform_stone,4,3,1530,9,5,0.1800
C_PerlinWorm,uniform_stone,4,4,1800,18,8,0.2250
C_PerlinWorm,uniform_stone,4,5,1730,13,5,0.2600
C_PerlinWorm,uniform_stone,4,6,1640,11,4,0.2750
C_PerlinWorm,uniform_stone,4,7,1940,21,9,0.2333
C_PerlinWorm,uniform_stone,4,8,1410,5,4,0.1250
C_PerlinWorm,uniform_stone,4,9,1420,5,3,0.1667
C_PerlinWorm,uniform_stone,4,10,1620,11,6,0.1833
C_PerlinWorm,uniform_stone,4,11,1440,4,1,0.4000
C_PerlinWorm,uniform_stone,4,12,1510,8,5,0.1600
C_PerlinWorm,uniform_stone,4,13,1410,5,4,0.1250
C_PerlinWorm,uniform_stone,4,14,1790,16,10,0.1600
C_PerlinWorm,uniform_stone,4,15,1610,10,4,0.2500
C_PerlinWorm,uniform_stone,4,16,1730,15,7,0.2143
C_PerlinWorm,uniform_stone,4,17,1510,8,5,0.1600
C_PerlinWorm,uniform_stone,4,18,1510,7,3,0.2333
C_PerlinWorm,uniform_stone,4,19,1490,7,3,0.2333
C_PerlinWorm,uniform_stone,4,20,1590,11,7,0.1571
C_PerlinWorm,uniform_stone,4,21,1440,6,4,0.1500
C_PerlinWorm,uniform_stone,4,22,1790,16,8,0.2000
C_PerlinWorm,uniform_stone,4,23,1480,6,3,0.2000
C_PerlinWorm,uniform_stone,4,24,1530,7,4,0.1750
C_PerlinWorm,uniform_stone,4,25,1830,18,7,0.2571
C_PerlinWorm,uniform_stone,4,26,2010,21,10,0.2100
C_PerlinWorm,uniform_stone,4,27,1660,13,6,0.2167
C_PerlinWorm,uniform_stone,4,28,1920,20,10,0.2000
C_PerlinWorm,uniform_stone,4,29,1680,12,6,0.2000
C_PerlinWorm,uniform_stone,4,30,1520,8,5,0.1600
C_PerlinWorm,uniform_stone,4,31,2000,24,13,0.1846
C_PerlinWorm,uniform_stone,4,32,1430,4,2,0.2000
C_PerlinWorm,uniform_stone,4,33,1410,4,2,0.2000
C_PerlinWorm,uniform_stone,4,34,1460,7,3,0.2333
C_PerlinWorm,uniform_stone,4,35,1730,15,7,0.2143
C_PerlinWorm,uniform_stone,4,36,1390,3,1,0.3000
C_PerlinWorm,uniform_stone,4,37,1490,6,3,0.2000
C_PerlinWorm,uniform_stone,4,38,1820,18,10,0.1800
C_PerlinWorm,uniform_stone,4,39,1660,13,8,0.1625
C_PerlinWorm,uniform_stone,4,40,1380,3,1,0.3000
C_PerlinWorm,uniform_stone,4,41,1600,11,5,0.2200
C_PerlinWorm,uniform_stone,4,42,1920,18,6,0.3000
C_PerlinWorm,uniform_stone,4,43,1970,21,8,0.2625
C_PerlinWorm,uniform_stone,4,44,1880,19,9,0.2111
C_PerlinWorm,uniform_stone,4,45,1820,17,9,0.1889
C_PerlinWorm,uniform_stone,4,46,1430,6,4,0.1500
C_PerlinWorm,uniform_stone,4,47,1550,10,4,0.2500
C_PerlinWorm,uniform_stone,4,48,1570,8,2,0.4000
C_PerlinWorm,uniform_stone,4,49,1780,14,10,0.1400
C_PerlinWorm,uniform_stone,5,0,1590,12,7,0.1714
C_PerlinWorm,uniform_stone,5,1,1330,2,1,0.2000
C_PerlinWorm,uniform_stone,5,2,1480,7,3,0.2333
C_PerlinWorm,uniform_stone,5,3,1440,6,3,0.2000
C_PerlinWorm,uniform_stone,5,4,1700,13,6,0.2167
C_PerlinWorm,uniform_stone,5,5,1460,7,3,0.2333
C_PerlinWorm,uniform_stone,5,6,1620,11,7,0.1571
C_PerlinWorm,uniform_stone,5,7,1780,14,5,0.2800
C_PerlinWorm,uniform_stone,5,8,1580,12,8,0.1500
C_PerlinWorm,uniform_stone,5,9,1470,7,2,0.3500
C_PerlinWorm,uniform_stone,5,10,1500,8,4,0.2000
C_PerlinWorm,uniform_stone,5,11,1780,17,7,0.2429
C_PerlinWorm,uniform_stone,5,12,1670,12,4,0.3000
C_PerlinWorm,uniform_stone,5,13,1350,3,1,0.3000
C_PerlinWorm,uniform_stone,5,14,1650,13,7,0.1857
C_PerlinWorm,uniform_stone,5,15,1480,7,4,0.1750
C_PerlinWorm,uniform_stone,5,16,2210,25,10,0.2500
C_PerlinWorm,uniform_stone,5,17,1500,8,4,0.2000
C_PerlinWorm,uniform_stone,5,18,1500,8,4,0.2000
C_PerlinWorm,uniform_stone,5,19,1370,4,2,0.2000
C_PerlinWorm,uniform_stone,5,20,1490,8,5,0.1600
C_PerlinWorm,uniform_stone,5,21,1430,7,3,0.2333
C_PerlinWorm,uniform_stone,5,22,1620,12,7,0.1714
C_PerlinWorm,uniform_stone,5,23,1710,12,7,0.1714
C_PerlinWorm,uniform_stone,5,24,2010,24,10,0.2400
C_PerlinWorm,uniform_stone,5,25,1430,6,2,0.3000
C_PerlinWorm,uniform_stone,5,26,1520,9,5,0.1800
C_PerlinWorm,uniform_stone,5,27,1830,20,6,0.3333
C_PerlinWorm,uniform_stone,5,28,1570,11,5,0.2200
C_PerlinWorm,uniform_stone,5,29,1580,9,4,0.2250
C_PerlinWorm,uniform_stone,5,30,1740,14,7,0.2000
C_PerlinWorm,uniform_stone,5,31,1490,7,5,0.1400
C_PerlinWorm,uniform_stone,5,32,1800,15,6,0.2500
C_PerlinWorm,uniform_stone,5,33,1880,20,14,0.1429
C_PerlinWorm,uniform_stone,5,34,1390,3,1,0.3000
C_PerlinWorm,uniform_stone,5,35,1880,18,8,0.2250
C_PerlinWorm,uniform_stone,5,36,1350,3,2,0.1500
C_PerlinWorm,uniform_stone,5,37,1870,17,5,0.3400
C_PerlinWorm,uniform_stone,5,38,1500,8,4,0.2000
C_PerlinWorm,uniform_stone,5,39,1410,4,1,0.4000
C_PerlinWorm,uniform_stone,5,40,1450,5,4,0.1250
C_PerlinWorm,uniform_stone,5,41,1920,20,9,0.2222
C_PerlinWorm,uniform_stone,5,42,1580,9,5,0.1800
C_PerlinWorm,uniform_stone,5,43,2040,25,13,0.1923
C_PerlinWorm,uniform_stone,5,44,1810,17,6,0.2833
C_PerlinWorm,uniform_stone,5,45,1500,8,4,0.2000
C_PerlinWorm,uniform_stone,5,46,1560,10,6,0.1667
C_PerlinWorm,uniform_stone,5,47,1570,9,6,0.1500
C_PerlinWorm,uniform_stone,5,48,1420,6,4,0.1500
C_PerlinWorm,uniform_stone,5,49,1430,5,4,0.1250
C_PerlinWorm,stratified_3layer,1,0,1670,11,6,0.1833
C_PerlinWorm,stratified_3layer,1,1,1550,8,6,0.1333
C_PerlinWorm,stratified_3layer,1,2,1750,16,6,0.2667
C_PerlinWorm,stratified_3layer,1,3,1650,13,7,0.1857
C_PerlinWorm,stratified_3layer,1,4,1640,11,5,0.2200
C_PerlinWorm,stratified_3layer,1,5,1710,14,5,0.2800
C_PerlinWorm,stratified_3layer,1,6,1640,10,3,0.3333
C_PerlinWorm,stratified_3layer,1,7,1380,4,2,0.2000
C_PerlinWorm,stratified_3layer,1,8,1590,9,4,0.2250
C_PerlinWorm,stratified_3layer,1,9,1350,3,1,0.3000
C_PerlinWorm,stratified_3layer,1,10,1550,7,4,0.1750
C_PerlinWorm,stratified_3layer,1,11,1630,11,8,0.1375
C_PerlinWorm,stratified_3layer,1,12,1390,3,1,0.3000
C_PerlinWorm,stratified_3layer,1,13,1700,12,6,0.2000
C_PerlinWorm,stratified_3layer,1,14,1360,3,3,0.1000
C_PerlinWorm,stratified_3layer,1,15,2060,19,7,0.2714
C_PerlinWorm,stratified_3layer,1,16,1720,12,4,0.3000
C_PerlinWorm,stratified_3layer,1,17,1350,3,2,0.1500
C_PerlinWorm,stratified_3layer,1,18,1800,17,5,0.3400
C_PerlinWorm,stratified_3layer,1,19,1770,14,6,0.2333
C_PerlinWorm,stratified_3layer,1,20,1690,12,4,0.3000
C_PerlinWorm,stratified_3layer,1,21,1630,11,7,0.1571
C_PerlinWorm,stratified_3layer,1,22,1360,3,2,0.1500
C_PerlinWorm,stratified_3layer,1,23,1770,15,4,0.3750
C_PerlinWorm,stratified_3layer,1,24,1500,9,5,0.1800
C_PerlinWorm,stratified_3layer,1,25,1720,15,8,0.1875
C_PerlinWorm,stratified_3layer,1,26,1530,6,2,0.3000
C_PerlinWorm,stratified_3layer,1,27,1540,9,5,0.1800
C_PerlinWorm,stratified_3layer,1,28,1630,8,4,0.2000
C_PerlinWorm,stratified_3layer,1,29,1790,15,8,0.1875
C_PerlinWorm,stratified_3layer,1,30,1450,7,1,0.7000
C_PerlinWorm,stratified_3layer,1,31,1820,18,8,0.2250
C_PerlinWorm,stratified_3layer,1,32,1630,13,8,0.1625
C_PerlinWorm,stratified_3layer,1,33,1570,9,5,0.1800
C_PerlinWorm,stratified_3layer,1,34,1640,11,7,0.1571
C_PerlinWorm,stratified_3layer,1,35,1740,14,7,0.2000
C_PerlinWorm,stratified_3layer,1,36,1400,5,4,0.1250
C_PerlinWorm,stratified_3layer,1,37,1450,7,4,0.1750
C_PerlinWorm,stratified_3layer,1,38,1460,6,4,0.1500
C_PerlinWorm,stratified_3layer,1,39,1440,5,2,0.2500
C_PerlinWorm,stratified_3layer,1,40,1820,19,10,0.1900
C_PerlinWorm,stratified_3layer,1,41,1490,6,2,0.3000
C_PerlinWorm,stratified_3layer,1,42,1800,15,9,0.1667
C_PerlinWorm,stratified_3layer,1,43,1460,6,4,0.1500
C_PerlinWorm,stratified_3layer,1,44,1890,18,4,0.4500
C_PerlinWorm,stratified_3layer,1,45,1980,20,7,0.2857
C_PerlinWorm,stratified_3layer,1,46,1530,8,3,0.2667
C_PerlinWorm,stratified_3layer,1,47,1600,8,4,0.2000
C_PerlinWorm,stratified_3layer,1,48,1670,13,8,0.1625
C_PerlinWorm,stratified_3layer,1,49,1780,16,11,0.1455
C_PerlinWorm,stratified_3layer,2,0,1330,2,1,0.2000
C_PerlinWorm,stratified_3layer,2,1,1370,3,2,0.1500
C_PerlinWorm,stratified_3layer,2,2,1540,9,5,0.1800
C_PerlinWorm,stratified_3layer,2,3,1520,10,6,0.1667
C_PerlinWorm,stratified_3layer,2,4,1410,5,4,0.1250
C_PerlinWorm,stratified_3layer,2,5,1420,6,3,0.2000
C_PerlinWorm,stratified_3layer,2,6,1810,18,10,0.1800
C_PerlinWorm,stratified_3layer,2,7,1460,6,4,0.1500
C_PerlinWorm,stratified_3layer,2,8,1670,13,7,0.1857
C_PerlinWorm,stratified_3layer,2,9,1390,5,4,0.1250
C_PerlinWorm,stratified_3layer,2,10,1860,19,8,0.2375
C_PerlinWorm,stratified_3layer,2,11,1820,17,10,0.1700
C_PerlinWorm,stratified_3layer,2,12,1390,4,2,0.2000
C_PerlinWorm,stratified_3layer,2,13,1600,11,6,0.1833
C_PerlinWorm,stratified_3layer,2,14,1950,22,11,0.2000
C_PerlinWorm,stratified_3layer,2,15,1920,22,11,0.2000
C_PerlinWorm,stratified_3layer,2,16,1590,10,5,0.2000
C_PerlinWorm,stratified_3layer,2,17,1490,8,5,0.1600
C_PerlinWorm,stratified_3layer,2,18,1419,5,2,0.2500
C_PerlinWorm,stratified_3layer,2,19,1690,13,8,0.1625
C_PerlinWorm,stratified_3layer,2,20,1460,6,3,0.2000
C_PerlinWorm,stratified_3layer,2,21,1390,4,3,0.1333
C_PerlinWorm,stratified_3layer,2,22,1620,12,7,0.1714
C_PerlinWorm,stratified_3layer,2,23,1460,6,4,0.1500
C_PerlinWorm,stratified_3layer,2,24,1390,4,2,0.2000
C_PerlinWorm,stratified_3layer,2,25,1600,11,6,0.1833
C_PerlinWorm,stratified_3layer,2,26,1580,10,5,0.2000
C_PerlinWorm,stratified_3layer,2,27,1830,16,8,0.2000
C_PerlinWorm,stratified_3layer,2,28,1660,11,7,0.1571
C_PerlinWorm,stratified_3layer,2,29,1370,3,1,0.3000
C_PerlinWorm,stratified_3layer,2,30,1360,2,2,0.1000
C_PerlinWorm,stratified_3layer,2,31,1950,21,7,0.3000
C_PerlinWorm,stratified_3layer,2,32,1600,12,6,0.2000
C_PerlinWorm,stratified_3layer,2,33,1620,10,6,0.1667
C_PerlinWorm,stratified_3layer,2,34,1940,22,11,0.2000
C_PerlinWorm,stratified_3layer,2,35,1670,14,9,0.1556
C_PerlinWorm,stratified_3layer,2,36,1800,19,7,0.2714
C_PerlinWorm,stratified_3layer,2,37,1690,14,7,0.2000
C_PerlinWorm,stratified_3layer,2,38,1430,6,3,0.2000
C_PerlinWorm,stratified_3layer,2,39,1680,12,4,0.3000
C_PerlinWorm,stratified_3layer,2,40,1660,13,8,0.1625
C_PerlinWorm,stratified_3layer,2,41,1840,18,9,0.2000
C_PerlinWorm,stratified_3layer,2,42,1750,16,9,0.1778
C_PerlinWorm,stratified_3layer,2,43,1750,14,6,0.2333
C_PerlinWorm,stratified_3layer,2,44,1460,6,3,0.2000
C_PerlinWorm,stratified_3layer,2,45,1440,6,4,0.1500
C_PerlinWorm,stratified_3layer,2,46,1700,14,8,0.1750
C_PerlinWorm,stratified_3layer,2,47,1600,10,5,0.2000
C_PerlinWorm,stratified_3layer,2,48,1710,15,7,0.2143
C_PerlinWorm,stratified_3layer,2,49,1660,14,10,0.1400
C_PerlinWorm,stratified_3layer,3,0,1560,9,3,0.3000
C_PerlinWorm,stratified_3layer,3,1,1500,8,4,0.2000
C_PerlinWorm,stratified_3layer,3,2,1700,13,5,0.2600
C_PerlinWorm,stratified_3layer,3,3,1870,18,5,0.3600
C_PerlinWorm,stratified_3layer,3,4,1630,12,6,0.2000
C_PerlinWorm,stratified_3layer,3,5,2010,25,10,0.2500
C_PerlinWorm,stratified_3layer,3,6,1370,3,1,0.3000
C_PerlinWorm,stratified_3layer,3,7,1890,20,5,0.4000
C_PerlinWorm,stratified_3layer,3,8,1580,10,6,0.1667
C_PerlinWorm,stratified_3layer,3,9,1670,12,6,0.2000
C_PerlinWorm,stratified_3layer,3,10,1840,18,10,0.1800
C_PerlinWorm,stratified_3layer,3,11,2040,25,14,0.1786
C_PerlinWorm,stratified_3layer,3,12,1580,10,6,0.1667
C_PerlinWorm,stratified_3layer,3,13,1430,7,3,0.2333
C_PerlinWorm,stratified_3layer,3,14,1690,12,7,0.1714
C_PerlinWorm,stratified_3layer,3,15,1460,8,4,0.2000
C_PerlinWorm,stratified_3layer,3,16,1650,14,7,0.2000
C_PerlinWorm,stratified_3layer,3,17,1820,19,9,0.2111
C_PerlinWorm,stratified_3layer,3,18,1570,8,3,0.2667
C_PerlinWorm,stratified_3layer,3,19,1800,18,8,0.2250
C_PerlinWorm,stratified_3layer,3,20,1720,15,6,0.2500
C_PerlinWorm,stratified_3layer,3,21,1340,2,2,0.1000
C_PerlinWorm,stratified_3layer,3,22,1390,4,2,0.2000
C_PerlinWorm,stratified_3layer,3,23,1490,8,5,0.1600
C_PerlinWorm,stratified_3layer,3,24,1490,8,3,0.2667
C_PerlinWorm,stratified_3layer,3,25,1560,10,5,0.2000
C_PerlinWorm,stratified_3layer,3,26,1440,5,3,0.1667
C_PerlinWorm,stratified_3layer,3,27,1600,12,8,0.1500
C_PerlinWorm,stratified_3layer,3,28,1980,22,7,0.3143
C_PerlinWorm,stratified_3layer,3,29,1390,4,2,0.2000
C_PerlinWorm,stratified_3layer,3,30,1600,11,6,0.1833
C_PerlinWorm,stratified_3layer,3,31,1680,14,6,0.2333
C_PerlinWorm,stratified_3layer,3,32,1430,6,2,0.3000
C_PerlinWorm,stratified_3layer,3,33,2020,26,9,0.2889
C_PerlinWorm,stratified_3layer,3,34,1610,11,8,0.1375
C_PerlinWorm,stratified_3layer,3,35,1420,4,2,0.2000
C_PerlinWorm,stratified_3layer,3,36,1680,12,5,0.2400
C_PerlinWorm,stratified_3layer,3,37,1600,10,7,0.1429
C_PerlinWorm,stratified_3layer,3,38,1720,15,8,0.1875
C_PerlinWorm,stratified_3layer,3,39,1740,14,5,0.2800
C_PerlinWorm,stratified_3layer,3,40,1400,4,3,0.1333
C_PerlinWorm,stratified_3layer,3,41,1640,11,6,0.1833
C_PerlinWorm,stratified_3layer,3,42,1440,5,3,0.1667
C_PerlinWorm,stratified_3layer,3,43,1910,19,6,0.3167
C_PerlinWorm,stratified_3layer,3,44,1380,4,2,0.2000
C_PerlinWorm,stratified_3layer,3,45,1460,7,4,0.1750
C_PerlinWorm,stratified_3layer,3,46,1460,7,6,0.1167
C_PerlinWorm,stratified_3layer,3,47,1410,5,3,0.1667
C_PerlinWorm,stratified_3layer,3,48,1730,13,6,0.2167
C_PerlinWorm,stratified_3layer,3,49,1360,3,2,0.1500
C_PerlinWorm,stratified_3layer,4,0,1760,17,9,0.1889
C_PerlinWorm,stratified_3layer,4,1,1590,12,6,0.2000
C_PerlinWorm,stratified_3layer,4,2,1460,6,4,0.1500
C_PerlinWorm,stratified_3layer,4,3,1530,9,5,0.1800
C_PerlinWorm,stratified_3layer,4,4,1790,18,8,0.2250
C_PerlinWorm,stratified_3layer,4,5,1680,13,5,0.2600
C_PerlinWorm,stratified_3layer,4,6,1590,11,4,0.2750
C_PerlinWorm,stratified_3layer,4,7,1870,21,9,0.2333
C_PerlinWorm,stratified_3layer,4,8,1430,5,4,0.1250
C_PerlinWorm,stratified_3layer,4,9,1410,5,3,0.1667
C_PerlinWorm,stratified_3layer,4,10,1610,11,6,0.1833
C_PerlinWorm,stratified_3layer,4,11,1410,4,1,0.4000
C_PerlinWorm,stratified_3layer,4,12,1500,8,5,0.1600
C_PerlinWorm,stratified_3layer,4,13,1400,5,4,0.1250
C_PerlinWorm,stratified_3layer,4,14,1780,16,10,0.1600
C_PerlinWorm,stratified_3layer,4,15,1600,10,4,0.2500
C_PerlinWorm,stratified_3layer,4,16,1700,15,7,0.2143
C_PerlinWorm,stratified_3layer,4,17,1510,8,5,0.1600
C_PerlinWorm,stratified_3layer,4,18,1800,7,3,0.2333
C_PerlinWorm,stratified_3layer,4,19,1950,7,3,0.2333
C_PerlinWorm,stratified_3layer,4,20,1920,11,7,0.1571
C_PerlinWorm,stratified_3layer,4,21,2030,6,4,0.1500
C_PerlinWorm,stratified_3layer,4,22,1850,16,8,0.2000
C_PerlinWorm,stratified_3layer,4,23,1460,6,3,0.2000
C_PerlinWorm,stratified_3layer,4,24,1500,7,4,0.1750
C_PerlinWorm,stratified_3layer,4,25,1770,18,7,0.2571
C_PerlinWorm,stratified_3layer,4,26,2030,21,10,0.2100
C_PerlinWorm,stratified_3layer,4,27,1660,13,6,0.2167
C_PerlinWorm,stratified_3layer,4,28,1850,20,10,0.2000
C_PerlinWorm,stratified_3layer,4,29,1599,12,6,0.2000
C_PerlinWorm,stratified_3layer,4,30,1510,8,5,0.1600
C_PerlinWorm,stratified_3layer,4,31,1920,24,13,0.1846
C_PerlinWorm,stratified_3layer,4,32,1400,4,2,0.2000
C_PerlinWorm,stratified_3layer,4,33,1390,4,2,0.2000
C_PerlinWorm,stratified_3layer,4,34,1730,7,3,0.2333
C_PerlinWorm,stratified_3layer,4,35,1700,15,7,0.2143
C_PerlinWorm,stratified_3layer,4,36,1910,3,1,0.3000
C_PerlinWorm,stratified_3layer,4,37,1490,6,3,0.2000
C_PerlinWorm,stratified_3layer,4,38,1820,18,10,0.1800
C_PerlinWorm,stratified_3layer,4,39,1620,13,8,0.1625
C_PerlinWorm,stratified_3layer,4,40,1350,3,1,0.3000
C_PerlinWorm,stratified_3layer,4,41,1610,11,5,0.2200
C_PerlinWorm,stratified_3layer,4,42,1870,18,6,0.3000
C_PerlinWorm,stratified_3layer,4,43,1920,21,8,0.2625
C_PerlinWorm,stratified_3layer,4,44,1850,19,9,0.2111
C_PerlinWorm,stratified_3layer,4,45,1780,17,9,0.1889
C_PerlinWorm,stratified_3layer,4,46,1420,6,4,0.1500
C_PerlinWorm,stratified_3layer,4,47,1530,10,4,0.2500
C_PerlinWorm,stratified_3layer,4,48,1530,8,2,0.4000
C_PerlinWorm,stratified_3layer,4,49,1740,14,10,0.1400
C_PerlinWorm,stratified_3layer,5,0,1600,12,7,0.1714
C_PerlinWorm,stratified_3layer,5,1,1340,2,1,0.2000
C_PerlinWorm,stratified_3layer,5,2,1480,7,3,0.2333
C_PerlinWorm,stratified_3layer,5,3,1430,6,3,0.2000
C_PerlinWorm,stratified_3layer,5,4,1680,13,6,0.2167
C_PerlinWorm,stratified_3layer,5,5,1470,7,3,0.2333
C_PerlinWorm,stratified_3layer,5,6,1580,11,7,0.1571
C_PerlinWorm,stratified_3layer,5,7,1730,14,5,0.2800
C_PerlinWorm,stratified_3layer,5,8,1570,12,8,0.1500
C_PerlinWorm,stratified_3layer,5,9,1480,7,2,0.3500
C_PerlinWorm,stratified_3layer,5,10,1510,8,4,0.2000
C_PerlinWorm,stratified_3layer,5,11,1780,17,7,0.2429
C_PerlinWorm,stratified_3layer,5,12,1640,12,4,0.3000
C_PerlinWorm,stratified_3layer,5,13,1350,3,1,0.3000
C_PerlinWorm,stratified_3layer,5,14,1630,13,7,0.1857
C_PerlinWorm,stratified_3layer,5,15,1470,7,4,0.1750
C_PerlinWorm,stratified_3layer,5,16,2130,25,10,0.2500
C_PerlinWorm,stratified_3layer,5,17,1500,8,4,0.2000
C_PerlinWorm,stratified_3layer,5,18,1520,8,4,0.2000
C_PerlinWorm,stratified_3layer,5,19,1380,4,2,0.2000
C_PerlinWorm,stratified_3layer,5,20,1500,8,5,0.1600
C_PerlinWorm,stratified_3layer,5,21,1440,7,3,0.2333
C_PerlinWorm,stratified_3layer,5,22,1610,12,7,0.1714
C_PerlinWorm,stratified_3layer,5,23,1750,12,7,0.1714
C_PerlinWorm,stratified_3layer,5,24,1980,24,10,0.2400
C_PerlinWorm,stratified_3layer,5,25,1420,6,2,0.3000
C_PerlinWorm,stratified_3layer,5,26,1520,9,5,0.1800
C_PerlinWorm,stratified_3layer,5,27,1840,20,6,0.3333
C_PerlinWorm,stratified_3layer,5,28,1570,11,5,0.2200
C_PerlinWorm,stratified_3layer,5,29,1590,9,4,0.2250
C_PerlinWorm,stratified_3layer,5,30,1730,14,7,0.2000
C_PerlinWorm,stratified_3layer,5,31,1490,7,5,0.1400
C_PerlinWorm,stratified_3layer,5,32,1770,15,6,0.2500
C_PerlinWorm,stratified_3layer,5,33,1920,20,14,0.1429
C_PerlinWorm,stratified_3layer,5,34,1390,3,1,0.3000
C_PerlinWorm,stratified_3layer,5,35,1840,18,8,0.2250
C_PerlinWorm,stratified_3layer,5,36,1390,3,2,0.1500
C_PerlinWorm,stratified_3layer,5,37,1820,17,5,0.3400
C_PerlinWorm,stratified_3layer,5,38,1500,8,4,0.2000
C_PerlinWorm,stratified_3layer,5,39,1400,4,1,0.4000
C_PerlinWorm,stratified_3layer,5,40,1440,5,4,0.1250
C_PerlinWorm,stratified_3layer,5,41,1860,20,9,0.2222
C_PerlinWorm,stratified_3layer,5,42,1540,9,5,0.1800
C_PerlinWorm,stratified_3layer,5,43,1940,25,13,0.1923
C_PerlinWorm,stratified_3layer,5,44,1770,17,6,0.2833
C_PerlinWorm,stratified_3layer,5,45,1510,8,4,0.2000
C_PerlinWorm,stratified_3layer,5,46,1560,10,6,0.1667
C_PerlinWorm,stratified_3layer,5,47,1580,9,6,0.1500
C_PerlinWorm,stratified_3layer,5,48,1430,6,4,0.1500
C_PerlinWorm,stratified_3layer,5,49,1430,5,4,0.1250
C_PerlinWorm,granite_pegmatite,1,0,2240,11,6,0.1833
C_PerlinWorm,granite_pegmatite,1,1,2050,8,6,0.1333
C_PerlinWorm,granite_pegmatite,1,2,2250,16,6,0.2667
C_PerlinWorm,granite_pegmatite,1,3,2120,13,7,0.1857
C_PerlinWorm,granite_pegmatite,1,4,2160,11,5,0.2200
C_PerlinWorm,granite_pegmatite,1,5,2210,14,5,0.2800
C_PerlinWorm,granite_pegmatite,1,6,2180,10,3,0.3333
C_PerlinWorm,granite_pegmatite,1,7,1980,4,2,0.2000
C_PerlinWorm,granite_pegmatite,1,8,2100,9,4,0.2250
C_PerlinWorm,granite_pegmatite,1,9,1820,3,1,0.3000
C_PerlinWorm,granite_pegmatite,1,10,2070,7,4,0.1750
C_PerlinWorm,granite_pegmatite,1,11,2240,11,8,0.1375
C_PerlinWorm,granite_pegmatite,1,12,1920,3,1,0.3000
C_PerlinWorm,granite_pegmatite,1,13,2280,12,6,0.2000
C_PerlinWorm,granite_pegmatite,1,14,1830,3,3,0.1000
C_PerlinWorm,granite_pegmatite,1,15,1940,19,7,0.2714
C_PerlinWorm,granite_pegmatite,1,16,1700,12,4,0.3000
C_PerlinWorm,granite_pegmatite,1,17,1360,3,2,0.1500
C_PerlinWorm,granite_pegmatite,1,18,1820,17,5,0.3400
C_PerlinWorm,granite_pegmatite,1,19,1760,14,6,0.2333
C_PerlinWorm,granite_pegmatite,1,20,1650,12,4,0.3000
C_PerlinWorm,granite_pegmatite,1,21,1590,11,7,0.1571
C_PerlinWorm,granite_pegmatite,1,22,1370,3,2,0.1500
C_PerlinWorm,granite_pegmatite,1,23,2210,15,4,0.3750
C_PerlinWorm,granite_pegmatite,1,24,2000,9,5,0.1800
C_PerlinWorm,granite_pegmatite,1,25,2320,15,8,0.1875
C_PerlinWorm,granite_pegmatite,1,26,1570,6,2,0.3000
C_PerlinWorm,granite_pegmatite,1,27,1540,9,5,0.1800
C_PerlinWorm,granite_pegmatite,1,28,1570,8,4,0.2000
C_PerlinWorm,granite_pegmatite,1,29,1710,15,8,0.1875
C_PerlinWorm,granite_pegmatite,1,30,1460,7,1,0.7000
C_PerlinWorm,granite_pegmatite,1,31,1830,18,8,0.2250
C_PerlinWorm,granite_pegmatite,1,32,1600,13,8,0.1625
C_PerlinWorm,granite_pegmatite,1,33,1570,9,5,0.1800
C_PerlinWorm,granite_pegmatite,1,34,1590,11,7,0.1571
C_PerlinWorm,granite_pegmatite,1,35,1700,14,7,0.2000
C_PerlinWorm,granite_pegmatite,1,36,1400,5,4,0.1250
C_PerlinWorm,granite_pegmatite,1,37,1460,7,4,0.1750
C_PerlinWorm,granite_pegmatite,1,38,2100,6,4,0.1500
C_PerlinWorm,granite_pegmatite,1,39,1920,5,2,0.2500
C_PerlinWorm,granite_pegmatite,1,40,2360,19,10,0.1900
C_PerlinWorm,granite_pegmatite,1,41,1910,6,2,0.3000
C_PerlinWorm,granite_pegmatite,1,42,2300,15,9,0.1667
C_PerlinWorm,granite_pegmatite,1,43,1820,6,4,0.1500
C_PerlinWorm,granite_pegmatite,1,44,2400,18,4,0.4500
C_PerlinWorm,granite_pegmatite,1,45,2440,20,7,0.2857
C_PerlinWorm,granite_pegmatite,1,46,1930,8,3,0.2667
C_PerlinWorm,granite_pegmatite,1,47,2090,8,4,0.2000
C_PerlinWorm,granite_pegmatite,1,48,2120,13,8,0.1625
C_PerlinWorm,granite_pegmatite,1,49,2120,16,11,0.1455
C_PerlinWorm,granite_pegmatite,2,0,1340,2,1,0.2000
C_PerlinWorm,granite_pegmatite,2,1,1400,3,2,0.1500
C_PerlinWorm,granite_pegmatite,2,2,1630,9,5,0.1800
C_PerlinWorm,granite_pegmatite,2,3,1620,10,6,0.1667
C_PerlinWorm,granite_pegmatite,2,4,1410,5,4,0.1250
C_PerlinWorm,granite_pegmatite,2,5,1430,6,3,0.2000
C_PerlinWorm,granite_pegmatite,2,6,1860,18,10,0.1800
C_PerlinWorm,granite_pegmatite,2,7,1490,6,4,0.1500
C_PerlinWorm,granite_pegmatite,2,8,1720,13,7,0.1857
C_PerlinWorm,granite_pegmatite,2,9,1390,5,4,0.1250
C_PerlinWorm,granite_pegmatite,2,10,1860,19,8,0.2375
C_PerlinWorm,granite_pegmatite,2,11,1870,17,10,0.1700
C_PerlinWorm,granite_pegmatite,2,12,1420,4,2,0.2000
C_PerlinWorm,granite_pegmatite,2,13,1650,11,6,0.1833
C_PerlinWorm,granite_pegmatite,2,14,2080,22,11,0.2000
C_PerlinWorm,granite_pegmatite,2,15,2040,22,11,0.2000
C_PerlinWorm,granite_pegmatite,2,16,1580,10,5,0.2000
C_PerlinWorm,granite_pegmatite,2,17,1570,8,5,0.1600
C_PerlinWorm,granite_pegmatite,2,18,1420,5,2,0.2500
C_PerlinWorm,granite_pegmatite,2,19,1750,13,8,0.1625
C_PerlinWorm,granite_pegmatite,2,20,1520,6,3,0.2000
C_PerlinWorm,granite_pegmatite,2,21,1410,4,3,0.1333
C_PerlinWorm,granite_pegmatite,2,22,1690,12,7,0.1714
C_PerlinWorm,granite_pegmatite,2,23,1480,6,4,0.1500
C_PerlinWorm,granite_pegmatite,2,24,1390,4,2,0.2000
C_PerlinWorm,granite_pegmatite,2,25,1600,11,6,0.1833
C_PerlinWorm,granite_pegmatite,2,26,1580,10,5,0.2000
C_PerlinWorm,granite_pegmatite,2,27,1890,16,8,0.2000
C_PerlinWorm,granite_pegmatite,2,28,1660,11,7,0.1571
C_PerlinWorm,granite_pegmatite,2,29,1390,3,1,0.3000
C_PerlinWorm,granite_pegmatite,2,30,1340,2,2,0.1000
C_PerlinWorm,granite_pegmatite,2,31,1950,21,7,0.3000
C_PerlinWorm,granite_pegmatite,2,32,1640,12,6,0.2000
C_PerlinWorm,granite_pegmatite,2,33,1610,10,6,0.1667
C_PerlinWorm,granite_pegmatite,2,34,2020,22,11,0.2000
C_PerlinWorm,granite_pegmatite,2,35,1760,14,9,0.1556
C_PerlinWorm,granite_pegmatite,2,36,1880,19,7,0.2714
C_PerlinWorm,granite_pegmatite,2,37,1750,14,7,0.2000
C_PerlinWorm,granite_pegmatite,2,38,1460,6,3,0.2000
C_PerlinWorm,granite_pegmatite,2,39,1690,12,4,0.3000
C_PerlinWorm,granite_pegmatite,2,40,1800,13,8,0.1625
C_PerlinWorm,granite_pegmatite,2,41,1880,18,9,0.2000
C_PerlinWorm,granite_pegmatite,2,42,1850,16,9,0.1778
C_PerlinWorm,granite_pegmatite,2,43,1780,14,6,0.2333
C_PerlinWorm,granite_pegmatite,2,44,1500,6,3,0.2000
C_PerlinWorm,granite_pegmatite,2,45,1480,6,4,0.1500
C_PerlinWorm,granite_pegmatite,2,46,1720,14,8,0.1750
C_PerlinWorm,granite_pegmatite,2,47,1660,10,5,0.2000
C_PerlinWorm,granite_pegmatite,2,48,1730,15,7,0.2143
C_PerlinWorm,granite_pegmatite,2,49,1740,14,10,0.1400
C_PerlinWorm,granite_pegmatite,3,0,1570,9,3,0.3000
C_PerlinWorm,granite_pegmatite,3,1,1510,8,4,0.2000
C_PerlinWorm,granite_pegmatite,3,2,1700,13,5,0.2600
C_PerlinWorm,granite_pegmatite,3,3,1870,18,5,0.3600
C_PerlinWorm,granite_pegmatite,3,4,1640,12,6,0.2000
C_PerlinWorm,granite_pegmatite,3,5,2000,25,10,0.2500
C_PerlinWorm,granite_pegmatite,3,6,1370,3,1,0.3000
C_PerlinWorm,granite_pegmatite,3,7,1930,20,5,0.4000
C_PerlinWorm,granite_pegmatite,3,8,1590,10,6,0.1667
C_PerlinWorm,granite_pegmatite,3,9,1650,12,6,0.2000
C_PerlinWorm,granite_pegmatite,3,10,1850,18,10,0.1800
C_PerlinWorm,granite_pegmatite,3,11,2020,25,14,0.1786
C_PerlinWorm,granite_pegmatite,3,12,1560,10,6,0.1667
C_PerlinWorm,granite_pegmatite,3,13,1420,7,3,0.2333
C_PerlinWorm,granite_pegmatite,3,14,1670,12,7,0.1714
C_PerlinWorm,granite_pegmatite,3,15,1500,8,4,0.2000
C_PerlinWorm,granite_pegmatite,3,16,1660,14,7,0.2000
C_PerlinWorm,granite_pegmatite,3,17,1820,19,9,0.2111
C_PerlinWorm,granite_pegmatite,3,18,1630,8,3,0.2667
C_PerlinWorm,granite_pegmatite,3,19,1860,18,8,0.2250
C_PerlinWorm,granite_pegmatite,3,20,1740,15,6,0.2500
C_PerlinWorm,granite_pegmatite,3,21,1390,2,2,0.1000
C_PerlinWorm,granite_pegmatite,3,22,1380,4,2,0.2000
C_PerlinWorm,granite_pegmatite,3,23,1510,8,5,0.1600
C_PerlinWorm,granite_pegmatite,3,24,1500,8,3,0.2667
C_PerlinWorm,granite_pegmatite,3,25,1570,10,5,0.2000
C_PerlinWorm,granite_pegmatite,3,26,1440,5,3,0.1667
C_PerlinWorm,granite_pegmatite,3,27,1610,12,8,0.1500
C_PerlinWorm,granite_pegmatite,3,28,1960,22,7,0.3143
C_PerlinWorm,granite_pegmatite,3,29,1380,4,2,0.2000
C_PerlinWorm,granite_pegmatite,3,30,1630,11,6,0.1833
C_PerlinWorm,granite_pegmatite,3,31,1700,14,6,0.2333
C_PerlinWorm,granite_pegmatite,3,32,1450,6,2,0.3000
C_PerlinWorm,granite_pegmatite,3,33,2030,26,9,0.2889
C_PerlinWorm,granite_pegmatite,3,34,1610,11,8,0.1375
C_PerlinWorm,granite_pegmatite,3,35,1420,4,2,0.2000
C_PerlinWorm,granite_pegmatite,3,36,1680,12,5,0.2400
C_PerlinWorm,granite_pegmatite,3,37,1590,10,7,0.1429
C_PerlinWorm,granite_pegmatite,3,38,1720,15,8,0.1875
C_PerlinWorm,granite_pegmatite,3,39,1720,14,5,0.2800
C_PerlinWorm,granite_pegmatite,3,40,1380,4,3,0.1333
C_PerlinWorm,granite_pegmatite,3,41,1590,11,6,0.1833
C_PerlinWorm,granite_pegmatite,3,42,1480,5,3,0.1667
C_PerlinWorm,granite_pegmatite,3,43,1900,19,6,0.3167
C_PerlinWorm,granite_pegmatite,3,44,1390,4,2,0.2000
C_PerlinWorm,granite_pegmatite,3,45,1460,7,4,0.1750
C_PerlinWorm,granite_pegmatite,3,46,1470,7,6,0.1167
C_PerlinWorm,granite_pegmatite,3,47,1410,5,3,0.1667
C_PerlinWorm,granite_pegmatite,3,48,1700,13,6,0.2167
C_PerlinWorm,granite_pegmatite,3,49,1350,3,2,0.1500
C_PerlinWorm,granite_pegmatite,4,0,1740,17,9,0.1889
C_PerlinWorm,granite_pegmatite,4,1,1580,12,6,0.2000
C_PerlinWorm,granite_pegmatite,4,2,1420,6,4,0.1500
C_PerlinWorm,granite_pegmatite,4,3,1550,9,5,0.1800
C_PerlinWorm,granite_pegmatite,4,4,1780,18,8,0.2250
C_PerlinWorm,granite_pegmatite,4,5,1680,13,5,0.2600
C_PerlinWorm,granite_pegmatite,4,6,1610,11,4,0.2750
C_PerlinWorm,granite_pegmatite,4,7,1900,21,9,0.2333
C_PerlinWorm,granite_pegmatite,4,8,1399,5,4,0.1250
C_PerlinWorm,granite_pegmatite,4,9,1410,5,3,0.1667
C_PerlinWorm,granite_pegmatite,4,10,1600,11,6,0.1833
C_PerlinWorm,granite_pegmatite,4,11,1420,4,1,0.4000
C_PerlinWorm,granite_pegmatite,4,12,1500,8,5,0.1600
C_PerlinWorm,granite_pegmatite,4,13,1410,5,4,0.1250
C_PerlinWorm,granite_pegmatite,4,14,1760,16,10,0.1600
C_PerlinWorm,granite_pegmatite,4,15,1600,10,4,0.2500
C_PerlinWorm,granite_pegmatite,4,16,1680,15,7,0.2143
C_PerlinWorm,granite_pegmatite,4,17,1520,8,5,0.1600
C_PerlinWorm,granite_pegmatite,4,18,1470,7,3,0.2333
C_PerlinWorm,granite_pegmatite,4,19,1480,7,3,0.2333
C_PerlinWorm,granite_pegmatite,4,20,1600,11,7,0.1571
C_PerlinWorm,granite_pegmatite,4,21,1430,6,4,0.1500
C_PerlinWorm,granite_pegmatite,4,22,1770,16,8,0.2000
C_PerlinWorm,granite_pegmatite,4,23,1450,6,3,0.2000
C_PerlinWorm,granite_pegmatite,4,24,1490,7,4,0.1750
C_PerlinWorm,granite_pegmatite,4,25,1760,18,7,0.2571
C_PerlinWorm,granite_pegmatite,4,26,2000,21,10,0.2100
C_PerlinWorm,granite_pegmatite,4,27,1650,13,6,0.2167
C_PerlinWorm,granite_pegmatite,4,28,1880,20,10,0.2000
C_PerlinWorm,granite_pegmatite,4,29,1610,12,6,0.2000
C_PerlinWorm,granite_pegmatite,4,30,1520,8,5,0.1600
C_PerlinWorm,granite_pegmatite,4,31,1940,24,13,0.1846
C_PerlinWorm,granite_pegmatite,4,32,1410,4,2,0.2000
C_PerlinWorm,granite_pegmatite,4,33,1400,4,2,0.2000
C_PerlinWorm,granite_pegmatite,4,34,1460,7,3,0.2333
C_PerlinWorm,granite_pegmatite,4,35,1700,15,7,0.2143
C_PerlinWorm,granite_pegmatite,4,36,1390,3,1,0.3000
C_PerlinWorm,granite_pegmatite,4,37,1490,6,3,0.2000
C_PerlinWorm,granite_pegmatite,4,38,1800,18,10,0.1800
C_PerlinWorm,granite_pegmatite,4,39,1640,13,8,0.1625
C_PerlinWorm,granite_pegmatite,4,40,1370,3,1,0.3000
C_PerlinWorm,granite_pegmatite,4,41,1610,11,5,0.2200
C_PerlinWorm,granite_pegmatite,4,42,1870,18,6,0.3000
C_PerlinWorm,granite_pegmatite,4,43,1890,21,8,0.2625
C_PerlinWorm,granite_pegmatite,4,44,1860,19,9,0.2111
C_PerlinWorm,granite_pegmatite,4,45,1760,17,9,0.1889
C_PerlinWorm,granite_pegmatite,4,46,1430,6,4,0.1500
C_PerlinWorm,granite_pegmatite,4,47,1530,10,4,0.2500
C_PerlinWorm,granite_pegmatite,4,48,1550,8,2,0.4000
C_PerlinWorm,granite_pegmatite,4,49,1750,14,10,0.1400
C_PerlinWorm,granite_pegmatite,5,0,1590,12,7,0.1714
C_PerlinWorm,granite_pegmatite,5,1,1340,2,1,0.2000
C_PerlinWorm,granite_pegmatite,5,2,1470,7,3,0.2333
C_PerlinWorm,granite_pegmatite,5,3,1440,6,3,0.2000
C_PerlinWorm,granite_pegmatite,5,4,1690,13,6,0.2167
C_PerlinWorm,granite_pegmatite,5,5,1450,7,3,0.2333
C_PerlinWorm,granite_pegmatite,5,6,1640,11,7,0.1571
C_PerlinWorm,granite_pegmatite,5,7,1720,14,5,0.2800
C_PerlinWorm,granite_pegmatite,5,8,1580,12,8,0.1500
C_PerlinWorm,granite_pegmatite,5,9,1470,7,2,0.3500
C_PerlinWorm,granite_pegmatite,5,10,1490,8,4,0.2000
C_PerlinWorm,granite_pegmatite,5,11,1780,17,7,0.2429
C_PerlinWorm,granite_pegmatite,5,12,1660,12,4,0.3000
C_PerlinWorm,granite_pegmatite,5,13,1360,3,1,0.3000
C_PerlinWorm,granite_pegmatite,5,14,1630,13,7,0.1857
C_PerlinWorm,granite_pegmatite,5,15,1480,7,4,0.1750
C_PerlinWorm,granite_pegmatite,5,16,2060,25,10,0.2500
C_PerlinWorm,granite_pegmatite,5,17,1500,8,4,0.2000
C_PerlinWorm,granite_pegmatite,5,18,1510,8,4,0.2000
C_PerlinWorm,granite_pegmatite,5,19,1370,4,2,0.2000
C_PerlinWorm,granite_pegmatite,5,20,1490,8,5,0.1600
C_PerlinWorm,granite_pegmatite,5,21,1460,7,3,0.2333
C_PerlinWorm,granite_pegmatite,5,22,1620,12,7,0.1714
C_PerlinWorm,granite_pegmatite,5,23,1700,12,7,0.1714
C_PerlinWorm,granite_pegmatite,5,24,1970,24,10,0.2400
C_PerlinWorm,granite_pegmatite,5,25,1430,6,2,0.3000
C_PerlinWorm,granite_pegmatite,5,26,1520,9,5,0.1800
C_PerlinWorm,granite_pegmatite,5,27,1850,20,6,0.3333
C_PerlinWorm,granite_pegmatite,5,28,1570,11,5,0.2200
C_PerlinWorm,granite_pegmatite,5,29,1560,9,4,0.2250
C_PerlinWorm,granite_pegmatite,5,30,1710,14,7,0.2000
C_PerlinWorm,granite_pegmatite,5,31,1480,7,5,0.1400
C_PerlinWorm,granite_pegmatite,5,32,1760,15,6,0.2500
C_PerlinWorm,granite_pegmatite,5,33,1910,20,14,0.1429
C_PerlinWorm,granite_pegmatite,5,34,1370,3,1,0.3000
C_PerlinWorm,granite_pegmatite,5,35,1820,18,8,0.2250
C_PerlinWorm,granite_pegmatite,5,36,1360,3,2,0.1500
C_PerlinWorm,granite_pegmatite,5,37,1790,17,5,0.3400
C_PerlinWorm,granite_pegmatite,5,38,1490,8,4,0.2000
C_PerlinWorm,granite_pegmatite,5,39,1400,4,1,0.4000
C_PerlinWorm,granite_pegmatite,5,40,1440,5,4,0.1250
C_PerlinWorm,granite_pegmatite,5,41,1870,20,9,0.2222
C_PerlinWorm,granite_pegmatite,5,42,1540,9,5,0.1800
C_PerlinWorm,granite_pegmatite,5,43,1980,25,13,0.1923
C_PerlinWorm,granite_pegmatite,5,44,1750,17,6,0.2833
C_PerlinWorm,granite_pegmatite,5,45,1500,8,4,0.2000
C_PerlinWorm,granite_pegmatite,5,46,1560,10,6,0.1667
C_PerlinWorm,granite_pegmatite,5,47,1560,9,6,0.1500
C_PerlinWorm,granite_pegmatite,5,48,1430,6,4,0.1500
C_PerlinWorm,granite_pegmatite,5,49,1430,5,4,0.1250
C_PerlinWorm,folded_metamorphic,1,0,1680,11,6,0.1833
C_PerlinWorm,folded_metamorphic,1,1,1570,8,6,0.1333
C_PerlinWorm,folded_metamorphic,1,2,1719,16,6,0.2667
C_PerlinWorm,folded_metamorphic,1,3,1750,13,7,0.1857
C_PerlinWorm,folded_metamorphic,1,4,1680,11,5,0.2200
C_PerlinWorm,folded_metamorphic,1,5,1720,14,5,0.2800
C_PerlinWorm,folded_metamorphic,1,6,1670,10,3,0.3333
C_PerlinWorm,folded_metamorphic,1,7,1400,4,2,0.2000
C_PerlinWorm,folded_metamorphic,1,8,1600,9,4,0.2250
C_PerlinWorm,folded_metamorphic,1,9,1350,3,1,0.3000
C_PerlinWorm,folded_metamorphic,1,10,1520,7,4,0.1750
C_PerlinWorm,folded_metamorphic,1,11,1660,11,8,0.1375
C_PerlinWorm,folded_metamorphic,1,12,1400,3,1,0.3000
C_PerlinWorm,folded_metamorphic,1,13,1660,12,6,0.2000
C_PerlinWorm,folded_metamorphic,1,14,1360,3,3,0.1000
C_PerlinWorm,folded_metamorphic,1,15,1930,19,7,0.2714
C_PerlinWorm,folded_metamorphic,1,16,1690,12,4,0.3000
C_PerlinWorm,folded_metamorphic,1,17,1410,3,2,0.1500
C_PerlinWorm,folded_metamorphic,1,18,1880,17,5,0.3400
C_PerlinWorm,folded_metamorphic,1,19,1860,14,6,0.2333
C_PerlinWorm,folded_metamorphic,1,20,1690,12,4,0.3000
C_PerlinWorm,folded_metamorphic,1,21,1610,11,7,0.1571
C_PerlinWorm,folded_metamorphic,1,22,1370,3,2,0.1500
C_PerlinWorm,folded_metamorphic,1,23,1890,15,4,0.3750
C_PerlinWorm,folded_metamorphic,1,24,1530,9,5,0.1800
C_PerlinWorm,folded_metamorphic,1,25,1800,15,8,0.1875
C_PerlinWorm,folded_metamorphic,1,26,1510,6,2,0.3000
C_PerlinWorm,folded_metamorphic,1,27,1580,9,5,0.1800
C_PerlinWorm,folded_metamorphic,1,28,1590,8,4,0.2000
C_PerlinWorm,folded_metamorphic,1,29,1800,15,8,0.1875
C_PerlinWorm,folded_metamorphic,1,30,1500,7,1,0.7000
C_PerlinWorm,folded_metamorphic,1,31,1860,18,8,0.2250
C_PerlinWorm,folded_metamorphic,1,32,1610,13,8,0.1625
C_PerlinWorm,folded_metamorphic,1,33,1620,9,5,0.1800
C_PerlinWorm,folded_metamorphic,1,34,1610,11,7,0.1571
C_PerlinWorm,folded_metamorphic,1,35,1810,14,7,0.2000
C_PerlinWorm,folded_metamorphic,1,36,1440,5,4,0.1250
C_PerlinWorm,folded_metamorphic,1,37,1490,7,4,0.1750
C_PerlinWorm,folded_metamorphic,1,38,1480,6,4,0.1500
C_PerlinWorm,folded_metamorphic,1,39,1460,5,2,0.2500
C_PerlinWorm,folded_metamorphic,1,40,1820,19,10,0.1900
C_PerlinWorm,folded_metamorphic,1,41,1490,6,2,0.3000
C_PerlinWorm,folded_metamorphic,1,42,1800,15,9,0.1667
C_PerlinWorm,folded_metamorphic,1,43,1450,6,4,0.1500
C_PerlinWorm,folded_metamorphic,1,44,1870,18,4,0.4500
C_PerlinWorm,folded_metamorphic,1,45,1910,20,7,0.2857
C_PerlinWorm,folded_metamorphic,1,46,1540,8,3,0.2667
C_PerlinWorm,folded_metamorphic,1,47,1610,8,4,0.2000
C_PerlinWorm,folded_metamorphic,1,48,1740,13,8,0.1625
C_PerlinWorm,folded_metamorphic,1,49,1750,16,11,0.1455
C_PerlinWorm,folded_metamorphic,2,0,1340,2,1,0.2000
C_PerlinWorm,folded_metamorphic,2,1,1360,3,2,0.1500
C_PerlinWorm,folded_metamorphic,2,2,1540,9,5,0.1800
C_PerlinWorm,folded_metamorphic,2,3,1550,10,6,0.1667
C_PerlinWorm,folded_metamorphic,2,4,1420,5,4,0.1250
C_PerlinWorm,folded_metamorphic,2,5,1420,6,3,0.2000
C_PerlinWorm,folded_metamorphic,2,6,1780,18,10,0.1800
C_PerlinWorm,folded_metamorphic,2,7,1440,6,4,0.1500
C_PerlinWorm,folded_metamorphic,2,8,1660,13,7,0.1857
C_PerlinWorm,folded_metamorphic,2,9,1400,5,4,0.1250
C_PerlinWorm,folded_metamorphic,2,10,1860,19,8,0.2375
C_PerlinWorm,folded_metamorphic,2,11,1780,17,10,0.1700
C_PerlinWorm,folded_metamorphic,2,12,1390,4,2,0.2000
C_PerlinWorm,folded_metamorphic,2,13,1620,11,6,0.1833
C_PerlinWorm,folded_metamorphic,2,14,1950,22,11,0.2000
C_PerlinWorm,folded_metamorphic,2,15,1940,22,11,0.2000
C_PerlinWorm,folded_metamorphic,2,16,1600,10,5,0.2000
C_PerlinWorm,folded_metamorphic,2,17,1490,8,5,0.1600
C_PerlinWorm,folded_metamorphic,2,18,1430,5,2,0.2500
C_PerlinWorm,folded_metamorphic,2,19,1730,13,8,0.1625
C_PerlinWorm,folded_metamorphic,2,20,1460,6,3,0.2000
C_PerlinWorm,folded_metamorphic,2,21,1380,4,3,0.1333
C_PerlinWorm,folded_metamorphic,2,22,1630,12,7,0.1714
C_PerlinWorm,folded_metamorphic,2,23,1450,6,4,0.1500
C_PerlinWorm,folded_metamorphic,2,24,1390,4,2,0.2000
C_PerlinWorm,folded_metamorphic,2,25,1580,11,6,0.1833
C_PerlinWorm,folded_metamorphic,2,26,1560,10,5,0.2000
C_PerlinWorm,folded_metamorphic,2,27,1800,16,8,0.2000
C_PerlinWorm,folded_metamorphic,2,28,1630,11,7,0.1571
C_PerlinWorm,folded_metamorphic,2,29,1380,3,1,0.3000
C_PerlinWorm,folded_metamorphic,2,30,1340,2,2,0.1000
C_PerlinWorm,folded_metamorphic,2,31,1890,21,7,0.3000
C_PerlinWorm,folded_metamorphic,2,32,1590,12,6,0.2000
C_PerlinWorm,folded_metamorphic,2,33,1620,10,6,0.1667
C_PerlinWorm,folded_metamorphic,2,34,1900,22,11,0.2000
C_PerlinWorm,folded_metamorphic,2,35,1700,14,9,0.1556
C_PerlinWorm,folded_metamorphic,2,36,1810,19,7,0.2714
C_PerlinWorm,folded_metamorphic,2,37,1690,14,7,0.2000
C_PerlinWorm,folded_metamorphic,2,38,1430,6,3,0.2000
C_PerlinWorm,folded_metamorphic,2,39,1660,12,4,0.3000
C_PerlinWorm,folded_metamorphic,2,40,1660,13,8,0.1625
C_PerlinWorm,folded_metamorphic,2,41,1890,18,9,0.2000
C_PerlinWorm,folded_metamorphic,2,42,1740,16,9,0.1778
C_PerlinWorm,folded_metamorphic,2,43,1750,14,6,0.2333
C_PerlinWorm,folded_metamorphic,2,44,1460,6,3,0.2000
C_PerlinWorm,folded_metamorphic,2,45,1450,6,4,0.1500
C_PerlinWorm,folded_metamorphic,2,46,1720,14,8,0.1750
C_PerlinWorm,folded_metamorphic,2,47,1610,10,5,0.2000
C_PerlinWorm,folded_metamorphic,2,48,1730,15,7,0.2143
C_PerlinWorm,folded_metamorphic,2,49,1670,14,10,0.1400
C_PerlinWorm,folded_metamorphic,3,0,1930,9,3,0.3000
C_PerlinWorm,folded_metamorphic,3,1,1820,8,4,0.2000
C_PerlinWorm,folded_metamorphic,3,2,2100,13,5,0.2600
C_PerlinWorm,folded_metamorphic,3,3,2210,18,5,0.3600
C_PerlinWorm,folded_metamorphic,3,4,1940,12,6,0.2000
C_PerlinWorm,folded_metamorphic,3,5,2470,25,10,0.2500
C_PerlinWorm,folded_metamorphic,3,6,1670,3,1,0.3000
C_PerlinWorm,folded_metamorphic,3,7,2310,20,5,0.4000
C_PerlinWorm,folded_metamorphic,3,8,1980,10,6,0.1667
C_PerlinWorm,folded_metamorphic,3,9,2060,12,6,0.2000
C_PerlinWorm,folded_metamorphic,3,10,2270,18,10,0.1800
C_PerlinWorm,folded_metamorphic,3,11,2769,25,14,0.1786
C_PerlinWorm,folded_metamorphic,3,12,2010,10,6,0.1667
C_PerlinWorm,folded_metamorphic,3,13,1900,7,3,0.2333
C_PerlinWorm,folded_metamorphic,3,14,2090,12,7,0.1714
C_PerlinWorm,folded_metamorphic,3,15,1880,8,4,0.2000
C_PerlinWorm,folded_metamorphic,3,16,2140,14,7,0.2000
C_PerlinWorm,folded_metamorphic,3,17,2290,19,9,0.2111
C_PerlinWorm,folded_metamorphic,3,18,2010,8,3,0.2667
C_PerlinWorm,folded_metamorphic,3,19,2370,18,8,0.2250
C_PerlinWorm,folded_metamorphic,3,20,2200,15,6,0.2500
C_PerlinWorm,folded_metamorphic,3,21,1770,2,2,0.1000
C_PerlinWorm,folded_metamorphic,3,22,1810,4,2,0.2000
C_PerlinWorm,folded_metamorphic,3,23,1980,8,5,0.1600
C_PerlinWorm,folded_metamorphic,3,24,1840,8,3,0.2667
C_PerlinWorm,folded_metamorphic,3,25,2220,10,5,0.2000
C_PerlinWorm,folded_metamorphic,3,26,1900,5,3,0.1667
C_PerlinWorm,folded_metamorphic,3,27,2160,12,8,0.1500
C_PerlinWorm,folded_metamorphic,3,28,2610,22,7,0.3143
C_PerlinWorm,folded_metamorphic,3,29,1820,4,2,0.2000
C_PerlinWorm,folded_metamorphic,3,30,2150,11,6,0.1833
C_PerlinWorm,folded_metamorphic,3,31,2290,14,6,0.2333
C_PerlinWorm,folded_metamorphic,3,32,1900,6,2,0.3000
C_PerlinWorm,folded_metamorphic,3,33,2710,26,9,0.2889
C_PerlinWorm,folded_metamorphic,3,34,2200,11,8,0.1375
C_PerlinWorm,folded_metamorphic,3,35,2000,4,2,0.2000
C_PerlinWorm,folded_metamorphic,3,36,2210,12,5,0.2400
C_PerlinWorm,folded_metamorphic,3,37,2160,10,7,0.1429
C_PerlinWorm,folded_metamorphic,3,38,2300,15,8,0.1875
C_PerlinWorm,folded_metamorphic,3,39,2300,14,5,0.2800
C_PerlinWorm,folded_metamorphic,3,40,1810,4,3,0.1333
C_PerlinWorm,folded_metamorphic,3,41,2160,11,6,0.1833
C_PerlinWorm,folded_metamorphic,3,42,1920,5,3,0.1667
C_PerlinWorm,folded_metamorphic,3,43,2490,19,6,0.3167
C_PerlinWorm,folded_metamorphic,3,44,1830,4,2,0.2000
C_PerlinWorm,folded_metamorphic,3,45,1910,7,4,0.1750
C_PerlinWorm,folded_metamorphic,3,46,1960,7,6,0.1167
C_PerlinWorm,folded_metamorphic,3,47,1920,5,3,0.1667
C_PerlinWorm,folded_metamorphic,3,48,2250,13,6,0.2167
C_PerlinWorm,folded_metamorphic,3,49,1870,3,2,0.1500
C_PerlinWorm,folded_metamorphic,4,0,2210,17,9,0.1889
C_PerlinWorm,folded_metamorphic,4,1,2070,12,6,0.2000
C_PerlinWorm,folded_metamorphic,4,2,1840,6,4,0.1500
C_PerlinWorm,folded_metamorphic,4,3,1980,9,5,0.1800
C_PerlinWorm,folded_metamorphic,4,4,2290,18,8,0.2250
C_PerlinWorm,folded_metamorphic,4,5,2180,13,5,0.2600
C_PerlinWorm,folded_metamorphic,4,6,2060,11,4,0.2750
C_PerlinWorm,folded_metamorphic,4,7,2430,21,9,0.2333
C_PerlinWorm,folded_metamorphic,4,8,1850,5,4,0.1250
C_PerlinWorm,folded_metamorphic,4,9,1850,5,3,0.1667
C_PerlinWorm,folded_metamorphic,4,10,2080,11,6,0.1833
C_PerlinWorm,folded_metamorphic,4,11,1850,4,1,0.4000
C_PerlinWorm,folded_metamorphic,4,12,1950,8,5,0.1600
C_PerlinWorm,folded_metamorphic,4,13,1870,5,4,0.1250
C_PerlinWorm,folded_metamorphic,4,14,2360,16,10,0.1600
C_PerlinWorm,folded_metamorphic,4,15,2020,10,4,0.2500
C_PerlinWorm,folded_metamorphic,4,16,2130,15,7,0.2143
C_PerlinWorm,folded_metamorphic,4,17,1910,8,5,0.1600
C_PerlinWorm,folded_metamorphic,4,18,2040,7,3,0.2333
C_PerlinWorm,folded_metamorphic,4,19,2000,7,3,0.2333
C_PerlinWorm,folded_metamorphic,4,20,2050,11,7,0.1571
C_PerlinWorm,folded_metamorphic,4,21,1890,6,4,0.1500
C_PerlinWorm,folded_metamorphic,4,22,2250,16,8,0.2000
C_PerlinWorm,folded_metamorphic,4,23,1960,6,3,0.2000
C_PerlinWorm,folded_metamorphic,4,24,1970,7,4,0.1750
C_PerlinWorm,folded_metamorphic,4,25,2280,18,7,0.2571
C_PerlinWorm,folded_metamorphic,4,26,2480,21,10,0.2100
C_PerlinWorm,folded_metamorphic,4,27,2140,13,6,0.2167
C_PerlinWorm,folded_metamorphic,4,28,2410,20,10,0.2000
C_PerlinWorm,folded_metamorphic,4,29,2100,12,6,0.2000
C_PerlinWorm,folded_metamorphic,4,30,1960,8,5,0.1600
C_PerlinWorm,folded_metamorphic,4,31,2490,24,13,0.1846
C_PerlinWorm,folded_metamorphic,4,32,1850,4,2,0.2000
C_PerlinWorm,folded_metamorphic,4,33,1820,4,2,0.2000
C_PerlinWorm,folded_metamorphic,4,34,1970,7,3,0.2333
C_PerlinWorm,folded_metamorphic,4,35,2220,15,7,0.2143
C_PerlinWorm,folded_metamorphic,4,36,1790,3,1,0.3000
C_PerlinWorm,folded_metamorphic,4,37,1940,6,3,0.2000
C_PerlinWorm,folded_metamorphic,4,38,2270,18,10,0.1800
C_PerlinWorm,folded_metamorphic,4,39,2110,13,8,0.1625
C_PerlinWorm,folded_metamorphic,4,40,1810,3,1,0.3000
C_PerlinWorm,folded_metamorphic,4,41,2070,11,5,0.2200
C_PerlinWorm,folded_metamorphic,4,42,2400,18,6,0.3000
C_PerlinWorm,folded_metamorphic,4,43,2610,21,8,0.2625
C_PerlinWorm,folded_metamorphic,4,44,2410,19,9,0.2111
C_PerlinWorm,folded_metamorphic,4,45,2240,17,9,0.1889
C_PerlinWorm,folded_metamorphic,4,46,1860,6,4,0.1500
C_PerlinWorm,folded_metamorphic,4,47,2020,10,4,0.2500
C_PerlinWorm,folded_metamorphic,4,48,1990,8,2,0.4000
C_PerlinWorm,folded_metamorphic,4,49,2229,14,10,0.1400
C_PerlinWorm,folded_metamorphic,5,0,2080,12,7,0.1714
C_PerlinWorm,folded_metamorphic,5,1,1860,2,1,0.2000
C_PerlinWorm,folded_metamorphic,5,2,1910,7,3,0.2333
C_PerlinWorm,folded_metamorphic,5,3,1860,6,3,0.2000
C_PerlinWorm,folded_metamorphic,5,4,2160,13,6,0.2167
C_PerlinWorm,folded_metamorphic,5,5,1880,7,3,0.2333
C_PerlinWorm,folded_metamorphic,5,6,2030,11,7,0.1571
C_PerlinWorm,folded_metamorphic,5,7,2220,14,5,0.2800
C_PerlinWorm,folded_metamorphic,5,8,2050,12,8,0.1500
C_PerlinWorm,folded_metamorphic,5,9,1900,7,2,0.3500
C_PerlinWorm,folded_metamorphic,5,10,1930,8,4,0.2000
C_PerlinWorm,folded_metamorphic,5,11,2230,17,7,0.2429
C_PerlinWorm,folded_metamorphic,5,12,2130,12,4,0.3000
C_PerlinWorm,folded_metamorphic,5,13,1790,3,1,0.3000
C_PerlinWorm,folded_metamorphic,5,14,2110,13,7,0.1857
C_PerlinWorm,folded_metamorphic,5,15,1920,7,4,0.1750
C_PerlinWorm,folded_metamorphic,5,16,2680,25,10,0.2500
C_PerlinWorm,folded_metamorphic,5,17,1990,8,4,0.2000
C_PerlinWorm,folded_metamorphic,5,18,1950,8,4,0.2000
C_PerlinWorm,folded_metamorphic,5,19,1850,4,2,0.2000
C_PerlinWorm,folded_metamorphic,5,20,1970,8,5,0.1600
C_PerlinWorm,folded_metamorphic,5,21,2000,7,3,0.2333
C_PerlinWorm,folded_metamorphic,5,22,2060,12,7,0.1714
C_PerlinWorm,folded_metamorphic,5,23,2180,12,7,0.1714
C_PerlinWorm,folded_metamorphic,5,24,2570,24,10,0.2400
C_PerlinWorm,folded_metamorphic,5,25,1860,6,2,0.3000
C_PerlinWorm,folded_metamorphic,5,26,1950,9,5,0.1800
C_PerlinWorm,folded_metamorphic,5,27,2330,20,6,0.3333
C_PerlinWorm,folded_metamorphic,5,28,2000,11,5,0.2200
C_PerlinWorm,folded_metamorphic,5,29,2080,9,4,0.2250
C_PerlinWorm,folded_metamorphic,5,30,2170,14,7,0.2000
C_PerlinWorm,folded_metamorphic,5,31,1930,7,5,0.1400
C_PerlinWorm,folded_metamorphic,5,32,2230,15,6,0.2500
C_PerlinWorm,folded_metamorphic,5,33,2410,20,14,0.1429
C_PerlinWorm,folded_metamorphic,5,34,1800,3,1,0.3000
C_PerlinWorm,folded_metamorphic,5,35,2310,18,8,0.2250
C_PerlinWorm,folded_metamorphic,5,36,1780,3,2,0.1500
C_PerlinWorm,folded_metamorphic,5,37,2280,17,5,0.3400
C_PerlinWorm,folded_metamorphic,5,38,1950,8,4,0.2000
C_PerlinWorm,folded_metamorphic,5,39,1820,4,1,0.4000
C_PerlinWorm,folded_metamorphic,5,40,1900,5,4,0.1250
C_PerlinWorm,folded_metamorphic,5,41,2430,20,9,0.2222
C_PerlinWorm,folded_metamorphic,5,42,2010,9,5,0.1800
C_PerlinWorm,folded_metamorphic,5,43,2460,25,13,0.1923
C_PerlinWorm,folded_metamorphic,5,44,2240,17,6,0.2833
C_PerlinWorm,folded_metamorphic,5,45,1950,8,4,0.2000
C_PerlinWorm,folded_metamorphic,5,46,2020,10,6,0.1667
C_PerlinWorm,folded_metamorphic,5,47,2030,9,6,0.1500
C_PerlinWorm,folded_metamorphic,5,48,1830,6,4,0.1500
C_PerlinWorm,folded_metamorphic,5,49,1900,5,4,0.1250
C_PerlinWorm,volcanic_complex,1,0,2040,4,3,0.1333
C_PerlinWorm,volcanic_complex,1,1,1820,2,1,0.2000
C_PerlinWorm,volcanic_complex,1,2,2220,7,4,0.1750
C_PerlinWorm,volcanic_complex,1,3,2290,3,2,0.1500
C_PerlinWorm,volcanic_complex,1,4,1980,2,1,0.2000
C_PerlinWorm,volcanic_complex,1,5,2150,8,2,0.4000
C_PerlinWorm,volcanic_complex,1,6,1910,0,0,0.0000
C_PerlinWorm,volcanic_complex,1,7,1760,0,0,0.0000
C_PerlinWorm,volcanic_complex,1,8,2050,5,3,0.1667
C_PerlinWorm,volcanic_complex,1,9,1770,0,0,0.0000
C_PerlinWorm,volcanic_complex,1,10,1880,2,1,0.2000
C_PerlinWorm,volcanic_complex,1,11,2020,5,4,0.1250
C_PerlinWorm,volcanic_complex,1,12,1750,0,0,0.0000
C_PerlinWorm,volcanic_complex,1,13,2029,6,4,0.1500
C_PerlinWorm,volcanic_complex,1,14,1770,2,2,0.1000
C_PerlinWorm,volcanic_complex,1,15,2430,14,10,0.1400
C_PerlinWorm,volcanic_complex,1,16,2170,8,3,0.2667
C_PerlinWorm,volcanic_complex,1,17,1760,0,0,0.0000
C_PerlinWorm,volcanic_complex,1,18,2190,5,3,0.1667
C_PerlinWorm,volcanic_complex,1,19,2140,3,3,0.1000
C_PerlinWorm,volcanic_complex,1,20,2110,4,3,0.1333
C_PerlinWorm,volcanic_complex,1,21,1880,0,0,0.0000
C_PerlinWorm,volcanic_complex,1,22,1940,1,1,0.1000
C_PerlinWorm,volcanic_complex,1,23,2160,6,3,0.2000
C_PerlinWorm,volcanic_complex,1,24,2010,5,3,0.1667
C_PerlinWorm,volcanic_complex,1,25,2050,2,2,0.1000
C_PerlinWorm,volcanic_complex,1,26,1860,2,1,0.2000
C_PerlinWorm,volcanic_complex,1,27,2020,5,3,0.1667
C_PerlinWorm,volcanic_complex,1,28,1890,1,1,0.1000
C_PerlinWorm,volcanic_complex,1,29,2270,9,6,0.1500
C_PerlinWorm,volcanic_complex,1,30,1860,4,1,0.4000
C_PerlinWorm,volcanic_complex,1,31,2230,7,4,0.1750
C_PerlinWorm,volcanic_complex,1,32,2050,5,3,0.1667
C_PerlinWorm,volcanic_complex,1,33,1950,2,2,0.1000
C_PerlinWorm,volcanic_complex,1,34,2040,5,3,0.1667
C_PerlinWorm,volcanic_complex,1,35,2100,2,2,0.1000
C_PerlinWorm,volcanic_complex,1,36,1860,0,0,0.0000
C_PerlinWorm,volcanic_complex,1,37,1950,1,1,0.1000
C_PerlinWorm,volcanic_complex,1,38,1910,0,0,0.0000
C_PerlinWorm,volcanic_complex,1,39,1890,1,1,0.1000
C_PerlinWorm,volcanic_complex,1,40,2130,8,6,0.1333
C_PerlinWorm,volcanic_complex,1,41,1380,1,1,0.1000
C_PerlinWorm,volcanic_complex,1,42,1700,4,3,0.1333
C_PerlinWorm,volcanic_complex,1,43,1410,1,1,0.1000
C_PerlinWorm,volcanic_complex,1,44,1640,1,1,0.1000
C_PerlinWorm,volcanic_complex,1,45,1850,7,5,0.1400
C_PerlinWorm,volcanic_complex,1,46,1530,3,1,0.3000
C_PerlinWorm,volcanic_complex,1,47,1490,2,2,0.1000
C_PerlinWorm,volcanic_complex,1,48,1550,2,2,0.1000
C_PerlinWorm,volcanic_complex,1,49,1730,6,4,0.1500
C_PerlinWorm,volcanic_complex,2,0,1300,0,0,0.0000
C_PerlinWorm,volcanic_complex,2,1,1320,0,0,0.0000
C_PerlinWorm,volcanic_complex,2,2,1530,4,3,0.1333
C_PerlinWorm,volcanic_complex,2,3,1550,3,3,0.1000
C_PerlinWorm,volcanic_complex,2,4,1370,1,1,0.1000
C_PerlinWorm,volcanic_complex,2,5,1430,2,1,0.2000
C_PerlinWorm,volcanic_complex,2,6,1680,3,2,0.1500
C_PerlinWorm,volcanic_complex,2,7,1440,1,1,0.1000
C_PerlinWorm,volcanic_complex,2,8,1620,7,4,0.1750
C_PerlinWorm,volcanic_complex,2,9,1440,5,4,0.1250
C_PerlinWorm,volcanic_complex,2,10,1850,8,7,0.1143
C_PerlinWorm,volcanic_complex,2,11,1780,7,7,0.1000
C_PerlinWorm,volcanic_complex,2,12,1360,1,1,0.1000
C_PerlinWorm,volcanic_complex,2,13,1530,1,1,0.1000
C_PerlinWorm,volcanic_complex,2,14,1810,9,6,0.1500
C_PerlinWorm,volcanic_complex,2,15,1760,6,4,0.1500
C_PerlinWorm,volcanic_complex,2,16,1550,4,3,0.1333
C_PerlinWorm,volcanic_complex,2,17,1550,6,4,0.1500
C_PerlinWorm,volcanic_complex,2,18,1390,1,1,0.1000
C_PerlinWorm,volcanic_complex,2,19,1570,2,2,0.1000
C_PerlinWorm,volcanic_complex,2,20,1490,5,3,0.1667
C_PerlinWorm,volcanic_complex,2,21,1420,2,2,0.1000
C_PerlinWorm,volcanic_complex,2,22,1630,5,4,0.1250
C_PerlinWorm,volcanic_complex,2,23,1360,1,1,0.1000
C_PerlinWorm,volcanic_complex,2,24,1440,3,2,0.1500
C_PerlinWorm,volcanic_complex,2,25,1550,4,3,0.1333
C_PerlinWorm,volcanic_complex,2,26,1560,6,5,0.1200
C_PerlinWorm,volcanic_complex,2,27,1640,2,1,0.2000
C_PerlinWorm,volcanic_complex,2,28,1500,0,0,0.0000
C_PerlinWorm,volcanic_complex,2,29,1340,0,0,0.0000
C_PerlinWorm,volcanic_complex,2,30,1300,0,0,0.0000
C_PerlinWorm,volcanic_complex,2,31,1890,9,4,0.2250
C_PerlinWorm,volcanic_complex,2,32,1570,3,3,0.1000
C_PerlinWorm,volcanic_complex,2,33,1540,3,2,0.1500
C_PerlinWorm,volcanic_complex,2,34,1860,6,5,0.1200
C_PerlinWorm,volcanic_complex,2,35,1700,6,3,0.2000
C_PerlinWorm,volcanic_complex,2,36,1840,12,4,0.3000
C_PerlinWorm,volcanic_complex,2,37,1730,8,4,0.2000
C_PerlinWorm,volcanic_complex,2,38,1460,4,2,0.2000
C_PerlinWorm,volcanic_complex,2,39,1580,3,2,0.1500
C_PerlinWorm,volcanic_complex,2,40,1540,0,0,0.0000
C_PerlinWorm,volcanic_complex,2,41,1810,8,6,0.1333
C_PerlinWorm,volcanic_complex,2,42,1700,7,4,0.1750
C_PerlinWorm,volcanic_complex,2,43,1660,5,3,0.1667
C_PerlinWorm,volcanic_complex,2,44,1460,3,2,0.1500
C_PerlinWorm,volcanic_complex,2,45,1440,2,2,0.1000
C_PerlinWorm,volcanic_complex,2,46,1590,3,3,0.1000
C_PerlinWorm,volcanic_complex,2,47,1480,1,1,0.1000
C_PerlinWorm,volcanic_complex,2,48,1570,1,1,0.1000
C_PerlinWorm,volcanic_complex,2,49,1540,3,2,0.1500
C_PerlinWorm,volcanic_complex,3,0,1540,4,4,0.1000
C_PerlinWorm,volcanic_complex,3,1,1500,3,2,0.1500
C_PerlinWorm,volcanic_complex,3,2,1650,6,2,0.3000
C_PerlinWorm,volcanic_complex,3,3,1730,5,3,0.1667
C_PerlinWorm,volcanic_complex,3,4,1610,7,6,0.1167
C_PerlinWorm,volcanic_complex,3,5,1850,8,7,0.1143
C_PerlinWorm,volcanic_complex,3,6,1340,0,0,0.0000
C_PerlinWorm,volcanic_complex,3,7,1810,7,3,0.2333
C_PerlinWorm,volcanic_complex,3,8,1650,8,4,0.2000
C_PerlinWorm,volcanic_complex,3,9,1690,7,2,0.3500
C_PerlinWorm,volcanic_complex,3,10,1690,4,3,0.1333
C_PerlinWorm,volcanic_complex,3,11,1950,10,6,0.1667
C_PerlinWorm,volcanic_complex,3,12,1610,5,3,0.1667
C_PerlinWorm,volcanic_complex,3,13,1520,7,3,0.2333
C_PerlinWorm,volcanic_complex,3,14,1570,2,2,0.1000
C_PerlinWorm,volcanic_complex,3,15,1470,2,1,0.2000
C_PerlinWorm,volcanic_complex,3,16,1620,7,5,0.1400
C_PerlinWorm,volcanic_complex,3,17,1790,5,3,0.1667
C_PerlinWorm,volcanic_complex,3,18,1560,3,3,0.1000
C_PerlinWorm,volcanic_complex,3,19,1730,5,3,0.1667
C_PerlinWorm,volcanic_complex,3,20,1650,5,2,0.2500
C_PerlinWorm,volcanic_complex,3,21,1360,1,1,0.1000
C_PerlinWorm,volcanic_complex,3,22,1430,4,2,0.2000
C_PerlinWorm,volcanic_complex,3,23,1530,5,3,0.1667
C_PerlinWorm,volcanic_complex,3,24,1510,4,3,0.1333
C_PerlinWorm,volcanic_complex,3,25,1590,7,4,0.1750
C_PerlinWorm,volcanic_complex,3,26,1420,2,2,0.1000
C_PerlinWorm,volcanic_complex,3,27,1630,7,5,0.1400
C_PerlinWorm,volcanic_complex,3,28,1930,9,4,0.2250
C_PerlinWorm,volcanic_complex,3,29,1370,2,1,0.2000
C_PerlinWorm,volcanic_complex,3,30,1590,4,3,0.1333
C_PerlinWorm,volcanic_complex,3,31,1620,4,3,0.1333
C_PerlinWorm,volcanic_complex,3,32,1380,0,0,0.0000
C_PerlinWorm,volcanic_complex,3,33,1970,11,5,0.2200
C_PerlinWorm,volcanic_complex,3,34,1590,5,4,0.1250
C_PerlinWorm,volcanic_complex,3,35,1390,1,1,0.1000
C_PerlinWorm,volcanic_complex,3,36,1500,0,0,0.0000
C_PerlinWorm,volcanic_complex,3,37,1470,1,1,0.1000
C_PerlinWorm,volcanic_complex,3,38,1690,7,4,0.1750
C_PerlinWorm,volcanic_complex,3,39,1670,4,2,0.2000
C_PerlinWorm,volcanic_complex,3,40,1410,2,2,0.1000
C_PerlinWorm,volcanic_complex,3,41,1540,3,3,0.1000
C_PerlinWorm,volcanic_complex,3,42,1410,1,1,0.1000
C_PerlinWorm,volcanic_complex,3,43,1790,9,6,0.1500
C_PerlinWorm,volcanic_complex,3,44,1350,0,0,0.0000
C_PerlinWorm,volcanic_complex,3,45,1430,1,1,0.1000
C_PerlinWorm,volcanic_complex,3,46,1480,3,3,0.1000
C_PerlinWorm,volcanic_complex,3,47,1360,0,0,0.0000
C_PerlinWorm,volcanic_complex,3,48,1560,2,2,0.1000
C_PerlinWorm,volcanic_complex,3,49,1320,0,0,0.0000
C_PerlinWorm,volcanic_complex,4,0,1850,8,6,0.1333
C_PerlinWorm,volcanic_complex,4,1,1590,4,3,0.1333
C_PerlinWorm,volcanic_complex,4,2,1440,5,3,0.1667
C_PerlinWorm,volcanic_complex,4,3,1550,3,2,0.1500
C_PerlinWorm,volcanic_complex,4,4,1700,6,4,0.1500
C_PerlinWorm,volcanic_complex,4,5,1610,3,3,0.1000
C_PerlinWorm,volcanic_complex,4,6,1550,3,2,0.1500
C_PerlinWorm,volcanic_complex,4,7,1920,12,6,0.2000
C_PerlinWorm,volcanic_complex,4,8,1360,0,0,0.0000
C_PerlinWorm,volcanic_complex,4,9,1460,4,3,0.1333
C_PerlinWorm,volcanic_complex,4,10,1630,6,4,0.1500
C_PerlinWorm,volcanic_complex,4,11,1450,4,1,0.4000
C_PerlinWorm,volcanic_complex,4,12,1510,4,3,0.1333
C_PerlinWorm,volcanic_complex,4,13,1350,0,0,0.0000
C_PerlinWorm,volcanic_complex,4,14,1650,1,1,0.1000
C_PerlinWorm,volcanic_complex,4,15,1560,4,3,0.1333
C_PerlinWorm,volcanic_complex,4,16,1630,6,4,0.1500
C_PerlinWorm,volcanic_complex,4,17,1480,4,2,0.2000
C_PerlinWorm,volcanic_complex,4,18,1460,3,3,0.1000
C_PerlinWorm,volcanic_complex,4,19,1440,3,2,0.1500
C_PerlinWorm,volcanic_complex,4,20,1510,0,0,0.0000
C_PerlinWorm,volcanic_complex,4,21,1430,2,2,0.1000
C_PerlinWorm,volcanic_complex,4,22,1550,1,1,0.1000
C_PerlinWorm,volcanic_complex,4,23,1390,0,0,0.0000
C_PerlinWorm,volcanic_complex,4,24,1500,2,1,0.2000
C_PerlinWorm,volcanic_complex,4,25,1750,5,4,0.1250
C_PerlinWorm,volcanic_complex,4,26,1780,4,3,0.1333
C_PerlinWorm,volcanic_complex,4,27,1750,9,5,0.1800
C_PerlinWorm,volcanic_complex,4,28,1890,10,7,0.1429
C_PerlinWorm,volcanic_complex,4,29,1650,6,5,0.1200
C_PerlinWorm,volcanic_complex,4,30,1520,3,2,0.1500
C_PerlinWorm,volcanic_complex,4,31,1950,11,7,0.1571
C_PerlinWorm,volcanic_complex,4,32,1380,1,1,0.1000
C_PerlinWorm,volcanic_complex,4,33,1350,0,0,0.0000
C_PerlinWorm,volcanic_complex,4,34,1460,3,1,0.3000
C_PerlinWorm,volcanic_complex,4,35,1690,4,3,0.1333
C_PerlinWorm,volcanic_complex,4,36,1330,0,0,0.0000
C_PerlinWorm,volcanic_complex,4,37,1420,1,1,0.1000
C_PerlinWorm,volcanic_complex,4,38,1820,7,5,0.1400
C_PerlinWorm,volcanic_complex,4,39,1660,5,3,0.1667
C_PerlinWorm,volcanic_complex,4,40,1380,1,1,0.1000
C_PerlinWorm,volcanic_complex,4,41,1610,6,4,0.1500
C_PerlinWorm,volcanic_complex,4,42,1750,6,3,0.2000
C_PerlinWorm,volcanic_complex,4,43,1870,7,3,0.2333
C_PerlinWorm,volcanic_complex,4,44,1700,2,2,0.1000
C_PerlinWorm,volcanic_complex,4,45,1790,8,6,0.1333
C_PerlinWorm,volcanic_complex,4,46,1490,6,4,0.1500
C_PerlinWorm,volcanic_complex,4,47,1560,5,3,0.1667
C_PerlinWorm,volcanic_complex,4,48,1480,2,2,0.1000
C_PerlinWorm,volcanic_complex,4,49,1690,6,5,0.1200
C_PerlinWorm,volcanic_complex,5,0,1630,5,5,0.1000
C_PerlinWorm,volcanic_complex,5,1,1310,0,0,0.0000
C_PerlinWorm,volcanic_complex,5,2,1450,1,1,0.1000
C_PerlinWorm,volcanic_complex,5,3,1380,0,0,0.0000
C_PerlinWorm,volcanic_complex,5,4,1590,2,1,0.2000
C_PerlinWorm,volcanic_complex,5,5,1500,4,3,0.1333
C_PerlinWorm,volcanic_complex,5,6,1550,2,2,0.1000
C_PerlinWorm,volcanic_complex,5,7,1720,6,2,0.3000
C_PerlinWorm,volcanic_complex,5,8,1650,6,4,0.1500
C_PerlinWorm,volcanic_complex,5,9,1410,1,1,0.1000
C_PerlinWorm,volcanic_complex,5,10,1410,0,0,0.0000
C_PerlinWorm,volcanic_complex,5,11,1760,6,5,0.1200
C_PerlinWorm,volcanic_complex,5,12,1660,5,2,0.2500
C_PerlinWorm,volcanic_complex,5,13,1330,0,0,0.0000
C_PerlinWorm,volcanic_complex,5,14,1600,5,3,0.1667
C_PerlinWorm,volcanic_complex,5,15,1440,1,1,0.1000
C_PerlinWorm,volcanic_complex,5,16,2020,11,7,0.1571
C_PerlinWorm,volcanic_complex,5,17,1460,2,2,0.1000
C_PerlinWorm,volcanic_complex,5,18,1540,5,3,0.1667
C_PerlinWorm,volcanic_complex,5,19,1350,0,0,0.0000
C_PerlinWorm,volcanic_complex,5,20,1450,1,1,0.1000
C_PerlinWorm,volcanic_complex,5,21,1420,1,1,0.1000
C_PerlinWorm,volcanic_complex,5,22,1550,3,3,0.1000
C_PerlinWorm,volcanic_complex,5,23,1540,1,1,0.1000
C_PerlinWorm,volcanic_complex,5,24,2090,14,8,0.1750
C_PerlinWorm,volcanic_complex,5,25,1440,2,1,0.2000
C_PerlinWorm,volcanic_complex,5,26,1510,2,2,0.1000
C_PerlinWorm,volcanic_complex,5,27,1700,1,1,0.1000
C_PerlinWorm,volcanic_complex,5,28,1660,7,4,0.1750
C_PerlinWorm,volcanic_complex,5,29,1530,3,2,0.1500
C_PerlinWorm,volcanic_complex,5,30,1820,10,5,0.2000
C_PerlinWorm,volcanic_complex,5,31,1470,3,2,0.1500
C_PerlinWorm,volcanic_complex,5,32,1730,7,4,0.1750
C_PerlinWorm,volcanic_complex,5,33,1860,8,5,0.1600
C_PerlinWorm,volcanic_complex,5,34,1320,0,0,0.0000
C_PerlinWorm,volcanic_complex,5,35,1780,10,6,0.1667
C_PerlinWorm,volcanic_complex,5,36,1360,1,1,0.1000
C_PerlinWorm,volcanic_complex,5,37,1800,7,4,0.1750
C_PerlinWorm,volcanic_complex,5,38,1530,4,2,0.2000
C_PerlinWorm,volcanic_complex,5,39,1330,0,0,0.0000
C_PerlinWorm,volcanic_complex,5,40,1380,0,0,0.0000
C_PerlinWorm,volcanic_complex,5,41,1840,7,5,0.1400
C_PerlinWorm,volcanic_complex,5,42,1420,0,0,0.0000
C_PerlinWorm,volcanic_complex,5,43,2040,14,8,0.1750
C_PerlinWorm,volcanic_complex,5,44,1720,7,3,0.2333
C_PerlinWorm,volcanic_complex,5,45,1540,6,3,0.2000
C_PerlinWorm,volcanic_complex,5,46,1610,5,5,0.1000
C_PerlinWorm,volcanic_complex,5,47,1520,4,3,0.1333
C_PerlinWorm,volcanic_complex,5,48,1450,2,2,0.1000
C_PerlinWorm,volcanic_complex,5,49,1430,1,1,0.1000
D_VoronoiBiome,uniform_stone,1,0,6980,70,42,0.3543
D_VoronoiBiome,uniform_stone,1,1,8110,91,48,0.2901
D_VoronoiBiome,uniform_stone,1,2,6940,68,46,0.3529
D_VoronoiBiome,uniform_stone,1,3,7200,75,48,0.3040
D_VoronoiBiome,uniform_stone,1,4,6940,70,48,0.3029
D_VoronoiBiome,uniform_stone,1,5,6670,66,43,0.3758
D_VoronoiBiome,uniform_stone,1,6,7840,83,41,0.2988
D_VoronoiBiome,uniform_stone,1,7,7100,69,42,0.2899
D_VoronoiBiome,uniform_stone,1,8,7250,73,42,0.2630
D_VoronoiBiome,uniform_stone,1,9,6430,57,42,0.2947
D_VoronoiBiome,uniform_stone,1,10,6760,67,42,0.2448
D_VoronoiBiome,uniform_stone,1,11,6870,70,45,0.3371
D_VoronoiBiome,uniform_stone,1,12,7490,77,44,0.2805
D_VoronoiBiome,uniform_stone,1,13,6670,66,48,0.3333
D_VoronoiBiome,uniform_stone,1,14,6230,58,43,0.3586
D_VoronoiBiome,uniform_stone,1,15,6670,68,46,0.3294
D_VoronoiBiome,uniform_stone,1,16,6360,63,49,0.3111
D_VoronoiBiome,uniform_stone,1,17,7069,78,53,0.3385
D_VoronoiBiome,uniform_stone,1,18,6180,57,42,0.3439
D_VoronoiBiome,uniform_stone,1,19,6430,61,42,0.3410
D_VoronoiBiome,uniform_stone,1,20,6440,60,40,0.3600
D_VoronoiBiome,uniform_stone,1,21,6910,73,50,0.3014
D_VoronoiBiome,uniform_stone,1,22,6670,67,47,0.2687
D_VoronoiBiome,uniform_stone,1,23,7900,87,40,0.3310
D_VoronoiBiome,uniform_stone,1,24,6400,61,43,0.3541
D_VoronoiBiome,uniform_stone,1,25,6620,68,45,0.3588
D_VoronoiBiome,uniform_stone,1,26,6990,73,43,0.2630
D_VoronoiBiome,uniform_stone,1,27,6660,66,41,0.3455
D_VoronoiBiome,uniform_stone,1,28,6640,68,50,0.3059
D_VoronoiBiome,uniform_stone,1,29,7220,75,47,0.2880
D_VoronoiBiome,uniform_stone,1,30,6980,75,51,0.3307
D_VoronoiBiome,uniform_stone,1,31,6820,69,42,0.2725
D_VoronoiBiome,uniform_stone,1,32,6070,50,38,0.2720
D_VoronoiBiome,uniform_stone,1,33,7030,69,46,0.2377
D_VoronoiBiome,uniform_stone,1,34,6770,68,48,0.2941
D_VoronoiBiome,uniform_stone,1,35,7200,79,55,0.3139
D_VoronoiBiome,uniform_stone,1,36,7410,81,45,0.3062
D_VoronoiBiome,uniform_stone,1,37,6540,63,44,0.3175
D_VoronoiBiome,uniform_stone,1,38,6550,62,42,0.2839
D_VoronoiBiome,uniform_stone,1,39,6230,56,39,0.3500
D_VoronoiBiome,uniform_stone,1,40,6730,72,49,0.3444
D_VoronoiBiome,uniform_stone,1,41,6210,58,45,0.3310
D_VoronoiBiome,uniform_stone,1,42,6630,67,48,0.2746
D_VoronoiBiome,uniform_stone,1,43,6840,73,44,0.3342
D_VoronoiBiome,uniform_stone,1,44,6850,69,42,0.2899
D_VoronoiBiome,uniform_stone,1,45,7090,73,37,0.2411
D_VoronoiBiome,uniform_stone,1,46,6520,62,42,0.3097
D_VoronoiBiome,uniform_stone,1,47,6270,57,38,0.3158
D_VoronoiBiome,uniform_stone,1,48,6440,65,46,0.3569
D_VoronoiBiome,uniform_stone,1,49,6830,70,48,0.2971
D_VoronoiBiome,uniform_stone,2,0,12380,65,38,0.2646
D_VoronoiBiome,uniform_stone,2,1,7410,47,35,0.3064
D_VoronoiBiome,uniform_stone,2,2,6160,57,37,0.3439
D_VoronoiBiome,uniform_stone,2,3,6350,60,39,0.3467
D_VoronoiBiome,uniform_stone,2,4,6670,71,51,0.3324
D_VoronoiBiome,uniform_stone,2,5,6620,69,41,0.3594
D_VoronoiBiome,uniform_stone,2,6,6950,72,46,0.2389
D_VoronoiBiome,uniform_stone,2,7,6480,66,50,0.3152
D_VoronoiBiome,uniform_stone,2,8,6050,55,39,0.3564
D_VoronoiBiome,uniform_stone,2,9,6990,73,47,0.3342
D_VoronoiBiome,uniform_stone,2,10,6110,58,44,0.3241
D_VoronoiBiome,uniform_stone,2,11,6890,68,39,0.2882
D_VoronoiBiome,uniform_stone,2,12,6440,62,44,0.2645
D_VoronoiBiome,uniform_stone,2,13,6660,67,44,0.2627
D_VoronoiBiome,uniform_stone,2,14,6850,68,46,0.2235
D_VoronoiBiome,uniform_stone,2,15,6600,69,48,0.3478
D_VoronoiBiome,uniform_stone,2,16,6260,59,37,0.2644
D_VoronoiBiome,uniform_stone,2,17,6820,73,46,0.3726
D_VoronoiBiome,uniform_stone,2,18,6410,61,36,0.3279
D_VoronoiBiome,uniform_stone,2,19,6330,59,43,0.2441
D_VoronoiBiome,uniform_stone,2,20,6350,58,33,0.2621
D_VoronoiBiome,uniform_stone,2,21,6910,69,40,0.2145
D_VoronoiBiome,uniform_stone,2,22,6700,69,47,0.3188
D_VoronoiBiome,uniform_stone,2,23,6420,63,44,0.3429
D_VoronoiBiome,uniform_stone,2,24,6650,66,42,0.2606
D_VoronoiBiome,uniform_stone,2,25,6190,56,39,0.3357
D_VoronoiBiome,uniform_stone,2,26,6680,68,45,0.3235
D_VoronoiBiome,uniform_stone,2,27,7100,73,42,0.2521
D_VoronoiBiome,uniform_stone,2,28,6360,59,36,0.3458
D_VoronoiBiome,uniform_stone,2,29,6730,68,46,0.3059
D_VoronoiBiome,uniform_stone,2,30,6540,67,54,0.2746
D_VoronoiBiome,uniform_stone,2,31,6320,64,47,0.3438
D_VoronoiBiome,uniform_stone,2,32,6090,58,40,0.3724
D_VoronoiBiome,uniform_stone,2,33,7160,77,38,0.2701
D_VoronoiBiome,uniform_stone,2,34,6970,74,47,0.2811
D_VoronoiBiome,uniform_stone,2,35,6420,62,49,0.2710
D_VoronoiBiome,uniform_stone,2,36,7039,73,42,0.2740
D_VoronoiBiome,uniform_stone,2,37,6750,70,53,0.2971
D_VoronoiBiome,uniform_stone,2,38,5990,53,42,0.3170
D_VoronoiBiome,uniform_stone,2,39,6890,76,49,0.3526
D_VoronoiBiome,uniform_stone,2,40,6240,60,40,0.2933
D_VoronoiBiome,uniform_stone,2,41,6270,62,41,0.3290
D_VoronoiBiome,uniform_stone,2,42,6820,73,51,0.3452
D_VoronoiBiome,uniform_stone,2,43,6520,64,44,0.3125
D_VoronoiBiome,uniform_stone,2,44,6060,53,40,0.2566
D_VoronoiBiome,uniform_stone,2,45,6890,71,36,0.3155
D_VoronoiBiome,uniform_stone,2,46,6820,72,46,0.3278
D_VoronoiBiome,uniform_stone,2,47,6540,69,48,0.3768
D_VoronoiBiome,uniform_stone,2,48,6420,63,46,0.3429
D_VoronoiBiome,uniform_stone,2,49,7080,78,44,0.3385
D_VoronoiBiome,uniform_stone,3,0,6350,60,40,0.3133
D_VoronoiBiome,uniform_stone,3,1,7080,79,49,0.3190
D_VoronoiBiome,uniform_stone,3,2,6810,70,53,0.2914
D_VoronoiBiome,uniform_stone,3,3,6910,73,42,0.2959
D_VoronoiBiome,uniform_stone,3,4,6800,69,45,0.3246
D_VoronoiBiome,uniform_stone,3,5,5840,49,40,0.3184
D_VoronoiBiome,uniform_stone,3,6,6450,60,40,0.2867
D_VoronoiBiome,uniform_stone,3,7,6380,62,45,0.3097
D_VoronoiBiome,uniform_stone,3,8,7630,87,49,0.3264
D_VoronoiBiome,uniform_stone,3,9,6750,72,55,0.2222
D_VoronoiBiome,uniform_stone,3,10,7140,75,39,0.2560
D_VoronoiBiome,uniform_stone,3,11,6390,60,37,0.2400
D_VoronoiBiome,uniform_stone,3,12,6880,70,41,0.2857
D_VoronoiBiome,uniform_stone,3,13,7030,84,54,0.3810
D_VoronoiBiome,uniform_stone,3,14,6290,56,35,0.3357
D_VoronoiBiome,uniform_stone,3,15,6780,71,46,0.3099
D_VoronoiBiome,uniform_stone,3,16,5660,43,34,0.2698
D_VoronoiBiome,uniform_stone,3,17,5970,53,38,0.3094
D_VoronoiBiome,uniform_stone,3,18,7470,87,51,0.2989
D_VoronoiBiome,uniform_stone,3,19,6439,64,46,0.3438
D_VoronoiBiome,uniform_stone,3,20,6670,70,47,0.3543
D_VoronoiBiome,uniform_stone,3,21,6390,62,44,0.2774
D_VoronoiBiome,uniform_stone,3,22,6490,65,45,0.3015
D_VoronoiBiome,uniform_stone,3,23,5970,51,34,0.3294
D_VoronoiBiome,uniform_stone,3,24,6730,73,46,0.3616
D_VoronoiBiome,uniform_stone,3,25,7140,80,53,0.2600
D_VoronoiBiome,uniform_stone,3,26,6500,65,52,0.2646
D_VoronoiBiome,uniform_stone,3,27,6750,68,44,0.2882
D_VoronoiBiome,uniform_stone,3,28,6320,63,47,0.3111
D_VoronoiBiome,uniform_stone,3,29,6020,54,38,0.3778
D_VoronoiBiome,uniform_stone,3,30,6270,62,44,0.3226
D_VoronoiBiome,uniform_stone,3,31,6500,67,50,0.3045
D_VoronoiBiome,uniform_stone,3,32,6600,63,39,0.3365
D_VoronoiBiome,uniform_stone,3,33,6750,74,49,0.3568
D_VoronoiBiome,uniform_stone,3,34,6150,58,47,0.3379
D_VoronoiBiome,uniform_stone,3,35,6900,78,50,0.3179
D_VoronoiBiome,uniform_stone,3,36,7190,80,40,0.3650
D_VoronoiBiome,uniform_stone,3,37,6640,67,41,0.3582
D_VoronoiBiome,uniform_stone,3,38,6290,61,47,0.3541
D_VoronoiBiome,uniform_stone,3,39,6420,62,38,0.2968
D_VoronoiBiome,uniform_stone,3,40,6900,72,43,0.1944
D_VoronoiBiome,uniform_stone,3,41,6710,72,44,0.3389
D_VoronoiBiome,uniform_stone,3,42,6780,71,48,0.2930
D_VoronoiBiome,uniform_stone,3,43,6510,65,38,0.3631
D_VoronoiBiome,uniform_stone,3,44,6590,70,50,0.3429
D_VoronoiBiome,uniform_stone,3,45,6350,63,41,0.3683
D_VoronoiBiome,uniform_stone,3,46,7160,85,55,0.3200
D_VoronoiBiome,uniform_stone,3,47,6580,65,42,0.3077
D_VoronoiBiome,uniform_stone,3,48,6150,56,38,0.3214
D_VoronoiBiome,uniform_stone,3,49,6790,70,41,0.3543
D_VoronoiBiome,uniform_stone,4,0,6310,61,45,0.3016
D_VoronoiBiome,uniform_stone,4,1,6150,62,47,0.3484
D_VoronoiBiome,uniform_stone,4,2,6480,63,47,0.3111
D_VoronoiBiome,uniform_stone,4,3,6289,63,46,0.3365
D_VoronoiBiome,uniform_stone,4,4,7210,84,55,0.3048
D_VoronoiBiome,uniform_stone,4,5,6650,67,41,0.3343
D_VoronoiBiome,uniform_stone,4,6,6440,66,44,0.3394
D_VoronoiBiome,uniform_stone,4,7,6400,67,50,0.3403
D_VoronoiBiome,uniform_stone,4,8,6950,77,46,0.2961
D_VoronoiBiome,uniform_stone,4,9,6020,55,49,0.3636
D_VoronoiBiome,uniform_stone,4,10,6820,72,45,0.3444
D_VoronoiBiome,uniform_stone,4,11,6780,71,45,0.3099
D_VoronoiBiome,uniform_stone,4,12,6140,59,40,0.3525
D_VoronoiBiome,uniform_stone,4,13,6450,61,37,0.2426
D_VoronoiBiome,uniform_stone,4,14,6550,64,35,0.2438
D_VoronoiBiome,uniform_stone,4,15,6440,64,42,0.3313
D_VoronoiBiome,uniform_stone,4,16,6650,71,49,0.3549
D_VoronoiBiome,uniform_stone,4,17,6540,65,39,0.2769
D_VoronoiBiome,uniform_stone,4,18,6290,62,47,0.3419
D_VoronoiBiome,uniform_stone,4,19,6350,62,37,0.3355
D_VoronoiBiome,uniform_stone,4,20,6200,58,42,0.3586
D_VoronoiBiome,uniform_stone,4,21,6380,61,35,0.3672
D_VoronoiBiome,uniform_stone,4,22,6840,75,46,0.2987
D_VoronoiBiome,uniform_stone,4,23,6120,54,34,0.2667
D_VoronoiBiome,uniform_stone,4,24,5820,49,32,0.3592
D_VoronoiBiome,uniform_stone,4,25,6620,66,39,0.2545
D_VoronoiBiome,uniform_stone,4,26,6220,59,45,0.3458
D_VoronoiBiome,uniform_stone,4,27,6550,68,46,0.3235
D_VoronoiBiome,uniform_stone,4,28,6590,64,43,0.2562
D_VoronoiBiome,uniform_stone,4,29,6940,73,44,0.3178
D_VoronoiBiome,uniform_stone,4,30,7470,83,42,0.2988
D_VoronoiBiome,uniform_stone,4,31,6610,66,42,0.2242
D_VoronoiBiome,uniform_stone,4,32,6310,66,48,0.3818
D_VoronoiBiome,uniform_stone,4,33,6640,67,40,0.3104
D_VoronoiBiome,uniform_stone,4,34,6400,68,53,0.3529
D_VoronoiBiome,uniform_stone,4,35,11610,57,40,0.3439
D_VoronoiBiome,uniform_stone,4,36,5880,46,34,0.3043
D_VoronoiBiome,uniform_stone,4,37,6520,64,52,0.2000
D_VoronoiBiome,uniform_stone,4,38,6180,64,55,0.3875
D_VoronoiBiome,uniform_stone,4,39,6350,64,44,0.3125
D_VoronoiBiome,uniform_stone,4,40,6410,64,46,0.2750
D_VoronoiBiome,uniform_stone,4,41,6209,58,36,0.3793
D_VoronoiBiome,uniform_stone,4,42,6870,77,53,0.3429
D_VoronoiBiome,uniform_stone,4,43,6610,69,47,0.3420
D_VoronoiBiome,uniform_stone,4,44,6420,64,46,0.3125
D_VoronoiBiome,uniform_stone,4,45,6540,67,53,0.2687
D_VoronoiBiome,uniform_stone,4,46,6640,69,43,0.2899
D_VoronoiBiome,uniform_stone,4,47,5560,46,40,0.3565
D_VoronoiBiome,uniform_stone,4,48,6390,67,50,0.3642
D_VoronoiBiome,uniform_stone,4,49,6160,54,41,0.2889
D_VoronoiBiome,uniform_stone,5,0,6010,56,43,0.3143
D_VoronoiBiome,uniform_stone,5,1,7130,77,41,0.2961
D_VoronoiBiome,uniform_stone,5,2,5990,55,46,0.2909
D_VoronoiBiome,uniform_stone,5,3,6360,65,49,0.2831
D_VoronoiBiome,uniform_stone,5,4,6370,62,44,0.2968
D_VoronoiBiome,uniform_stone,5,5,6250,62,47,0.3290
D_VoronoiBiome,uniform_stone,5,6,6830,74,54,0.2486
D_VoronoiBiome,uniform_stone,5,7,6270,58,36,0.3241
D_VoronoiBiome,uniform_stone,5,8,6380,66,45,0.3576
D_VoronoiBiome,uniform_stone,5,9,6000,56,39,0.3643
D_VoronoiBiome,uniform_stone,5,10,6380,66,49,0.3455
D_VoronoiBiome,uniform_stone,5,11,6180,59,46,0.3322
D_VoronoiBiome,uniform_stone,5,12,6570,70,49,0.3371
D_VoronoiBiome,uniform_stone,5,13,6330,57,36,0.2667
D_VoronoiBiome,uniform_stone,5,14,7260,78,38,0.2769
D_VoronoiBiome,uniform_stone,5,15,6420,66,46,0.3697
D_VoronoiBiome,uniform_stone,5,16,6400,60,39,0.3200
D_VoronoiBiome,uniform_stone,5,17,6940,74,46,0.3351
D_VoronoiBiome,uniform_stone,5,18,6570,70,42,0.3371
D_VoronoiBiome,uniform_stone,5,19,6650,67,43,0.3045
D_VoronoiBiome,uniform_stone,5,20,6200,54,37,0.2296
D_VoronoiBiome,uniform_stone,5,21,6080,57,41,0.3719
D_VoronoiBiome,uniform_stone,5,22,6460,63,42,0.2984
D_VoronoiBiome,uniform_stone,5,23,6700,71,50,0.3155
D_VoronoiBiome,uniform_stone,5,24,6590,68,45,0.3588
D_VoronoiBiome,uniform_stone,5,25,6039,55,43,0.3345
D_VoronoiBiome,uniform_stone,5,26,6600,69,41,0.3130
D_VoronoiBiome,uniform_stone,5,27,6610,66,42,0.2788
D_VoronoiBiome,uniform_stone,5,28,6300,60,39,0.2933
D_VoronoiBiome,uniform_stone,5,29,6770,72,45,0.3611
D_VoronoiBiome,uniform_stone,5,30,6320,60,41,0.2867
D_VoronoiBiome,uniform_stone,5,31,6110,56,41,0.2857
D_VoronoiBiome,uniform_stone,5,32,6320,58,42,0.3379
D_VoronoiBiome,uniform_stone,5,33,6350,61,40,0.3213
D_VoronoiBiome,uniform_stone,5,34,6870,69,43,0.2957
D_VoronoiBiome,uniform_stone,5,35,6670,71,50,0.3042
D_VoronoiBiome,uniform_stone,5,36,6320,63,46,0.3492
D_VoronoiBiome,uniform_stone,5,37,5960,50,33,0.2960
D_VoronoiBiome,uniform_stone,5,38,6950,76,43,0.3579
D_VoronoiBiome,uniform_stone,5,39,6240,59,45,0.3186
D_VoronoiBiome,uniform_stone,5,40,6570,68,42,0.3176
D_VoronoiBiome,uniform_stone,5,41,6060,56,47,0.2643
D_VoronoiBiome,uniform_stone,5,42,7150,77,43,0.1818
D_VoronoiBiome,uniform_stone,5,43,7030,78,45,0.3333
D_VoronoiBiome,uniform_stone,5,44,6400,63,42,0.3556
D_VoronoiBiome,uniform_stone,5,45,6770,73,46,0.3068
D_VoronoiBiome,uniform_stone,5,46,6360,61,48,0.2951
D_VoronoiBiome,uniform_stone,5,47,6330,64,50,0.2688
D_VoronoiBiome,uniform_stone,5,48,7200,81,43,0.2914
D_VoronoiBiome,uniform_stone,5,49,7520,80,40,0.1800
D_VoronoiBiome,stratified_3layer,1,0,7300,82,52,0.3561
D_VoronoiBiome,stratified_3layer,1,1,8370,102,47,0.2784
D_VoronoiBiome,stratified_3layer,1,2,7390,85,50,0.3529
D_VoronoiBiome,stratified_3layer,1,3,7329,85,45,0.3106
D_VoronoiBiome,stratified_3layer,1,4,7350,82,53,0.3024
D_VoronoiBiome,stratified_3layer,1,5,6930,77,43,0.3792
D_VoronoiBiome,stratified_3layer,1,6,8090,95,43,0.3116
D_VoronoiBiome,stratified_3layer,1,7,7590,84,42,0.2810
D_VoronoiBiome,stratified_3layer,1,8,7600,86,50,0.2837
D_VoronoiBiome,stratified_3layer,1,9,7050,73,45,0.2959
D_VoronoiBiome,stratified_3layer,1,10,7150,78,45,0.2410
D_VoronoiBiome,stratified_3layer,1,11,7480,84,47,0.3381
D_VoronoiBiome,stratified_3layer,1,12,8290,101,52,0.2931
D_VoronoiBiome,stratified_3layer,1,13,7170,80,48,0.3450
D_VoronoiBiome,stratified_3layer,1,14,6680,70,50,0.3600
D_VoronoiBiome,stratified_3layer,1,15,7330,84,49,0.3333
D_VoronoiBiome,stratified_3layer,1,16,7010,84,59,0.3190
D_VoronoiBiome,stratified_3layer,1,17,7330,89,58,0.3416
D_VoronoiBiome,stratified_3layer,1,18,6710,69,47,0.3362
D_VoronoiBiome,stratified_3layer,1,19,6940,77,47,0.3429
D_VoronoiBiome,stratified_3layer,1,20,7020,78,47,0.3692
D_VoronoiBiome,stratified_3layer,1,21,7140,84,57,0.3095
D_VoronoiBiome,stratified_3layer,1,22,7070,76,47,0.2684
D_VoronoiBiome,stratified_3layer,1,23,8240,97,39,0.3299
D_VoronoiBiome,stratified_3layer,1,24,6850,75,51,0.3573
D_VoronoiBiome,stratified_3layer,1,25,6930,78,50,0.3487
D_VoronoiBiome,stratified_3layer,1,26,7520,87,52,0.2575
D_VoronoiBiome,stratified_3layer,1,27,7010,77,50,0.3325
D_VoronoiBiome,stratified_3layer,1,28,6940,75,50,0.3093
D_VoronoiBiome,stratified_3layer,1,29,7620,85,47,0.2965
D_VoronoiBiome,stratified_3layer,1,30,7040,81,54,0.3259
D_VoronoiBiome,stratified_3layer,1,31,7220,82,48,0.2732
D_VoronoiBiome,stratified_3layer,1,32,6780,68,43,0.2765
D_VoronoiBiome,stratified_3layer,1,33,7600,89,55,0.2472
D_VoronoiBiome,stratified_3layer,1,34,7600,89,54,0.2876
D_VoronoiBiome,stratified_3layer,1,35,7580,92,61,0.3174
D_VoronoiBiome,stratified_3layer,1,36,8040,94,46,0.3106
D_VoronoiBiome,stratified_3layer,1,37,6770,71,49,0.3042
D_VoronoiBiome,stratified_3layer,1,38,6779,72,49,0.2944
D_VoronoiBiome,stratified_3layer,1,39,6940,74,46,0.3568
D_VoronoiBiome,stratified_3layer,1,40,7340,86,54,0.3209
D_VoronoiBiome,stratified_3layer,1,41,6890,74,45,0.3405
D_VoronoiBiome,stratified_3layer,1,42,7080,79,53,0.2684
D_VoronoiBiome,stratified_3layer,1,43,7420,88,49,0.3409
D_VoronoiBiome,stratified_3layer,1,44,7270,82,50,0.3024
D_VoronoiBiome,stratified_3layer,1,45,7830,88,41,0.2500
D_VoronoiBiome,stratified_3layer,1,46,7170,79,45,0.3139
D_VoronoiBiome,stratified_3layer,1,47,6830,72,44,0.3222
D_VoronoiBiome,stratified_3layer,1,48,6910,80,52,0.3500
D_VoronoiBiome,stratified_3layer,1,49,7300,81,51,0.2914
D_VoronoiBiome,stratified_3layer,2,0,7370,85,48,0.2729
D_VoronoiBiome,stratified_3layer,2,1,6500,62,40,0.3161
D_VoronoiBiome,stratified_3layer,2,2,6420,63,37,0.3492
D_VoronoiBiome,stratified_3layer,2,3,12030,72,39,0.3444
D_VoronoiBiome,stratified_3layer,2,4,7960,82,50,0.3268
D_VoronoiBiome,stratified_3layer,2,5,6920,75,44,0.3573
D_VoronoiBiome,stratified_3layer,2,6,7800,89,48,0.2337
D_VoronoiBiome,stratified_3layer,2,7,7140,81,50,0.3259
D_VoronoiBiome,stratified_3layer,2,8,6900,75,44,0.3467
D_VoronoiBiome,stratified_3layer,2,9,7340,82,51,0.3317
D_VoronoiBiome,stratified_3layer,2,10,6270,63,47,0.3302
D_VoronoiBiome,stratified_3layer,2,11,8000,93,47,0.2839
D_VoronoiBiome,stratified_3layer,2,12,6980,73,46,0.2795
D_VoronoiBiome,stratified_3layer,2,13,7160,78,45,0.2667
D_VoronoiBiome,stratified_3layer,2,14,7319,81,53,0.2321
D_VoronoiBiome,stratified_3layer,2,15,7080,82,55,0.3512
D_VoronoiBiome,stratified_3layer,2,16,6870,74,43,0.2541
D_VoronoiBiome,stratified_3layer,2,17,7320,84,46,0.3762
D_VoronoiBiome,stratified_3layer,2,18,7170,78,41,0.3436
D_VoronoiBiome,stratified_3layer,2,19,6890,75,48,0.2560
D_VoronoiBiome,stratified_3layer,2,20,7030,73,38,0.2740
D_VoronoiBiome,stratified_3layer,2,21,7370,79,42,0.2228
D_VoronoiBiome,stratified_3layer,2,22,7210,83,51,0.3133
D_VoronoiBiome,stratified_3layer,2,23,6870,77,48,0.3481
D_VoronoiBiome,stratified_3layer,2,24,7090,77,44,0.2597
D_VoronoiBiome,stratified_3layer,2,25,7010,74,41,0.3297
D_VoronoiBiome,stratified_3layer,2,26,7570,88,48,0.3273
D_VoronoiBiome,stratified_3layer,2,27,7750,90,47,0.2578
D_VoronoiBiome,stratified_3layer,2,28,6790,70,39,0.3486
D_VoronoiBiome,stratified_3layer,2,29,7500,83,44,0.3181
D_VoronoiBiome,stratified_3layer,2,30,7370,85,54,0.2776
D_VoronoiBiome,stratified_3layer,2,31,6800,73,51,0.3507
D_VoronoiBiome,stratified_3layer,2,32,6340,62,42,0.3677
D_VoronoiBiome,stratified_3layer,2,33,7630,90,45,0.2756
D_VoronoiBiome,stratified_3layer,2,34,7450,85,50,0.2729
D_VoronoiBiome,stratified_3layer,2,35,6900,74,50,0.2649
D_VoronoiBiome,stratified_3layer,2,36,7610,86,47,0.2884
D_VoronoiBiome,stratified_3layer,2,37,7270,84,56,0.3000
D_VoronoiBiome,stratified_3layer,2,38,6770,73,48,0.3068
D_VoronoiBiome,stratified_3layer,2,39,7570,94,61,0.3404
D_VoronoiBiome,stratified_3layer,2,40,7030,78,49,0.2923
D_VoronoiBiome,stratified_3layer,2,41,6860,74,46,0.3405
D_VoronoiBiome,stratified_3layer,2,42,7080,82,54,0.3366
D_VoronoiBiome,stratified_3layer,2,43,6950,76,44,0.3211
D_VoronoiBiome,stratified_3layer,2,44,6590,67,46,0.2687
D_VoronoiBiome,stratified_3layer,2,45,7340,84,41,0.3143
D_VoronoiBiome,stratified_3layer,2,46,7440,85,52,0.3294
D_VoronoiBiome,stratified_3layer,2,47,7060,81,50,0.3753
D_VoronoiBiome,stratified_3layer,2,48,6770,72,46,0.3444
D_VoronoiBiome,stratified_3layer,2,49,7659,93,49,0.3355
D_VoronoiBiome,stratified_3layer,3,0,6920,77,51,0.3065
D_VoronoiBiome,stratified_3layer,3,1,7590,88,50,0.3136
D_VoronoiBiome,stratified_3layer,3,2,7420,82,47,0.2878
D_VoronoiBiome,stratified_3layer,3,3,7960,92,42,0.3000
D_VoronoiBiome,stratified_3layer,3,4,7060,80,47,0.3250
D_VoronoiBiome,stratified_3layer,3,5,6260,61,46,0.3213
D_VoronoiBiome,stratified_3layer,3,6,7060,71,41,0.2817
D_VoronoiBiome,stratified_3layer,3,7,7290,82,47,0.3171
D_VoronoiBiome,stratified_3layer,3,8,8070,101,57,0.3208
D_VoronoiBiome,stratified_3layer,3,9,7460,87,57,0.2253
D_VoronoiBiome,stratified_3layer,3,10,7400,85,47,0.2588
D_VoronoiBiome,stratified_3layer,3,11,6640,68,42,0.2529
D_VoronoiBiome,stratified_3layer,3,12,7610,84,39,0.2857
D_VoronoiBiome,stratified_3layer,3,13,7680,98,55,0.3796
D_VoronoiBiome,stratified_3layer,3,14,74800,69,43,0.3420
D_VoronoiBiome,stratified_3layer,3,15,7590,84,47,0.3095
D_VoronoiBiome,stratified_3layer,3,16,46329,55,39,0.2909
D_VoronoiBiome,stratified_3layer,3,17,8940,61,41,0.2951
D_VoronoiBiome,stratified_3layer,3,18,8470,108,52,0.3111
D_VoronoiBiome,stratified_3layer,3,19,7170,81,51,0.3506
D_VoronoiBiome,stratified_3layer,3,20,7230,83,53,0.3566
D_VoronoiBiome,stratified_3layer,3,21,7140,76,49,0.2737
D_VoronoiBiome,stratified_3layer,3,22,7110,78,47,0.2974
D_VoronoiBiome,stratified_3layer,3,23,6730,67,36,0.3284
D_VoronoiBiome,stratified_3layer,3,24,7360,83,46,0.3518
D_VoronoiBiome,stratified_3layer,3,25,7930,98,54,0.2857
D_VoronoiBiome,stratified_3layer,3,26,6980,75,51,0.2560
D_VoronoiBiome,stratified_3layer,3,27,7240,79,49,0.2734
D_VoronoiBiome,stratified_3layer,3,28,6780,73,49,0.3123
D_VoronoiBiome,stratified_3layer,3,29,6450,64,44,0.3812
D_VoronoiBiome,stratified_3layer,3,30,7100,80,48,0.3350
D_VoronoiBiome,stratified_3layer,3,31,6930,78,51,0.3128
D_VoronoiBiome,stratified_3layer,3,32,7360,85,46,0.3341
D_VoronoiBiome,stratified_3layer,3,33,7430,87,53,0.3448
D_VoronoiBiome,stratified_3layer,3,34,6580,68,51,0.3471
D_VoronoiBiome,stratified_3layer,3,35,7780,93,49,0.3140
D_VoronoiBiome,stratified_3layer,3,36,8120,99,41,0.3556
D_VoronoiBiome,stratified_3layer,3,37,7350,83,48,0.3566
D_VoronoiBiome,stratified_3layer,3,38,6940,76,53,0.3368
D_VoronoiBiome,stratified_3layer,3,39,7020,73,46,0.2904
D_VoronoiBiome,stratified_3layer,3,40,7870,90,42,0.1867
D_VoronoiBiome,stratified_3layer,3,41,7520,87,45,0.3448
D_VoronoiBiome,stratified_3layer,3,42,7530,87,52,0.2989
D_VoronoiBiome,stratified_3layer,3,43,7180,79,40,0.3595
D_VoronoiBiome,stratified_3layer,3,44,7050,79,54,0.3342
D_VoronoiBiome,stratified_3layer,3,45,6780,74,45,0.3622
D_VoronoiBiome,stratified_3layer,3,46,8129,101,48,0.3208
D_VoronoiBiome,stratified_3layer,3,47,7110,78,49,0.3128
D_VoronoiBiome,stratified_3layer,3,48,7000,72,41,0.3111
D_VoronoiBiome,stratified_3layer,3,49,7750,90,43,0.3467
D_VoronoiBiome,stratified_3layer,4,0,7160,79,48,0.2987
D_VoronoiBiome,stratified_3layer,4,1,6450,68,51,0.3353
D_VoronoiBiome,stratified_3layer,4,2,6780,75,54,0.2987
D_VoronoiBiome,stratified_3layer,4,3,8320,81,49,0.3506
D_VoronoiBiome,stratified_3layer,4,4,8840,96,55,0.3000
D_VoronoiBiome,stratified_3layer,4,5,25990,77,43,0.3221
D_VoronoiBiome,stratified_3layer,4,6,7280,84,51,0.3429
D_VoronoiBiome,stratified_3layer,4,7,6890,76,55,0.3421
D_VoronoiBiome,stratified_3layer,4,8,7610,89,48,0.2831
D_VoronoiBiome,stratified_3layer,4,9,6720,71,51,0.3549
D_VoronoiBiome,stratified_3layer,4,10,6980,77,48,0.3481
D_VoronoiBiome,stratified_3layer,4,11,8770,86,45,0.3023
D_VoronoiBiome,stratified_3layer,4,12,8490,74,49,0.3405
D_VoronoiBiome,stratified_3layer,4,13,7750,71,39,0.2535
D_VoronoiBiome,stratified_3layer,4,14,7270,81,43,0.2519
D_VoronoiBiome,stratified_3layer,4,15,6900,75,46,0.3147
D_VoronoiBiome,stratified_3layer,4,16,7330,85,53,0.3435
D_VoronoiBiome,stratified_3layer,4,17,7230,78,45,0.2769
D_VoronoiBiome,stratified_3layer,4,18,6639,70,52,0.3371
D_VoronoiBiome,stratified_3layer,4,19,7270,81,42,0.3309
D_VoronoiBiome,stratified_3layer,4,20,6470,66,44,0.3515
D_VoronoiBiome,stratified_3layer,4,21,7390,85,42,0.3671
D_VoronoiBiome,stratified_3layer,4,22,7520,88,45,0.3045
D_VoronoiBiome,stratified_3layer,4,23,6410,62,38,0.2710
D_VoronoiBiome,stratified_3layer,4,24,6450,63,37,0.3683
D_VoronoiBiome,stratified_3layer,4,25,7180,78,43,0.2462
D_VoronoiBiome,stratified_3layer,4,26,6830,70,45,0.3486
D_VoronoiBiome,stratified_3layer,4,27,7330,84,48,0.3333
D_VoronoiBiome,stratified_3layer,4,28,6990,76,51,0.2684
D_VoronoiBiome,stratified_3layer,4,29,7430,86,47,0.3256
D_VoronoiBiome,stratified_3layer,4,30,8320,100,41,0.3040
D_VoronoiBiome,stratified_3layer,4,31,7270,81,45,0.2222
D_VoronoiBiome,stratified_3layer,4,32,7230,82,46,0.3707
D_VoronoiBiome,stratified_3layer,4,33,7060,78,43,0.3179
D_VoronoiBiome,stratified_3layer,4,34,7100,82,56,0.3561
D_VoronoiBiome,stratified_3layer,4,35,6730,69,43,0.3130
D_VoronoiBiome,stratified_3layer,4,36,6250,58,41,0.3034
D_VoronoiBiome,stratified_3layer,4,37,7080,77,52,0.2026
D_VoronoiBiome,stratified_3layer,4,38,6750,78,58,0.3897
D_VoronoiBiome,stratified_3layer,4,39,7190,84,52,0.3238
D_VoronoiBiome,stratified_3layer,4,40,6830,73,50,0.2740
D_VoronoiBiome,stratified_3layer,4,41,6770,69,37,0.3768
D_VoronoiBiome,stratified_3layer,4,42,7750,95,52,0.3411
D_VoronoiBiome,stratified_3layer,4,43,7480,86,50,0.3395
D_VoronoiBiome,stratified_3layer,4,44,7030,76,51,0.3211
D_VoronoiBiome,stratified_3layer,4,45,7330,82,53,0.2829
D_VoronoiBiome,stratified_3layer,4,46,7400,84,44,0.3048
D_VoronoiBiome,stratified_3layer,4,47,5930,54,47,0.3481
D_VoronoiBiome,stratified_3layer,4,48,6970,77,46,0.3688
D_VoronoiBiome,stratified_3layer,4,49,6570,68,48,0.2706
D_VoronoiBiome,stratified_3layer,5,0,6340,64,48,0.3125
D_VoronoiBiome,stratified_3layer,5,1,7690,90,44,0.2933
D_VoronoiBiome,stratified_3layer,5,2,6660,70,52,0.2914
D_VoronoiBiome,stratified_3layer,5,3,7110,79,56,0.2785
D_VoronoiBiome,stratified_3layer,5,4,7050,74,47,0.3081
D_VoronoiBiome,stratified_3layer,5,5,6960,79,56,0.3392
D_VoronoiBiome,stratified_3layer,5,6,7450,86,51,0.2465
D_VoronoiBiome,stratified_3layer,5,7,6570,66,38,0.3273
D_VoronoiBiome,stratified_3layer,5,8,7320,84,49,0.3381
D_VoronoiBiome,stratified_3layer,5,9,6560,67,44,0.3642
D_VoronoiBiome,stratified_3layer,5,10,7250,84,53,0.3381
D_VoronoiBiome,stratified_3layer,5,11,6720,72,49,0.3389
D_VoronoiBiome,stratified_3layer,5,12,7440,88,53,0.3227
D_VoronoiBiome,stratified_3layer,5,13,7040,77,45,0.2494
D_VoronoiBiome,stratified_3layer,5,14,8100,96,47,0.2833
D_VoronoiBiome,stratified_3layer,5,15,7140,79,46,0.3646
D_VoronoiBiome,stratified_3layer,5,16,6700,69,42,0.3246
D_VoronoiBiome,stratified_3layer,5,17,7600,90,54,0.3378
D_VoronoiBiome,stratified_3layer,5,18,7340,86,46,0.3209
D_VoronoiBiome,stratified_3layer,5,19,7010,79,47,0.2937
D_VoronoiBiome,stratified_3layer,5,20,7050,75,48,0.2507
D_VoronoiBiome,stratified_3layer,5,21,6420,68,47,0.3588
D_VoronoiBiome,stratified_3layer,5,22,7350,85,49,0.2776
D_VoronoiBiome,stratified_3layer,5,23,7570,89,51,0.3146
D_VoronoiBiome,stratified_3layer,5,24,7090,81,51,0.3605
D_VoronoiBiome,stratified_3layer,5,25,6680,70,53,0.3257
D_VoronoiBiome,stratified_3layer,5,26,7230,81,43,0.3160
D_VoronoiBiome,stratified_3layer,5,27,7030,76,45,0.2789
D_VoronoiBiome,stratified_3layer,5,28,6990,72,40,0.2944
D_VoronoiBiome,stratified_3layer,5,29,7360,85,45,0.3624
D_VoronoiBiome,stratified_3layer,5,30,6920,76,47,0.2895
D_VoronoiBiome,stratified_3layer,5,31,6629,67,44,0.2925
D_VoronoiBiome,stratified_3layer,5,32,6860,74,46,0.3405
D_VoronoiBiome,stratified_3layer,5,33,6920,77,50,0.3325
D_VoronoiBiome,stratified_3layer,5,34,7410,84,49,0.3048
D_VoronoiBiome,stratified_3layer,5,35,7190,85,55,0.2918
D_VoronoiBiome,stratified_3layer,5,36,6940,78,50,0.3590
D_VoronoiBiome,stratified_3layer,5,37,6690,67,39,0.2925
D_VoronoiBiome,stratified_3layer,5,38,7430,90,44,0.3511
D_VoronoiBiome,stratified_3layer,5,39,6820,75,56,0.3200
D_VoronoiBiome,stratified_3layer,5,40,6920,78,49,0.3128
D_VoronoiBiome,stratified_3layer,5,41,6610,71,52,0.2648
D_VoronoiBiome,stratified_3layer,5,42,8070,94,43,0.1787
D_VoronoiBiome,stratified_3layer,5,43,7710,95,53,0.3326
D_VoronoiBiome,stratified_3layer,5,44,6940,76,40,0.3579
D_VoronoiBiome,stratified_3layer,5,45,7560,88,49,0.3045
D_VoronoiBiome,stratified_3layer,5,46,6760,73,52,0.2849
D_VoronoiBiome,stratified_3layer,5,47,7050,78,49,0.2769
D_VoronoiBiome,stratified_3layer,5,48,7720,90,46,0.2844
D_VoronoiBiome,stratified_3layer,5,49,8110,93,42,0.1677
D_VoronoiBiome,granite_pegmatite,1,0,7670,94,54,0.3574
D_VoronoiBiome,granite_pegmatite,1,1,9170,116,49,0.2862
D_VoronoiBiome,granite_pegmatite,1,2,7670,95,52,0.3579
D_VoronoiBiome,granite_pegmatite,1,3,8290,105,48,0.3124
D_VoronoiBiome,granite_pegmatite,1,4,7829,92,48,0.3043
D_VoronoiBiome,granite_pegmatite,1,5,7700,92,44,0.3783
D_VoronoiBiome,granite_pegmatite,1,6,8740,111,45,0.3207
D_VoronoiBiome,granite_pegmatite,1,7,8170,96,47,0.2833
D_VoronoiBiome,granite_pegmatite,1,8,8040,99,55,0.2869
D_VoronoiBiome,granite_pegmatite,1,9,7380,82,47,0.2927
D_VoronoiBiome,granite_pegmatite,1,10,7800,93,47,0.2280
D_VoronoiBiome,granite_pegmatite,1,11,7720,91,45,0.3341
D_VoronoiBiome,granite_pegmatite,1,12,8640,111,54,0.2991
D_VoronoiBiome,granite_pegmatite,1,13,14180,95,49,0.3368
D_VoronoiBiome,granite_pegmatite,1,14,8320,87,58,0.3494
D_VoronoiBiome,granite_pegmatite,1,15,7830,94,46,0.3234
D_VoronoiBiome,granite_pegmatite,1,16,7690,98,63,0.3224
D_VoronoiBiome,granite_pegmatite,1,17,7910,100,61,0.3400
D_VoronoiBiome,granite_pegmatite,1,18,7270,84,56,0.3286
D_VoronoiBiome,granite_pegmatite,1,19,7790,94,48,0.3404
D_VoronoiBiome,granite_pegmatite,1,20,7360,88,49,0.3727
D_VoronoiBiome,granite_pegmatite,1,21,7290,88,58,0.3091
D_VoronoiBiome,granite_pegmatite,1,22,7840,90,50,0.2711
D_VoronoiBiome,granite_pegmatite,1,23,8860,113,40,0.3292
D_VoronoiBiome,granite_pegmatite,1,24,7640,88,52,0.3545
D_VoronoiBiome,granite_pegmatite,1,25,7650,91,52,0.3385
D_VoronoiBiome,granite_pegmatite,1,26,8250,105,55,0.2629
D_VoronoiBiome,granite_pegmatite,1,27,7670,88,53,0.3182
D_VoronoiBiome,granite_pegmatite,1,28,7580,88,47,0.3182
D_VoronoiBiome,granite_pegmatite,1,29,8540,102,53,0.2784
D_VoronoiBiome,granite_pegmatite,1,30,7650,95,59,0.3284
D_VoronoiBiome,granite_pegmatite,1,31,8020,95,45,0.2779
D_VoronoiBiome,granite_pegmatite,1,32,7460,84,46,0.2667
D_VoronoiBiome,granite_pegmatite,1,33,8390,103,59,0.2447
D_VoronoiBiome,granite_pegmatite,1,34,8520,106,52,0.3019
D_VoronoiBiome,granite_pegmatite,1,35,8270,105,60,0.3200
D_VoronoiBiome,granite_pegmatite,1,36,8279,101,49,0.3089
D_VoronoiBiome,granite_pegmatite,1,37,7410,85,52,0.3059
D_VoronoiBiome,granite_pegmatite,1,38,7130,84,55,0.3000
D_VoronoiBiome,granite_pegmatite,1,39,7770,91,56,0.3516
D_VoronoiBiome,granite_pegmatite,1,40,7790,95,53,0.3242
D_VoronoiBiome,granite_pegmatite,1,41,7730,93,47,0.3441
D_VoronoiBiome,granite_pegmatite,1,42,7630,92,57,0.2609
D_VoronoiBiome,granite_pegmatite,1,43,8600,108,49,0.3407
D_VoronoiBiome,granite_pegmatite,1,44,7710,92,48,0.3087
D_VoronoiBiome,granite_pegmatite,1,45,8590,102,39,0.2588
D_VoronoiBiome,granite_pegmatite,1,46,7690,89,45,0.3146
D_VoronoiBiome,granite_pegmatite,1,47,7390,85,45,0.3294
D_VoronoiBiome,granite_pegmatite,1,48,7950,100,53,0.3400
D_VoronoiBiome,granite_pegmatite,1,49,7800,95,55,0.2947
D_VoronoiBiome,granite_pegmatite,2,0,7860,95,49,0.2737
D_VoronoiBiome,granite_pegmatite,2,1,6990,77,41,0.3221
D_VoronoiBiome,granite_pegmatite,2,2,7160,77,42,0.3429
D_VoronoiBiome,granite_pegmatite,2,3,7530,87,45,0.3494
D_VoronoiBiome,granite_pegmatite,2,4,7910,95,50,0.3200
D_VoronoiBiome,granite_pegmatite,2,5,7620,91,52,0.3604
D_VoronoiBiome,granite_pegmatite,2,6,8410,102,49,0.2471
D_VoronoiBiome,granite_pegmatite,2,7,7620,91,52,0.3297
D_VoronoiBiome,granite_pegmatite,2,8,7709,94,48,0.3447
D_VoronoiBiome,granite_pegmatite,2,9,7960,97,56,0.3340
D_VoronoiBiome,granite_pegmatite,2,10,6880,75,50,0.3147
D_VoronoiBiome,granite_pegmatite,2,11,8650,106,47,0.2755
D_VoronoiBiome,granite_pegmatite,2,12,7620,87,48,0.2759
D_VoronoiBiome,granite_pegmatite,2,13,7790,92,46,0.2652
D_VoronoiBiome,granite_pegmatite,2,14,9150,99,53,0.2424
D_VoronoiBiome,granite_pegmatite,2,15,9890,97,56,0.3505
D_VoronoiBiome,granite_pegmatite,2,16,9840,90,46,0.2356
D_VoronoiBiome,granite_pegmatite,2,17,8060,92,47,0.3783
D_VoronoiBiome,granite_pegmatite,2,18,7690,90,43,0.3422
D_VoronoiBiome,granite_pegmatite,2,19,7740,87,47,0.2483
D_VoronoiBiome,granite_pegmatite,2,20,7400,83,42,0.2747
D_VoronoiBiome,granite_pegmatite,2,21,7870,92,46,0.2174
D_VoronoiBiome,granite_pegmatite,2,22,8050,98,52,0.3143
D_VoronoiBiome,granite_pegmatite,2,23,7690,92,51,0.3478
D_VoronoiBiome,granite_pegmatite,2,24,7840,93,44,0.2409
D_VoronoiBiome,granite_pegmatite,2,25,7880,86,45,0.3302
D_VoronoiBiome,granite_pegmatite,2,26,10400,106,53,0.3245
D_VoronoiBiome,granite_pegmatite,2,27,10260,102,49,0.2510
D_VoronoiBiome,granite_pegmatite,2,28,9700,89,50,0.3371
D_VoronoiBiome,granite_pegmatite,2,29,10200,97,47,0.3258
D_VoronoiBiome,granite_pegmatite,2,30,9780,97,57,0.2763
D_VoronoiBiome,granite_pegmatite,2,31,8570,86,53,0.3349
D_VoronoiBiome,granite_pegmatite,2,32,8290,78,50,0.3641
D_VoronoiBiome,granite_pegmatite,2,33,10900,112,46,0.2607
D_VoronoiBiome,granite_pegmatite,2,34,10610,102,53,0.2784
D_VoronoiBiome,granite_pegmatite,2,35,9950,91,48,0.2637
D_VoronoiBiome,granite_pegmatite,2,36,10919,104,48,0.2923
D_VoronoiBiome,granite_pegmatite,2,37,8890,99,60,0.3030
D_VoronoiBiome,granite_pegmatite,2,38,9420,88,51,0.3045
D_VoronoiBiome,granite_pegmatite,2,39,8270,107,61,0.3402
D_VoronoiBiome,granite_pegmatite,2,40,7790,92,53,0.3000
D_VoronoiBiome,granite_pegmatite,2,41,7510,87,51,0.3402
D_VoronoiBiome,granite_pegmatite,2,42,7630,93,58,0.3355
D_VoronoiBiome,granite_pegmatite,2,43,7720,88,46,0.3227
D_VoronoiBiome,granite_pegmatite,2,44,7390,82,52,0.2732
D_VoronoiBiome,granite_pegmatite,2,45,7940,93,39,0.3097
D_VoronoiBiome,granite_pegmatite,2,46,8030,97,54,0.3340
D_VoronoiBiome,granite_pegmatite,2,47,7640,95,56,0.3789
D_VoronoiBiome,granite_pegmatite,2,48,7260,83,51,0.3470
D_VoronoiBiome,granite_pegmatite,2,49,8250,103,51,0.3340
D_VoronoiBiome,granite_pegmatite,3,0,7490,86,55,0.3163
D_VoronoiBiome,granite_pegmatite,3,1,8380,103,52,0.3068
D_VoronoiBiome,granite_pegmatite,3,2,8220,98,51,0.2776
D_VoronoiBiome,granite_pegmatite,3,3,8730,108,44,0.2926
D_VoronoiBiome,granite_pegmatite,3,4,7920,94,47,0.3277
D_VoronoiBiome,granite_pegmatite,3,5,6910,76,52,0.3316
D_VoronoiBiome,granite_pegmatite,3,6,7360,80,43,0.2850
D_VoronoiBiome,granite_pegmatite,3,7,8400,102,51,0.3137
D_VoronoiBiome,granite_pegmatite,3,8,8840,114,53,0.3228
D_VoronoiBiome,granite_pegmatite,3,9,8419,102,55,0.2275
D_VoronoiBiome,granite_pegmatite,3,10,8290,98,49,0.2694
D_VoronoiBiome,granite_pegmatite,3,11,7010,72,42,0.2611
D_VoronoiBiome,granite_pegmatite,3,12,14710,100,43,0.2640
D_VoronoiBiome,granite_pegmatite,3,13,9950,111,57,0.3748
D_VoronoiBiome,granite_pegmatite,3,14,7530,85,48,0.3482
D_VoronoiBiome,granite_pegmatite,3,15,7920,96,50,0.3167
D_VoronoiBiome,granite_pegmatite,3,16,7000,74,45,0.2865
D_VoronoiBiome,granite_pegmatite,3,17,6920,73,44,0.3068
D_VoronoiBiome,granite_pegmatite,3,18,9200,123,53,0.3089
D_VoronoiBiome,granite_pegmatite,3,19,7570,91,54,0.3516
D_VoronoiBiome,granite_pegmatite,3,20,7690,91,53,0.3604
D_VoronoiBiome,granite_pegmatite,3,21,7980,93,49,0.2796
D_VoronoiBiome,granite_pegmatite,3,22,7700,89,47,0.3056
D_VoronoiBiome,granite_pegmatite,3,23,7310,80,38,0.3400
D_VoronoiBiome,granite_pegmatite,3,24,7630,92,49,0.3478
D_VoronoiBiome,granite_pegmatite,3,25,8850,113,50,0.2867
D_VoronoiBiome,granite_pegmatite,3,26,7640,91,55,0.2637
D_VoronoiBiome,granite_pegmatite,3,27,8090,96,53,0.2750
D_VoronoiBiome,granite_pegmatite,3,28,7320,84,52,0.3095
D_VoronoiBiome,granite_pegmatite,3,29,6920,77,45,0.3636
D_VoronoiBiome,granite_pegmatite,3,30,7900,97,50,0.3423
D_VoronoiBiome,granite_pegmatite,3,31,7600,90,53,0.3111
D_VoronoiBiome,granite_pegmatite,3,32,8210,102,50,0.3294
D_VoronoiBiome,granite_pegmatite,3,33,8070,98,54,0.3429
D_VoronoiBiome,granite_pegmatite,3,34,7130,81,57,0.3457
D_VoronoiBiome,granite_pegmatite,3,35,8610,110,55,0.3200
D_VoronoiBiome,granite_pegmatite,3,36,8780,110,40,0.3455
D_VoronoiBiome,granite_pegmatite,3,37,7730,91,49,0.3560
D_VoronoiBiome,granite_pegmatite,3,38,7510,89,58,0.3371
D_VoronoiBiome,granite_pegmatite,3,39,7370,80,48,0.2850
D_VoronoiBiome,granite_pegmatite,3,40,8379,100,43,0.1800
D_VoronoiBiome,granite_pegmatite,3,41,8010,95,44,0.3453
D_VoronoiBiome,granite_pegmatite,3,42,8370,102,54,0.2980
D_VoronoiBiome,granite_pegmatite,3,43,7840,95,48,0.3579
D_VoronoiBiome,granite_pegmatite,3,44,7760,95,58,0.3200
D_VoronoiBiome,granite_pegmatite,3,45,7320,85,44,0.3624
D_VoronoiBiome,granite_pegmatite,3,46,8700,111,48,0.3243
D_VoronoiBiome,granite_pegmatite,3,47,7600,89,56,0.3146
D_VoronoiBiome,granite_pegmatite,3,48,7490,85,43,0.3200
D_VoronoiBiome,granite_pegmatite,3,49,8540,108,47,0.3519
D_VoronoiBiome,granite_pegmatite,4,0,7500,85,48,0.3012
D_VoronoiBiome,granite_pegmatite,4,1,7170,82,53,0.3268
D_VoronoiBiome,granite_pegmatite,4,2,9300,84,51,0.2952
D_VoronoiBiome,granite_pegmatite,4,3,7740,91,47,0.3560
D_VoronoiBiome,granite_pegmatite,4,4,8550,109,59,0.2936
D_VoronoiBiome,granite_pegmatite,4,5,7930,94,49,0.3149
D_VoronoiBiome,granite_pegmatite,4,6,8320,104,58,0.3462
D_VoronoiBiome,granite_pegmatite,4,7,7510,89,55,0.3326
D_VoronoiBiome,granite_pegmatite,4,8,8410,102,48,0.2745
D_VoronoiBiome,granite_pegmatite,4,9,7710,90,52,0.3556
D_VoronoiBiome,granite_pegmatite,4,10,7780,91,54,0.3473
D_VoronoiBiome,granite_pegmatite,4,11,8570,105,45,0.3124
D_VoronoiBiome,granite_pegmatite,4,12,8409,86,55,0.3488
D_VoronoiBiome,granite_pegmatite,4,13,9520,88,46,0.2455
D_VoronoiBiome,granite_pegmatite,4,14,9000,89,44,0.2517
D_VoronoiBiome,granite_pegmatite,4,15,8660,85,45,0.3106
D_VoronoiBiome,granite_pegmatite,4,16,8910,95,54,0.3453
D_VoronoiBiome,granite_pegmatite,4,17,8740,86,45,0.2698
D_VoronoiBiome,granite_pegmatite,4,18,8510,84,58,0.3381
D_VoronoiBiome,granite_pegmatite,4,19,9150,94,48,0.3319
D_VoronoiBiome,granite_pegmatite,4,20,8580,83,48,0.3373
D_VoronoiBiome,granite_pegmatite,4,21,9310,99,41,0.3636
D_VoronoiBiome,granite_pegmatite,4,22,9720,107,49,0.2991
D_VoronoiBiome,granite_pegmatite,4,23,8490,75,39,0.2560
D_VoronoiBiome,granite_pegmatite,4,24,9090,82,42,0.3756
D_VoronoiBiome,granite_pegmatite,4,25,9200,88,48,0.2591
D_VoronoiBiome,granite_pegmatite,4,26,8930,90,49,0.3422
D_VoronoiBiome,granite_pegmatite,4,27,9220,94,50,0.3277
D_VoronoiBiome,granite_pegmatite,4,28,9350,96,55,0.2500
D_VoronoiBiome,granite_pegmatite,4,29,9410,101,48,0.3287
D_VoronoiBiome,granite_pegmatite,4,30,10500,117,42,0.3009
D_VoronoiBiome,granite_pegmatite,4,31,9240,94,50,0.2255
D_VoronoiBiome,granite_pegmatite,4,32,9650,91,48,0.3692
D_VoronoiBiome,granite_pegmatite,4,33,9640,92,47,0.3043
D_VoronoiBiome,granite_pegmatite,4,34,9230,91,57,0.3516
D_VoronoiBiome,granite_pegmatite,4,35,9320,85,46,0.3106
D_VoronoiBiome,granite_pegmatite,4,36,9050,76,45,0.2947
D_VoronoiBiome,granite_pegmatite,4,37,9630,97,54,0.2103
D_VoronoiBiome,granite_pegmatite,4,38,8730,85,59,0.3859
D_VoronoiBiome,granite_pegmatite,4,39,9489,95,56,0.3242
D_VoronoiBiome,granite_pegmatite,4,40,9480,88,58,0.2864
D_VoronoiBiome,granite_pegmatite,4,41,9610,84,41,0.3762
D_VoronoiBiome,granite_pegmatite,4,42,10750,106,51,0.3434
D_VoronoiBiome,granite_pegmatite,4,43,10470,103,58,0.3340
D_VoronoiBiome,granite_pegmatite,4,44,9890,90,51,0.3111
D_VoronoiBiome,granite_pegmatite,4,45,11270,96,52,0.2875
D_VoronoiBiome,granite_pegmatite,4,46,10000,95,46,0.3116
D_VoronoiBiome,granite_pegmatite,4,47,9130,73,48,0.3452
D_VoronoiBiome,granite_pegmatite,4,48,9760,90,50,0.3733
D_VoronoiBiome,granite_pegmatite,4,49,9500,85,54,0.2776
D_VoronoiBiome,granite_pegmatite,5,0,9520,82,53,0.3268
D_VoronoiBiome,granite_pegmatite,5,1,10500,100,47,0.2840
D_VoronoiBiome,granite_pegmatite,5,2,17730,85,53,0.3012
D_VoronoiBiome,granite_pegmatite,5,3,9820,91,59,0.2725
D_VoronoiBiome,granite_pegmatite,5,4,9879,89,52,0.3146
D_VoronoiBiome,granite_pegmatite,5,5,9730,92,59,0.3435
D_VoronoiBiome,granite_pegmatite,5,6,10460,98,47,0.2408
D_VoronoiBiome,granite_pegmatite,5,7,9260,74,42,0.3189
D_VoronoiBiome,granite_pegmatite,5,8,9750,90,50,0.3422
D_VoronoiBiome,granite_pegmatite,5,9,9350,80,45,0.3700
D_VoronoiBiome,granite_pegmatite,5,10,10390,102,54,0.3373
D_VoronoiBiome,granite_pegmatite,5,11,9590,85,51,0.3341
D_VoronoiBiome,granite_pegmatite,5,12,10070,98,55,0.3306
D_VoronoiBiome,granite_pegmatite,5,13,10080,92,49,0.2522
D_VoronoiBiome,granite_pegmatite,5,14,10820,105,51,0.2819
D_VoronoiBiome,granite_pegmatite,5,15,10120,93,48,0.3613
D_VoronoiBiome,granite_pegmatite,5,16,9790,87,48,0.3218
D_VoronoiBiome,granite_pegmatite,5,17,10590,104,54,0.3385
D_VoronoiBiome,granite_pegmatite,5,18,10150,96,49,0.3250
D_VoronoiBiome,granite_pegmatite,5,19,10040,92,46,0.2913
D_VoronoiBiome,granite_pegmatite,5,20,10240,94,51,0.2681
D_VoronoiBiome,granite_pegmatite,5,21,9550,84,54,0.3667
D_VoronoiBiome,granite_pegmatite,5,22,10400,100,52,0.2800
D_VoronoiBiome,granite_pegmatite,5,23,10560,103,53,0.3184
D_VoronoiBiome,granite_pegmatite,5,24,9880,93,52,0.3656
D_VoronoiBiome,granite_pegmatite,5,25,10110,96,61,0.3292
D_VoronoiBiome,granite_pegmatite,5,26,10340,97,46,0.3175
D_VoronoiBiome,granite_pegmatite,5,27,9790,86,45,0.2744
D_VoronoiBiome,granite_pegmatite,5,28,10149,93,41,0.2968
D_VoronoiBiome,granite_pegmatite,5,29,10110,95,45,0.3663
D_VoronoiBiome,granite_pegmatite,5,30,10020,92,52,0.2870
D_VoronoiBiome,granite_pegmatite,5,31,9780,83,47,0.3084
D_VoronoiBiome,granite_pegmatite,5,32,9760,87,53,0.3448
D_VoronoiBiome,granite_pegmatite,5,33,9750,89,52,0.3281
D_VoronoiBiome,granite_pegmatite,5,34,10620,102,47,0.3020
D_VoronoiBiome,granite_pegmatite,5,35,10340,102,50,0.3020
D_VoronoiBiome,granite_pegmatite,5,36,9810,94,51,0.3574
D_VoronoiBiome,granite_pegmatite,5,37,7950,80,39,0.2750
D_VoronoiBiome,granite_pegmatite,5,38,7940,97,44,0.3546
D_VoronoiBiome,granite_pegmatite,5,39,7570,90,59,0.3244
D_VoronoiBiome,granite_pegmatite,5,40,7900,97,56,0.3216
D_VoronoiBiome,granite_pegmatite,5,41,7690,89,52,0.2652
D_VoronoiBiome,granite_pegmatite,5,42,8790,111,49,0.1730
D_VoronoiBiome,granite_pegmatite,5,43,8710,108,50,0.3333
D_VoronoiBiome,granite_pegmatite,5,44,7510,85,44,0.3624
D_VoronoiBiome,granite_pegmatite,5,45,8010,98,46,0.3143
D_VoronoiBiome,granite_pegmatite,5,46,7490,87,57,0.2897
D_VoronoiBiome,granite_pegmatite,5,47,7750,90,49,0.2756
D_VoronoiBiome,granite_pegmatite,5,48,8510,107,47,0.2916
D_VoronoiBiome,granite_pegmatite,5,49,8990,108,42,0.1778
D_VoronoiBiome,folded_metamorphic,1,0,9260,113,49,0.3540
D_VoronoiBiome,folded_metamorphic,1,1,12440,135,43,0.2815
D_VoronoiBiome,folded_metamorphic,1,2,11330,110,55,0.3564
D_VoronoiBiome,folded_metamorphic,1,3,10700,117,49,0.3214
D_VoronoiBiome,folded_metamorphic,1,4,10690,110,48,0.3127
D_VoronoiBiome,folded_metamorphic,1,5,9990,105,49,0.3733
D_VoronoiBiome,folded_metamorphic,1,6,10660,120,47,0.3233
D_VoronoiBiome,folded_metamorphic,1,7,10520,107,48,0.2804
D_VoronoiBiome,folded_metamorphic,1,8,10800,114,54,0.2982
D_VoronoiBiome,folded_metamorphic,1,9,8620,97,50,0.2845
D_VoronoiBiome,folded_metamorphic,1,10,8320,102,44,0.2275
D_VoronoiBiome,folded_metamorphic,1,11,8450,104,45,0.3308
D_VoronoiBiome,folded_metamorphic,1,12,9510,124,48,0.3032
D_VoronoiBiome,folded_metamorphic,1,13,8730,111,48,0.3387
D_VoronoiBiome,folded_metamorphic,1,14,8160,101,60,0.3406
D_VoronoiBiome,folded_metamorphic,1,15,8800,109,42,0.3303
D_VoronoiBiome,folded_metamorphic,1,16,8170,107,61,0.3178
D_VoronoiBiome,folded_metamorphic,1,17,8640,113,64,0.3398
D_VoronoiBiome,folded_metamorphic,1,18,7790,94,60,0.3277
D_VoronoiBiome,folded_metamorphic,1,19,8300,103,46,0.3379
D_VoronoiBiome,folded_metamorphic,1,20,8090,102,51,0.3569
D_VoronoiBiome,folded_metamorphic,1,21,8139,101,58,0.3129
D_VoronoiBiome,folded_metamorphic,1,22,8440,104,52,0.2692
D_VoronoiBiome,folded_metamorphic,1,23,9860,129,40,0.3287
D_VoronoiBiome,folded_metamorphic,1,24,8350,103,57,0.3456
D_VoronoiBiome,folded_metamorphic,1,25,8490,105,49,0.3390
D_VoronoiBiome,folded_metamorphic,1,26,9060,118,54,0.2678
D_VoronoiBiome,folded_metamorphic,1,27,8570,106,51,0.3208
D_VoronoiBiome,folded_metamorphic,1,28,9810,101,48,0.3208
D_VoronoiBiome,folded_metamorphic,1,29,9380,115,51,0.2783
D_VoronoiBiome,folded_metamorphic,1,30,8510,110,62,0.3164
D_VoronoiBiome,folded_metamorphic,1,31,8660,107,44,0.2841
D_VoronoiBiome,folded_metamorphic,1,32,8410,102,52,0.2706
D_VoronoiBiome,folded_metamorphic,1,33,8910,115,59,0.2435
D_VoronoiBiome,folded_metamorphic,1,34,9160,120,56,0.3000
D_VoronoiBiome,folded_metamorphic,1,35,9200,120,61,0.3200
D_VoronoiBiome,folded_metamorphic,1,36,9560,122,45,0.3148
D_VoronoiBiome,folded_metamorphic,1,37,8100,100,53,0.3160
D_VoronoiBiome,folded_metamorphic,1,38,7750,95,56,0.2947
D_VoronoiBiome,folded_metamorphic,1,39,8420,102,50,0.3490
D_VoronoiBiome,folded_metamorphic,1,40,8240,103,52,0.3262
D_VoronoiBiome,folded_metamorphic,1,41,8640,110,49,0.3418
D_VoronoiBiome,folded_metamorphic,1,42,8080,97,55,0.2639
D_VoronoiBiome,folded_metamorphic,1,43,15690,122,52,0.3377
D_VoronoiBiome,folded_metamorphic,1,44,8520,103,44,0.3184
D_VoronoiBiome,folded_metamorphic,1,45,9350,115,35,0.2643
D_VoronoiBiome,folded_metamorphic,1,46,8600,109,48,0.3193
D_VoronoiBiome,folded_metamorphic,1,47,8610,98,47,0.3306
D_VoronoiBiome,folded_metamorphic,1,48,9460,113,53,0.3398
D_VoronoiBiome,folded_metamorphic,1,49,8540,105,56,0.2933
D_VoronoiBiome,folded_metamorphic,2,0,8340,101,49,0.2733
D_VoronoiBiome,folded_metamorphic,2,1,7630,90,43,0.3200
D_VoronoiBiome,folded_metamorphic,2,2,7620,88,45,0.3364
D_VoronoiBiome,folded_metamorphic,2,3,8180,100,47,0.3560
D_VoronoiBiome,folded_metamorphic,2,4,8590,106,48,0.3208
D_VoronoiBiome,folded_metamorphic,2,5,8080,103,56,0.3612
D_VoronoiBiome,folded_metamorphic,2,6,9630,120,43,0.2433
D_VoronoiBiome,folded_metamorphic,2,7,9690,104,56,0.3269
D_VoronoiBiome,folded_metamorphic,2,8,8630,106,46,0.3434
D_VoronoiBiome,folded_metamorphic,2,9,8790,113,51,0.3327
D_VoronoiBiome,folded_metamorphic,2,10,7990,96,52,0.3083
D_VoronoiBiome,folded_metamorphic,2,11,9290,116,46,0.2828
D_VoronoiBiome,folded_metamorphic,2,12,8450,104,49,0.2923
D_VoronoiBiome,folded_metamorphic,2,13,8590,109,52,0.2862
D_VoronoiBiome,folded_metamorphic,2,14,9080,114,49,0.2421
D_VoronoiBiome,folded_metamorphic,2,15,8710,111,54,0.3423
D_VoronoiBiome,folded_metamorphic,2,16,8150,95,47,0.2400
D_VoronoiBiome,folded_metamorphic,2,17,8400,106,49,0.3774
D_VoronoiBiome,folded_metamorphic,2,18,10040,104,46,0.3462
D_VoronoiBiome,folded_metamorphic,2,19,9719,103,48,0.2641
D_VoronoiBiome,folded_metamorphic,2,20,8420,96,42,0.2792
D_VoronoiBiome,folded_metamorphic,2,21,9290,117,46,0.2291
D_VoronoiBiome,folded_metamorphic,2,22,8680,112,49,0.3107
D_VoronoiBiome,folded_metamorphic,2,23,8440,107,53,0.3477
D_VoronoiBiome,folded_metamorphic,2,24,8620,104,46,0.2346
D_VoronoiBiome,folded_metamorphic,2,25,8130,99,52,0.3313
D_VoronoiBiome,folded_metamorphic,2,26,9150,122,50,0.3213
D_VoronoiBiome,folded_metamorphic,2,27,9270,116,50,0.2586
D_VoronoiBiome,folded_metamorphic,2,28,8100,97,52,0.3381
D_VoronoiBiome,folded_metamorphic,2,29,8910,112,51,0.3286
D_VoronoiBiome,folded_metamorphic,2,30,8410,107,57,0.2841
D_VoronoiBiome,folded_metamorphic,2,31,7960,98,54,0.3429
D_VoronoiBiome,folded_metamorphic,2,32,7780,93,49,0.3570
D_VoronoiBiome,folded_metamorphic,2,33,9620,126,44,0.2603
D_VoronoiBiome,folded_metamorphic,2,34,9410,122,55,0.2918
D_VoronoiBiome,folded_metamorphic,2,35,8610,108,50,0.2741
D_VoronoiBiome,folded_metamorphic,2,36,8820,110,49,0.2945
D_VoronoiBiome,folded_metamorphic,2,37,8940,114,58,0.2947
D_VoronoiBiome,folded_metamorphic,2,38,8360,102,52,0.3137
D_VoronoiBiome,folded_metamorphic,2,39,9050,120,57,0.3433
D_VoronoiBiome,folded_metamorphic,2,40,8770,110,48,0.3018
D_VoronoiBiome,folded_metamorphic,2,41,8050,99,51,0.3394
D_VoronoiBiome,folded_metamorphic,2,42,8150,101,62,0.3406
D_VoronoiBiome,folded_metamorphic,2,43,8530,103,44,0.3184
D_VoronoiBiome,folded_metamorphic,2,44,8080,94,54,0.2596
D_VoronoiBiome,folded_metamorphic,2,45,8720,106,39,0.3094
D_VoronoiBiome,folded_metamorphic,2,46,8700,113,57,0.3363
D_VoronoiBiome,folded_metamorphic,2,47,9430,108,54,0.3815
D_VoronoiBiome,folded_metamorphic,2,48,8949,95,57,0.3537
D_VoronoiBiome,folded_metamorphic,2,49,9310,120,50,0.3300
D_VoronoiBiome,folded_metamorphic,3,0,9070,96,60,0.3167
D_VoronoiBiome,folded_metamorphic,3,1,9830,118,55,0.3085
D_VoronoiBiome,folded_metamorphic,3,2,8790,109,52,0.2862
D_VoronoiBiome,folded_metamorphic,3,3,9480,119,44,0.2958
D_VoronoiBiome,folded_metamorphic,3,4,8230,102,53,0.3333
D_VoronoiBiome,folded_metamorphic,3,5,7690,93,57,0.3355
D_VoronoiBiome,folded_metamorphic,3,6,7990,94,45,0.2894
D_VoronoiBiome,folded_metamorphic,3,7,9170,117,50,0.3111
D_VoronoiBiome,folded_metamorphic,3,8,9590,129,52,0.3287
D_VoronoiBiome,folded_metamorphic,3,9,9230,115,53,0.2296
D_VoronoiBiome,folded_metamorphic,3,10,9070,113,45,0.2761
D_VoronoiBiome,folded_metamorphic,3,11,7710,85,41,0.2588
D_VoronoiBiome,folded_metamorphic,3,12,9050,113,43,0.2655
D_VoronoiBiome,folded_metamorphic,3,13,9220,122,54,0.3738
D_VoronoiBiome,folded_metamorphic,3,14,73399,96,49,0.3500
D_VoronoiBiome,folded_metamorphic,3,15,8970,108,49,0.3185
D_VoronoiBiome,folded_metamorphic,3,16,7650,85,44,0.2965
D_VoronoiBiome,folded_metamorphic,3,17,55970,91,47,0.3077
D_VoronoiBiome,folded_metamorphic,3,18,12220,134,51,0.3015
D_VoronoiBiome,folded_metamorphic,3,19,10720,108,51,0.3556
D_VoronoiBiome,folded_metamorphic,3,20,14810,111,61,0.3532
D_VoronoiBiome,folded_metamorphic,3,21,8760,106,49,0.2943
D_VoronoiBiome,folded_metamorphic,3,22,9440,107,49,0.3103
D_VoronoiBiome,folded_metamorphic,3,23,8940,93,37,0.3355
D_VoronoiBiome,folded_metamorphic,3,24,8410,101,49,0.3525
D_VoronoiBiome,folded_metamorphic,3,25,10300,122,55,0.2852
D_VoronoiBiome,folded_metamorphic,3,26,8300,100,53,0.2600
D_VoronoiBiome,folded_metamorphic,3,27,8550,106,56,0.2792
D_VoronoiBiome,folded_metamorphic,3,28,7880,97,55,0.3134
D_VoronoiBiome,folded_metamorphic,3,29,7660,89,51,0.3685
D_VoronoiBiome,folded_metamorphic,3,30,8590,112,49,0.3357
D_VoronoiBiome,folded_metamorphic,3,31,9340,101,51,0.3010
D_VoronoiBiome,folded_metamorphic,3,32,10369,118,52,0.3322
D_VoronoiBiome,folded_metamorphic,3,33,10430,112,49,0.3464
D_VoronoiBiome,folded_metamorphic,3,34,8790,92,54,0.3522
D_VoronoiBiome,folded_metamorphic,3,35,9160,120,52,0.3100
D_VoronoiBiome,folded_metamorphic,3,36,9410,121,42,0.3372
D_VoronoiBiome,folded_metamorphic,3,37,10560,102,51,0.3529
D_VoronoiBiome,folded_metamorphic,3,38,10300,105,70,0.3390
D_VoronoiBiome,folded_metamorphic,3,39,9800,92,49,0.2826
D_VoronoiBiome,folded_metamorphic,3,40,10970,112,41,0.1786
D_VoronoiBiome,folded_metamorphic,3,41,10760,116,51,0.3483
D_VoronoiBiome,folded_metamorphic,3,42,10940,115,51,0.2887
D_VoronoiBiome,folded_metamorphic,3,43,10510,107,50,0.3551
D_VoronoiBiome,folded_metamorphic,3,44,10650,108,52,0.3148
D_VoronoiBiome,folded_metamorphic,3,45,10140,102,45,0.3647
D_VoronoiBiome,folded_metamorphic,3,46,11390,120,44,0.3300
D_VoronoiBiome,folded_metamorphic,3,47,10300,101,58,0.3168
D_VoronoiBiome,folded_metamorphic,3,48,10370,98,46,0.3224
D_VoronoiBiome,folded_metamorphic,3,49,11470,122,49,0.3443
D_VoronoiBiome,folded_metamorphic,4,0,36370,104,50,0.3038
D_VoronoiBiome,folded_metamorphic,4,1,10240,96,59,0.3250
D_VoronoiBiome,folded_metamorphic,4,2,10370,99,52,0.2990
D_VoronoiBiome,folded_metamorphic,4,3,10520,102,49,0.3569
D_VoronoiBiome,folded_metamorphic,4,4,11490,124,52,0.2935
D_VoronoiBiome,folded_metamorphic,4,5,10880,106,46,0.3132
D_VoronoiBiome,folded_metamorphic,4,6,11070,114,56,0.3509
D_VoronoiBiome,folded_metamorphic,4,7,10400,99,54,0.3354
D_VoronoiBiome,folded_metamorphic,4,8,11520,119,46,0.2756
D_VoronoiBiome,folded_metamorphic,4,9,10760,106,55,0.3623
D_VoronoiBiome,folded_metamorphic,4,10,10820,105,57,0.3429
D_VoronoiBiome,folded_metamorphic,4,11,11460,118,50,0.3153
D_VoronoiBiome,folded_metamorphic,4,12,10490,100,59,0.3520
D_VoronoiBiome,folded_metamorphic,4,13,10810,104,48,0.2538
D_VoronoiBiome,folded_metamorphic,4,14,10650,101,45,0.2535
D_VoronoiBiome,folded_metamorphic,4,15,10860,103,43,0.3184
D_VoronoiBiome,folded_metamorphic,4,16,10680,104,56,0.3423
D_VoronoiBiome,folded_metamorphic,4,17,10739,100,44,0.2800
D_VoronoiBiome,folded_metamorphic,4,18,10370,97,60,0.3423
D_VoronoiBiome,folded_metamorphic,4,19,10870,107,47,0.3364
D_VoronoiBiome,folded_metamorphic,4,20,10470,96,45,0.3292
D_VoronoiBiome,folded_metamorphic,4,21,11310,114,43,0.3579
D_VoronoiBiome,folded_metamorphic,4,22,11580,118,46,0.2949
D_VoronoiBiome,folded_metamorphic,4,23,10590,92,39,0.2739
D_VoronoiBiome,folded_metamorphic,4,24,9960,90,45,0.3733
D_VoronoiBiome,folded_metamorphic,4,25,10790,101,45,0.2614
D_VoronoiBiome,folded_metamorphic,4,26,10770,103,51,0.3456
D_VoronoiBiome,folded_metamorphic,4,27,10970,110,50,0.3309
D_VoronoiBiome,folded_metamorphic,4,28,11110,109,59,0.2569
D_VoronoiBiome,folded_metamorphic,4,29,11080,112,45,0.3321
D_VoronoiBiome,folded_metamorphic,4,30,12140,127,42,0.3055
D_VoronoiBiome,folded_metamorphic,4,31,11200,113,49,0.2407
D_VoronoiBiome,folded_metamorphic,4,32,10580,103,47,0.3728
D_VoronoiBiome,folded_metamorphic,4,33,10540,101,46,0.3050
D_VoronoiBiome,folded_metamorphic,4,34,8610,110,54,0.3527
D_VoronoiBiome,folded_metamorphic,4,35,9870,103,50,0.2951
D_VoronoiBiome,folded_metamorphic,4,36,9770,90,46,0.3022
D_VoronoiBiome,folded_metamorphic,4,37,11550,118,55,0.2102
D_VoronoiBiome,folded_metamorphic,4,38,10000,96,62,0.3833
D_VoronoiBiome,folded_metamorphic,4,39,10600,105,57,0.3124
D_VoronoiBiome,folded_metamorphic,4,40,9949,96,59,0.2833
D_VoronoiBiome,folded_metamorphic,4,41,10000,99,49,0.3717
D_VoronoiBiome,folded_metamorphic,4,42,10960,115,55,0.3409
D_VoronoiBiome,folded_metamorphic,4,43,10150,116,56,0.3345
D_VoronoiBiome,folded_metamorphic,4,44,8490,106,52,0.3094
D_VoronoiBiome,folded_metamorphic,4,45,8780,108,46,0.2926
D_VoronoiBiome,folded_metamorphic,4,46,8490,106,49,0.3019
D_VoronoiBiome,folded_metamorphic,4,47,7490,84,49,0.3381
D_VoronoiBiome,folded_metamorphic,4,48,8420,104,50,0.3731
D_VoronoiBiome,folded_metamorphic,4,49,8090,99,54,0.2828
D_VoronoiBiome,folded_metamorphic,5,0,7930,98,60,0.3306
D_VoronoiBiome,folded_metamorphic,5,1,8740,110,47,0.2836
D_VoronoiBiome,folded_metamorphic,5,2,7920,96,56,0.3042
D_VoronoiBiome,folded_metamorphic,5,3,8320,104,55,0.2808
D_VoronoiBiome,folded_metamorphic,5,4,8340,102,58,0.3059
D_VoronoiBiome,folded_metamorphic,5,5,8480,106,59,0.3434
D_VoronoiBiome,folded_metamorphic,5,6,9100,113,40,0.2336
D_VoronoiBiome,folded_metamorphic,5,7,7900,87,43,0.3218
D_VoronoiBiome,folded_metamorphic,5,8,8290,101,49,0.3406
D_VoronoiBiome,folded_metamorphic,5,9,7980,94,48,0.3745
D_VoronoiBiome,folded_metamorphic,5,10,9000,118,57,0.3424
D_VoronoiBiome,folded_metamorphic,5,11,8060,100,54,0.3440
D_VoronoiBiome,folded_metamorphic,5,12,8639,112,59,0.3321
D_VoronoiBiome,folded_metamorphic,5,13,8450,104,52,0.2577
D_VoronoiBiome,folded_metamorphic,5,14,9560,123,53,0.2732
D_VoronoiBiome,folded_metamorphic,5,15,8510,108,47,0.3593
D_VoronoiBiome,folded_metamorphic,5,16,7860,92,49,0.3217
D_VoronoiBiome,folded_metamorphic,5,17,9130,118,58,0.3390
D_VoronoiBiome,folded_metamorphic,5,18,8510,106,48,0.3283
D_VoronoiBiome,folded_metamorphic,5,19,8980,111,39,0.2847
D_VoronoiBiome,folded_metamorphic,5,20,8610,106,52,0.2755
D_VoronoiBiome,folded_metamorphic,5,21,7850,96,55,0.3708
D_VoronoiBiome,folded_metamorphic,5,22,9150,117,51,0.2735
D_VoronoiBiome,folded_metamorphic,5,23,8620,106,54,0.3132
D_VoronoiBiome,folded_metamorphic,5,24,8380,101,56,0.3644
D_VoronoiBiome,folded_metamorphic,5,25,8680,108,63,0.3259
D_VoronoiBiome,folded_metamorphic,5,26,9290,115,48,0.3200
D_VoronoiBiome,folded_metamorphic,5,27,8470,99,45,0.2747
D_VoronoiBiome,folded_metamorphic,5,28,8850,109,40,0.2936
D_VoronoiBiome,folded_metamorphic,5,29,8820,109,45,0.3706
D_VoronoiBiome,folded_metamorphic,5,30,8780,108,48,0.2889
D_VoronoiBiome,folded_metamorphic,5,31,8440,100,52,0.2960
D_VoronoiBiome,folded_metamorphic,5,32,8170,98,52,0.3510
D_VoronoiBiome,folded_metamorphic,5,33,8090,100,57,0.3280
D_VoronoiBiome,folded_metamorphic,5,34,8940,111,46,0.3027
D_VoronoiBiome,folded_metamorphic,5,35,8880,113,46,0.2867
D_VoronoiBiome,folded_metamorphic,5,36,8510,107,54,0.3514
D_VoronoiBiome,folded_metamorphic,5,37,8090,90,40,0.2711
D_VoronoiBiome,folded_metamorphic,5,38,8430,103,44,0.3573
D_VoronoiBiome,folded_metamorphic,5,39,8190,104,62,0.3269
D_VoronoiBiome,folded_metamorphic,5,40,8670,112,54,0.3214
D_VoronoiBiome,folded_metamorphic,5,41,8360,101,52,0.2772
D_VoronoiBiome,folded_metamorphic,5,42,9710,130,50,0.1692
D_VoronoiBiome,folded_metamorphic,5,43,9000,117,50,0.3282
D_VoronoiBiome,folded_metamorphic,5,44,8460,102,42,0.3647
D_VoronoiBiome,folded_metamorphic,5,45,9049,115,47,0.3130
D_VoronoiBiome,folded_metamorphic,5,46,8110,99,62,0.2990
D_VoronoiBiome,folded_metamorphic,5,47,9430,106,53,0.2717
D_VoronoiBiome,folded_metamorphic,5,48,10770,117,49,0.2906
D_VoronoiBiome,folded_metamorphic,5,49,10320,123,46,0.1886
D_VoronoiBiome,volcanic_complex,1,0,3970,36,30,0.3667
D_VoronoiBiome,volcanic_complex,1,1,4500,46,27,0.2522
D_VoronoiBiome,volcanic_complex,1,2,4150,41,27,0.3415
D_VoronoiBiome,volcanic_complex,1,3,3900,33,24,0.2667
D_VoronoiBiome,volcanic_complex,1,4,4150,40,22,0.3300
D_VoronoiBiome,volcanic_complex,1,5,3780,34,26,0.3529
D_VoronoiBiome,volcanic_complex,1,6,4150,43,31,0.3070
D_VoronoiBiome,volcanic_complex,1,7,3960,40,27,0.3200
D_VoronoiBiome,volcanic_complex,1,8,3810,36,25,0.3667
D_VoronoiBiome,volcanic_complex,1,9,3630,28,20,0.2571
D_VoronoiBiome,volcanic_complex,1,10,3690,32,23,0.1875
D_VoronoiBiome,volcanic_complex,1,11,3550,31,23,0.2839
D_VoronoiBiome,volcanic_complex,1,12,4140,42,26,0.3429
D_VoronoiBiome,volcanic_complex,1,13,3930,38,22,0.3684
D_VoronoiBiome,volcanic_complex,1,14,4150,40,21,0.2700
D_VoronoiBiome,volcanic_complex,1,15,3890,35,25,0.3314
D_VoronoiBiome,volcanic_complex,1,16,4070,40,23,0.3700
D_VoronoiBiome,volcanic_complex,1,17,3610,31,22,0.3742
D_VoronoiBiome,volcanic_complex,1,18,3550,26,18,0.3231
D_VoronoiBiome,volcanic_complex,1,19,4130,43,30,0.2791
D_VoronoiBiome,volcanic_complex,1,20,3880,35,24,0.3543
D_VoronoiBiome,volcanic_complex,1,21,4070,38,25,0.3368
D_VoronoiBiome,volcanic_complex,1,22,3940,38,28,0.2632
D_VoronoiBiome,volcanic_complex,1,23,4390,46,22,0.3304
D_VoronoiBiome,volcanic_complex,1,24,3790,34,22,0.3412
D_VoronoiBiome,volcanic_complex,1,25,3800,34,20,0.3176
D_VoronoiBiome,volcanic_complex,1,26,3970,40,31,0.2400
D_VoronoiBiome,volcanic_complex,1,27,4090,39,21,0.3179
D_VoronoiBiome,volcanic_complex,1,28,3890,35,28,0.3086
D_VoronoiBiome,volcanic_complex,1,29,4390,45,26,0.1956
D_VoronoiBiome,volcanic_complex,1,30,3700,36,27,0.3000
D_VoronoiBiome,volcanic_complex,1,31,3780,32,20,0.3000
D_VoronoiBiome,volcanic_complex,1,32,4120,42,27,0.3333
D_VoronoiBiome,volcanic_complex,1,33,4380,46,27,0.2348
D_VoronoiBiome,volcanic_complex,1,34,4010,40,27,0.2900
D_VoronoiBiome,volcanic_complex,1,35,4390,45,23,0.3467
D_VoronoiBiome,volcanic_complex,1,36,4130,43,23,0.3535
D_VoronoiBiome,volcanic_complex,1,37,3470,29,22,0.3724
D_VoronoiBiome,volcanic_complex,1,38,3700,31,21,0.3871
D_VoronoiBiome,volcanic_complex,1,39,3900,36,25,0.3556
D_VoronoiBiome,volcanic_complex,1,40,3979,38,26,0.3158
D_VoronoiBiome,volcanic_complex,1,41,3500,28,23,0.3429
D_VoronoiBiome,volcanic_complex,1,42,4110,40,29,0.2600
D_VoronoiBiome,volcanic_complex,1,43,4420,49,25,0.3592
D_VoronoiBiome,volcanic_complex,1,44,3770,34,25,0.3765
D_VoronoiBiome,volcanic_complex,1,45,3990,38,26,0.3053
D_VoronoiBiome,volcanic_complex,1,46,3720,32,19,0.3000
D_VoronoiBiome,volcanic_complex,1,47,3270,25,23,0.2720
D_VoronoiBiome,volcanic_complex,1,48,3850,37,23,0.3568
D_VoronoiBiome,volcanic_complex,1,49,3970,39,25,0.3385
D_VoronoiBiome,volcanic_complex,2,0,3470,30,23,0.3067
D_VoronoiBiome,volcanic_complex,2,1,3800,33,17,0.2545
D_VoronoiBiome,volcanic_complex,2,2,3690,31,21,0.2968
D_VoronoiBiome,volcanic_complex,2,3,4130,44,27,0.3818
D_VoronoiBiome,volcanic_complex,2,4,3950,35,20,0.2857
D_VoronoiBiome,volcanic_complex,2,5,3540,25,17,0.3360
D_VoronoiBiome,volcanic_complex,2,6,4410,47,31,0.2383
D_VoronoiBiome,volcanic_complex,2,7,3660,31,21,0.2323
D_VoronoiBiome,volcanic_complex,2,8,4150,41,26,0.3122
D_VoronoiBiome,volcanic_complex,2,9,4110,38,21,0.2632
D_VoronoiBiome,volcanic_complex,2,10,3600,31,22,0.2968
D_VoronoiBiome,volcanic_complex,2,11,4220,43,24,0.2419
D_VoronoiBiome,volcanic_complex,2,12,3820,33,21,0.3152
D_VoronoiBiome,volcanic_complex,2,13,3830,36,25,0.3222
D_VoronoiBiome,volcanic_complex,2,14,3610,32,25,0.3000
D_VoronoiBiome,volcanic_complex,2,15,3960,39,25,0.3590
D_VoronoiBiome,volcanic_complex,2,16,3420,25,19,0.2400
D_VoronoiBiome,volcanic_complex,2,17,3900,40,27,0.3800
D_VoronoiBiome,volcanic_complex,2,18,3840,38,21,0.3895
D_VoronoiBiome,volcanic_complex,2,19,3830,37,25,0.2486
D_VoronoiBiome,volcanic_complex,2,20,3870,36,24,0.2333
D_VoronoiBiome,volcanic_complex,2,21,4380,43,18,0.1488
D_VoronoiBiome,volcanic_complex,2,22,3940,36,25,0.3000
D_VoronoiBiome,volcanic_complex,2,23,3520,31,21,0.2839
D_VoronoiBiome,volcanic_complex,2,24,9460,42,22,0.1524
D_VoronoiBiome,volcanic_complex,2,25,4340,35,21,0.2743
D_VoronoiBiome,volcanic_complex,2,26,4060,42,28,0.3714
D_VoronoiBiome,volcanic_complex,2,27,4050,40,28,0.3000
D_VoronoiBiome,volcanic_complex,2,28,3930,38,23,0.2947
D_VoronoiBiome,volcanic_complex,2,29,4100,42,25,0.3333
D_VoronoiBiome,volcanic_complex,2,30,4260,43,25,0.2791
D_VoronoiBiome,volcanic_complex,2,31,3610,32,25,0.3875
D_VoronoiBiome,volcanic_complex,2,32,3930,38,27,0.3684
D_VoronoiBiome,volcanic_complex,2,33,3910,37,20,0.3459
D_VoronoiBiome,volcanic_complex,2,34,3950,39,29,0.3179
D_VoronoiBiome,volcanic_complex,2,35,3540,29,24,0.2069
D_VoronoiBiome,volcanic_complex,2,36,3980,35,18,0.2514
D_VoronoiBiome,volcanic_complex,2,37,3570,30,18,0.2933
D_VoronoiBiome,volcanic_complex,2,38,3510,28,17,0.3000
D_VoronoiBiome,volcanic_complex,2,39,3740,35,27,0.3657
D_VoronoiBiome,volcanic_complex,2,40,3920,36,20,0.2778
D_VoronoiBiome,volcanic_complex,2,41,3639,32,25,0.2875
D_VoronoiBiome,volcanic_complex,2,42,3670,31,20,0.3097
D_VoronoiBiome,volcanic_complex,2,43,3970,39,23,0.2462
D_VoronoiBiome,volcanic_complex,2,44,3950,35,22,0.2971
D_VoronoiBiome,volcanic_complex,2,45,3810,37,30,0.1946
D_VoronoiBiome,volcanic_complex,2,46,3960,41,21,0.3707
D_VoronoiBiome,volcanic_complex,2,47,3760,36,23,0.3889
D_VoronoiBiome,volcanic_complex,2,48,3560,31,22,0.3226
D_VoronoiBiome,volcanic_complex,2,49,3980,41,27,0.3122
D_VoronoiBiome,volcanic_complex,3,0,3940,37,24,0.2270
D_VoronoiBiome,volcanic_complex,3,1,3810,34,21,0.3294
D_VoronoiBiome,volcanic_complex,3,2,4120,38,24,0.2211
D_VoronoiBiome,volcanic_complex,3,3,3980,38,22,0.2526
D_VoronoiBiome,volcanic_complex,3,4,3940,37,18,0.2811
D_VoronoiBiome,volcanic_complex,3,5,3840,39,30,0.3385
D_VoronoiBiome,volcanic_complex,3,6,4020,38,23,0.2947
D_VoronoiBiome,volcanic_complex,3,7,3850,37,25,0.2919
D_VoronoiBiome,volcanic_complex,3,8,3930,37,22,0.3027
D_VoronoiBiome,volcanic_complex,3,9,3770,36,27,0.2556
D_VoronoiBiome,volcanic_complex,3,10,3820,34,24,0.2706
D_VoronoiBiome,volcanic_complex,3,11,3550,30,26,0.1600
D_VoronoiBiome,volcanic_complex,3,12,3750,35,26,0.2629
D_VoronoiBiome,volcanic_complex,3,13,3620,34,23,0.3529
D_VoronoiBiome,volcanic_complex,3,14,3540,30,23,0.3867
D_VoronoiBiome,volcanic_complex,3,15,4130,43,21,0.3349
D_VoronoiBiome,volcanic_complex,3,16,3490,28,19,0.3286
D_VoronoiBiome,volcanic_complex,3,17,3890,36,20,0.2889
D_VoronoiBiome,volcanic_complex,3,18,3920,39,23,0.3590
D_VoronoiBiome,volcanic_complex,3,19,3630,34,21,0.3765
D_VoronoiBiome,volcanic_complex,3,20,4030,41,18,0.3415
D_VoronoiBiome,volcanic_complex,3,21,4110,43,33,0.2791
D_VoronoiBiome,volcanic_complex,3,22,3820,36,25,0.3000
D_VoronoiBiome,volcanic_complex,3,23,3550,31,24,0.3355
D_VoronoiBiome,volcanic_complex,3,24,3960,38,18,0.3789
D_VoronoiBiome,volcanic_complex,3,25,3750,31,23,0.2323
D_VoronoiBiome,volcanic_complex,3,26,4140,39,23,0.3179
D_VoronoiBiome,volcanic_complex,3,27,4120,44,25,0.3273
D_VoronoiBiome,volcanic_complex,3,28,3360,26,22,0.4000
D_VoronoiBiome,volcanic_complex,3,29,3840,34,24,0.3294
D_VoronoiBiome,volcanic_complex,3,30,3830,33,18,0.2545
D_VoronoiBiome,volcanic_complex,3,31,3770,36,21,0.2778
D_VoronoiBiome,volcanic_complex,3,32,3670,32,25,0.3750
D_VoronoiBiome,volcanic_complex,3,33,3820,35,16,0.3771
D_VoronoiBiome,volcanic_complex,3,34,3910,38,24,0.3579
D_VoronoiBiome,volcanic_complex,3,35,3980,41,29,0.2927
D_VoronoiBiome,volcanic_complex,3,36,4220,46,26,0.3391
D_VoronoiBiome,volcanic_complex,3,37,3800,37,22,0.3568
D_VoronoiBiome,volcanic_complex,3,38,3779,35,23,0.3543
D_VoronoiBiome,volcanic_complex,3,39,3600,32,26,0.2875
D_VoronoiBiome,volcanic_complex,3,40,3780,35,20,0.1943
D_VoronoiBiome,volcanic_complex,3,41,3920,37,21,0.3676
D_VoronoiBiome,volcanic_complex,3,42,3990,40,24,0.2800
D_VoronoiBiome,volcanic_complex,3,43,3730,34,23,0.3882
D_VoronoiBiome,volcanic_complex,3,44,3540,31,21,0.3097
D_VoronoiBiome,volcanic_complex,3,45,3960,40,24,0.3400
D_VoronoiBiome,volcanic_complex,3,46,4190,45,24,0.2667
D_VoronoiBiome,volcanic_complex,3,47,3910,37,19,0.2811
D_VoronoiBiome,volcanic_complex,3,48,3630,32,24,0.2875
D_VoronoiBiome,volcanic_complex,3,49,3800,38,24,0.3579
D_VoronoiBiome,volcanic_complex,4,0,3820,38,24,0.3368
D_VoronoiBiome,volcanic_complex,4,1,3680,33,17,0.3152
D_VoronoiBiome,volcanic_complex,4,2,3770,34,21,0.2235
D_VoronoiBiome,volcanic_complex,4,3,3750,37,27,0.3784
D_VoronoiBiome,volcanic_complex,4,4,3930,44,29,0.3091
D_VoronoiBiome,volcanic_complex,4,5,4050,39,23,0.3179
D_VoronoiBiome,volcanic_complex,4,6,4090,43,26,0.3535
D_VoronoiBiome,volcanic_complex,4,7,3660,33,23,0.3273
D_VoronoiBiome,volcanic_complex,4,8,4100,41,22,0.2634
D_VoronoiBiome,volcanic_complex,4,9,3640,33,24,0.3758
D_VoronoiBiome,volcanic_complex,4,10,3760,35,23,0.3314
D_VoronoiBiome,volcanic_complex,4,11,4070,44,23,0.3545
D_VoronoiBiome,volcanic_complex,4,12,3590,31,20,0.3355
D_VoronoiBiome,volcanic_complex,4,13,3630,31,19,0.1677
D_VoronoiBiome,volcanic_complex,4,14,3710,31,21,0.3097
D_VoronoiBiome,volcanic_complex,4,15,3540,30,23,0.3867
D_VoronoiBiome,volcanic_complex,4,16,3420,28,20,0.3714
D_VoronoiBiome,volcanic_complex,4,17,3650,31,24,0.1935
D_VoronoiBiome,volcanic_complex,4,18,3760,34,19,0.3765
D_VoronoiBiome,volcanic_complex,4,19,3580,32,22,0.3625
D_VoronoiBiome,volcanic_complex,4,20,3920,37,17,0.3459
D_VoronoiBiome,volcanic_complex,4,21,3800,38,25,0.3579
D_VoronoiBiome,volcanic_complex,4,22,3800,37,24,0.2486
D_VoronoiBiome,volcanic_complex,4,23,3660,31,19,0.2065
D_VoronoiBiome,volcanic_complex,4,24,3700,32,17,0.3500
D_VoronoiBiome,volcanic_complex,4,25,3620,30,20,0.2000
D_VoronoiBiome,volcanic_complex,4,26,3570,33,23,0.3636
D_VoronoiBiome,volcanic_complex,4,27,3700,31,23,0.2323
D_VoronoiBiome,volcanic_complex,4,28,3910,39,24,0.1949
D_VoronoiBiome,volcanic_complex,4,29,4030,40,25,0.3100
D_VoronoiBiome,volcanic_complex,4,30,4380,51,28,0.3216
D_VoronoiBiome,volcanic_complex,4,31,3940,40,21,0.3000
D_VoronoiBiome,volcanic_complex,4,32,3880,40,24,0.3500
D_VoronoiBiome,volcanic_complex,4,33,3680,35,24,0.2857
D_VoronoiBiome,volcanic_complex,4,34,3820,37,20,0.3676
D_VoronoiBiome,volcanic_complex,4,35,3830,36,26,0.2444
D_VoronoiBiome,volcanic_complex,4,36,3610,33,25,0.3758
D_VoronoiBiome,volcanic_complex,4,37,4060,45,28,0.1600
D_VoronoiBiome,volcanic_complex,4,38,4069,41,20,0.3805
D_VoronoiBiome,volcanic_complex,4,39,4060,41,27,0.2634
D_VoronoiBiome,volcanic_complex,4,40,3750,34,24,0.2588
D_VoronoiBiome,volcanic_complex,4,41,3320,25,20,0.3680
D_VoronoiBiome,volcanic_complex,4,42,3810,39,23,0.3179
D_VoronoiBiome,volcanic_complex,4,43,3710,36,28,0.3667
D_VoronoiBiome,volcanic_complex,4,44,4010,38,18,0.3684
D_VoronoiBiome,volcanic_complex,4,45,4260,47,28,0.2894
D_VoronoiBiome,volcanic_complex,4,46,3990,37,18,0.3568
D_VoronoiBiome,volcanic_complex,4,47,3280,27,24,0.3852
D_VoronoiBiome,volcanic_complex,4,48,3760,35,21,0.3771
D_VoronoiBiome,volcanic_complex,4,49,3840,35,19,0.2400
D_VoronoiBiome,volcanic_complex,5,0,3650,34,26,0.3529
D_VoronoiBiome,volcanic_complex,5,1,3850,37,26,0.1946
D_VoronoiBiome,volcanic_complex,5,2,3680,33,23,0.3152
D_VoronoiBiome,volcanic_complex,5,3,3560,32,26,0.2125
D_VoronoiBiome,volcanic_complex,5,4,3750,33,18,0.3515
D_VoronoiBiome,volcanic_complex,5,5,3560,32,24,0.3500
D_VoronoiBiome,volcanic_complex,5,6,3830,37,26,0.2270
D_VoronoiBiome,volcanic_complex,5,7,3330,24,19,0.3167
D_VoronoiBiome,volcanic_complex,5,8,3870,38,27,0.3263
D_VoronoiBiome,volcanic_complex,5,9,3670,34,28,0.3529
D_VoronoiBiome,volcanic_complex,5,10,4080,44,26,0.3455
D_VoronoiBiome,volcanic_complex,5,11,3440,31,28,0.3613
D_VoronoiBiome,volcanic_complex,5,12,3750,37,24,0.3243
D_VoronoiBiome,volcanic_complex,5,13,3890,36,18,0.2000
D_VoronoiBiome,volcanic_complex,5,14,4160,45,28,0.2489
D_VoronoiBiome,volcanic_complex,5,15,3850,37,22,0.3892
D_VoronoiBiome,volcanic_complex,5,16,3850,36,26,0.3667
D_VoronoiBiome,volcanic_complex,5,17,3600,33,24,0.3636
D_VoronoiBiome,volcanic_complex,5,18,3630,32,26,0.3125
D_VoronoiBiome,volcanic_complex,5,19,3800,36,23,0.1667
D_VoronoiBiome,volcanic_complex,5,20,3890,36,20,0.2556
D_VoronoiBiome,volcanic_complex,5,21,3600,31,20,0.3613
D_VoronoiBiome,volcanic_complex,5,22,3690,35,22,0.2971
D_VoronoiBiome,volcanic_complex,5,23,3760,33,22,0.2182
D_VoronoiBiome,volcanic_complex,5,24,3900,39,26,0.3385
D_VoronoiBiome,volcanic_complex,5,25,4020,41,25,0.3317
D_VoronoiBiome,volcanic_complex,5,26,3680,36,25,0.3222
D_VoronoiBiome,volcanic_complex,5,27,3380,26,20,0.2769
D_VoronoiBiome,volcanic_complex,5,28,3580,32,23,0.3625
D_VoronoiBiome,volcanic_complex,5,29,3960,39,21,0.3590
D_VoronoiBiome,volcanic_complex,5,30,3640,30,20,0.3333
D_VoronoiBiome,volcanic_complex,5,31,3870,35,19,0.3314
D_VoronoiBiome,volcanic_complex,5,32,3550,32,21,0.3625
D_VoronoiBiome,volcanic_complex,5,33,3590,33,27,0.3152
D_VoronoiBiome,volcanic_complex,5,34,3690,36,19,0.3333
D_VoronoiBiome,volcanic_complex,5,35,3660,35,25,0.3657
D_VoronoiBiome,volcanic_complex,5,36,3990,43,31,0.3163
D_VoronoiBiome,volcanic_complex,5,37,3790,36,21,0.3000
D_VoronoiBiome,volcanic_complex,5,38,3329,27,19,0.3556
D_VoronoiBiome,volcanic_complex,5,39,3650,36,28,0.3444
D_VoronoiBiome,volcanic_complex,5,40,3840,38,27,0.3053
D_VoronoiBiome,volcanic_complex,5,41,3660,35,27,0.2400
D_VoronoiBiome,volcanic_complex,5,42,4030,40,25,0.2700
D_VoronoiBiome,volcanic_complex,5,43,4080,46,33,0.2783
D_VoronoiBiome,volcanic_complex,5,44,3800,36,22,0.3111
D_VoronoiBiome,volcanic_complex,5,45,3670,34,24,0.2824
D_VoronoiBiome,volcanic_complex,5,46,3630,33,23,0.3030
D_VoronoiBiome,volcanic_complex,5,47,3760,37,30,0.2270
D_VoronoiBiome,volcanic_complex,5,48,3830,40,29,0.3400
D_VoronoiBiome,volcanic_complex,5,49,4570,50,23,0.1280
E_Hybrid_WormPlusSeam,uniform_stone,1,0,3790,10,6,0.0000
E_Hybrid_WormPlusSeam,uniform_stone,1,1,3460,4,3,0.0000
E_Hybrid_WormPlusSeam,uniform_stone,1,2,3960,15,8,0.0000
E_Hybrid_WormPlusSeam,uniform_stone,1,3,3650,8,3,0.0000
E_Hybrid_WormPlusSeam,uniform_stone,1,4,3710,10,4,0.0000
E_Hybrid_WormPlusSeam,uniform_stone,1,5,3550,8,2,0.0000
E_Hybrid_WormPlusSeam,uniform_stone,1,6,3710,9,5,0.0000
E_Hybrid_WormPlusSeam,uniform_stone,1,7,3380,3,2,0.0000
E_Hybrid_WormPlusSeam,uniform_stone,1,8,3440,5,3,0.0000
E_Hybrid_WormPlusSeam,uniform_stone,1,9,3280,2,1,0.0000
E_Hybrid_WormPlusSeam,uniform_stone,1,10,3450,5,4,0.0000
E_Hybrid_WormPlusSeam,uniform_stone,1,11,3530,7,5,0.0000
E_Hybrid_WormPlusSeam,uniform_stone,1,12,3250,2,2,0.0000
E_Hybrid_WormPlusSeam,uniform_stone,1,13,3720,11,8,0.0000
E_Hybrid_WormPlusSeam,uniform_stone,1,14,3300,3,2,0.0000
E_Hybrid_WormPlusSeam,uniform_stone,1,15,3560,8,4,0.0000
E_Hybrid_WormPlusSeam,uniform_stone,1,16,3550,7,5,0.0000
E_Hybrid_WormPlusSeam,uniform_stone,1,17,3260,2,2,0.0000
E_Hybrid_WormPlusSeam,uniform_stone,1,18,3830,14,7,0.0000
E_Hybrid_WormPlusSeam,uniform_stone,1,19,8190,9,7,0.0000
E_Hybrid_WormPlusSeam,uniform_stone,1,20,5960,10,4,0.0000
E_Hybrid_WormPlusSeam,uniform_stone,1,21,4990,7,3,0.0000
E_Hybrid_WormPlusSeam,uniform_stone,1,22,3320,3,3,0.0000
E_Hybrid_WormPlusSeam,uniform_stone,1,23,3370,4,2,0.0000
E_Hybrid_WormPlusSeam,uniform_stone,1,24,3590,9,4,0.0000
E_Hybrid_WormPlusSeam,uniform_stone,1,25,3540,8,2,0.0000
E_Hybrid_WormPlusSeam,uniform_stone,1,26,3460,6,2,0.0000
E_Hybrid_WormPlusSeam,uniform_stone,1,27,3460,7,4,0.0000
E_Hybrid_WormPlusSeam,uniform_stone,1,28,3380,3,1,0.0000
E_Hybrid_WormPlusSeam,uniform_stone,1,29,3600,8,7,0.0000
E_Hybrid_WormPlusSeam,uniform_stone,1,30,3450,6,3,0.0000
E_Hybrid_WormPlusSeam,uniform_stone,1,31,3670,11,6,0.0000
E_Hybrid_WormPlusSeam,uniform_stone,1,32,3790,12,6,0.0000
E_Hybrid_WormPlusSeam,uniform_stone,1,33,3490,5,4,0.0000
E_Hybrid_WormPlusSeam,uniform_stone,1,34,3380,5,3,0.0000
E_Hybrid_WormPlusSeam,uniform_stone,1,35,3650,10,5,0.0000
E_Hybrid_WormPlusSeam,uniform_stone,1,36,3350,4,3,0.0000
E_Hybrid_WormPlusSeam,uniform_stone,1,37,3320,4,3,0.0000
E_Hybrid_WormPlusSeam,uniform_stone,1,38,3330,3,3,0.0000
E_Hybrid_WormPlusSeam,uniform_stone,1,39,3380,5,3,0.0000
E_Hybrid_WormPlusSeam,uniform_stone,1,40,3760,12,8,0.0000
E_Hybrid_WormPlusSeam,uniform_stone,1,41,3440,6,3,0.0000
E_Hybrid_WormPlusSeam,uniform_stone,1,42,3730,11,6,0.0000
E_Hybrid_WormPlusSeam,uniform_stone,1,43,3660,9,6,0.0000
E_Hybrid_WormPlusSeam,uniform_stone,1,44,3680,11,6,0.0000
E_Hybrid_WormPlusSeam,uniform_stone,1,45,3840,13,7,0.0000
E_Hybrid_WormPlusSeam,uniform_stone,1,46,3490,5,4,0.0000
E_Hybrid_WormPlusSeam,uniform_stone,1,47,3790,13,7,0.0000
E_Hybrid_WormPlusSeam,uniform_stone,1,48,3749,13,7,0.0000
E_Hybrid_WormPlusSeam,uniform_stone,1,49,3640,10,7,0.0000
E_Hybrid_WormPlusSeam,uniform_stone,2,0,3250,2,1,0.0000
E_Hybrid_WormPlusSeam,uniform_stone,2,1,3270,1,1,0.0000
E_Hybrid_WormPlusSeam,uniform_stone,2,2,3650,10,8,0.0000
E_Hybrid_WormPlusSeam,uniform_stone,2,3,3630,9,5,0.0000
E_Hybrid_WormPlusSeam,uniform_stone,2,4,3300,3,2,0.0000
E_Hybrid_WormPlusSeam,uniform_stone,2,5,3450,5,3,0.0000
E_Hybrid_WormPlusSeam,uniform_stone,2,6,3540,7,3,0.0000
E_Hybrid_WormPlusSeam,uniform_stone,2,7,3440,5,3,0.0000
E_Hybrid_WormPlusSeam,uniform_stone,2,8,3660,8,3,0.0000
E_Hybrid_WormPlusSeam,uniform_stone,2,9,3360,5,3,0.0000
E_Hybrid_WormPlusSeam,uniform_stone,2,10,3570,9,5,0.0000
E_Hybrid_WormPlusSeam,uniform_stone,2,11,3680,11,9,0.0000
E_Hybrid_WormPlusSeam,uniform_stone,2,12,3370,4,2,0.0000
E_Hybrid_WormPlusSeam,uniform_stone,2,13,3450,6,4,0.0000
E_Hybrid_WormPlusSeam,uniform_stone,2,14,3840,14,10,0.0000
E_Hybrid_WormPlusSeam,uniform_stone,2,15,3790,12,7,0.0000
E_Hybrid_WormPlusSeam,uniform_stone,2,16,3520,7,6,0.0000
E_Hybrid_WormPlusSeam,uniform_stone,2,17,3440,7,5,0.0000
E_Hybrid_WormPlusSeam,uniform_stone,2,18,3360,4,2,0.0000
E_Hybrid_WormPlusSeam,uniform_stone,2,19,3680,12,6,0.0000
E_Hybrid_WormPlusSeam,uniform_stone,2,20,3380,5,4,0.0000
E_Hybrid_WormPlusSeam,uniform_stone,2,21,3310,4,3,0.0000
E_Hybrid_WormPlusSeam,uniform_stone,2,22,3560,9,6,0.0000
E_Hybrid_WormPlusSeam,uniform_stone,2,23,3440,6,3,0.0000
E_Hybrid_WormPlusSeam,uniform_stone,2,24,3330,4,3,0.0000
E_Hybrid_WormPlusSeam,uniform_stone,2,25,5850,5,4,0.0000
E_Hybrid_WormPlusSeam,uniform_stone,2,26,5540,7,3,0.0000
E_Hybrid_WormPlusSeam,uniform_stone,2,27,5560,5,4,0.0000
E_Hybrid_WormPlusSeam,uniform_stone,2,28,5420,3,2,0.0000
E_Hybrid_WormPlusSeam,uniform_stone,2,29,4970,2,1,0.0000
E_Hybrid_WormPlusSeam,uniform_stone,2,30,3270,2,1,0.0000
E_Hybrid_WormPlusSeam,uniform_stone,2,31,3890,13,5,0.0000
E_Hybrid_WormPlusSeam,uniform_stone,2,32,3630,10,5,0.0000
E_Hybrid_WormPlusSeam,uniform_stone,2,33,3400,5,4,0.0000
E_Hybrid_WormPlusSeam,uniform_stone,2,34,5550,13,6,0.0000
E_Hybrid_WormPlusSeam,uniform_stone,2,35,3480,7,5,0.0000
E_Hybrid_WormPlusSeam,uniform_stone,2,36,3740,10,3,0.0000
E_Hybrid_WormPlusSeam,uniform_stone,2,37,3570,8,4,0.0000
E_Hybrid_WormPlusSeam,uniform_stone,2,38,3390,5,3,0.0000
E_Hybrid_WormPlusSeam,uniform_stone,2,39,3330,3,2,0.0000
E_Hybrid_WormPlusSeam,uniform_stone,2,40,3580,9,4,0.0000
E_Hybrid_WormPlusSeam,uniform_stone,2,41,3730,11,7,0.0000
E_Hybrid_WormPlusSeam,uniform_stone,2,42,3730,12,6,0.0000
E_Hybrid_WormPlusSeam,uniform_stone,2,43,3770,12,10,0.0000
E_Hybrid_WormPlusSeam,uniform_stone,2,44,3600,6,3,0.0000
E_Hybrid_WormPlusSeam,uniform_stone,2,45,3520,6,4,0.0000
E_Hybrid_WormPlusSeam,uniform_stone,2,46,3580,7,4,0.0000
E_Hybrid_WormPlusSeam,uniform_stone,2,47,3680,9,5,0.0000
E_Hybrid_WormPlusSeam,uniform_stone,2,48,3490,6,4,0.0000
E_Hybrid_WormPlusSeam,uniform_stone,2,49,3810,13,10,0.0000
E_Hybrid_WormPlusSeam,uniform_stone,3,0,3530,9,3,0.0000
E_Hybrid_WormPlusSeam,uniform_stone,3,1,3630,8,4,0.0000
E_Hybrid_WormPlusSeam,uniform_stone,3,2,3590,9,5,0.0000
E_Hybrid_WormPlusSeam,uniform_stone,3,3,3659,10,6,0.0000
E_Hybrid_WormPlusSeam,uniform_stone,3,4,3710,10,7,0.0000
E_Hybrid_WormPlusSeam,uniform_stone,3,5,3890,16,10,0.0000
E_Hybrid_WormPlusSeam,uniform_stone,3,6,3260,2,1,0.0000
E_Hybrid_WormPlusSeam,uniform_stone,3,7,3640,12,8,0.0000
E_Hybrid_WormPlusSeam,uniform_stone,3,8,3550,9,6,0.0000
E_Hybrid_WormPlusSeam,uniform_stone,3,9,3350,4,3,0.0000
E_Hybrid_WormPlusSeam,uniform_stone,3,10,3610,10,6,0.0000
E_Hybrid_WormPlusSeam,uniform_stone,3,11,3850,14,7,0.0000
E_Hybrid_WormPlusSeam,uniform_stone,3,12,3420,7,4,0.0000
E_Hybrid_WormPlusSeam,uniform_stone,3,13,3370,5,3,0.0000
E_Hybrid_WormPlusSeam,uniform_stone,3,14,3430,7,4,0.0000
E_Hybrid_WormPlusSeam,uniform_stone,3,15,3530,8,3,0.0000
E_Hybrid_WormPlusSeam,uniform_stone,3,16,3760,13,7,0.0000
E_Hybrid_WormPlusSeam,uniform_stone,3,17,3750,9,7,0.0000
E_Hybrid_WormPlusSeam,uniform_stone,3,18,3540,6,4,0.0000
E_Hybrid_WormPlusSeam,uniform_stone,3,19,3560,9,4,0.0000
E_Hybrid_WormPlusSeam,uniform_stone,3,20,3530,8,5,0.0000
E_Hybrid_WormPlusSeam,uniform_stone,3,21,3220,1,1,0.0000
E_Hybrid_WormPlusSeam,uniform_stone,3,22,3280,2,2,0.0000
E_Hybrid_WormPlusSeam,uniform_stone,3,23,3470,7,6,0.0000
E_Hybrid_WormPlusSeam,uniform_stone,3,24,3450,6,4,0.0000
E_Hybrid_WormPlusSeam,uniform_stone,3,25,3390,4,2,0.0000
E_Hybrid_WormPlusSeam,uniform_stone,3,26,3330,3,2,0.0000
E_Hybrid_WormPlusSeam,uniform_stone,3,27,3300,3,3,0.0000
E_Hybrid_WormPlusSeam,uniform_stone,3,28,3660,11,7,0.0000
E_Hybrid_WormPlusSeam,uniform_stone,3,29,3330,4,1,0.0000
E_Hybrid_WormPlusSeam,uniform_stone,3,30,3390,6,4,0.0000
E_Hybrid_WormPlusSeam,uniform_stone,3,31,3420,7,1,0.0000
E_Hybrid_WormPlusSeam,uniform_stone,3,32,3400,5,2,0.0000
E_Hybrid_WormPlusSeam,uniform_stone,3,33,3810,15,9,0.0000
E_Hybrid_WormPlusSeam,uniform_stone,3,34,3460,7,6,0.0000
E_Hybrid_WormPlusSeam,uniform_stone,3,35,3310,3,2,0.0000
E_Hybrid_WormPlusSeam,uniform_stone,3,36,3510,7,5,0.0000
E_Hybrid_WormPlusSeam,uniform_stone,3,37,3380,5,3,0.0000
E_Hybrid_WormPlusSeam,uniform_stone,3,38,3550,8,4,0.0000
E_Hybrid_WormPlusSeam,uniform_stone,3,39,3630,10,7,0.0000
E_Hybrid_WormPlusSeam,uniform_stone,3,40,3310,4,3,0.0000
E_Hybrid_WormPlusSeam,uniform_stone,3,41,3400,6,2,0.0000
E_Hybrid_WormPlusSeam,uniform_stone,3,42,3360,4,2,0.0000
E_Hybrid_WormPlusSeam,uniform_stone,3,43,3930,15,8,0.0000
E_Hybrid_WormPlusSeam,uniform_stone,3,44,3300,2,1,0.0000
E_Hybrid_WormPlusSeam,uniform_stone,3,45,3470,6,5,0.0000
E_Hybrid_WormPlusSeam,uniform_stone,3,46,3340,4,3,0.0000
E_Hybrid_WormPlusSeam,uniform_stone,3,47,3350,4,3,0.0000
E_Hybrid_WormPlusSeam,uniform_stone,3,48,3540,7,3,0.0000
E_Hybrid_WormPlusSeam,uniform_stone,3,49,3260,1,1,0.0000
E_Hybrid_WormPlusSeam,uniform_stone,4,0,3720,11,8,0.0000
E_Hybrid_WormPlusSeam,uniform_stone,4,1,3670,10,5,0.0000
E_Hybrid_WormPlusSeam,uniform_stone,4,2,3450,6,3,0.0000
E_Hybrid_WormPlusSeam,uniform_stone,4,3,3440,6,4,0.0000
E_Hybrid_WormPlusSeam,uniform_stone,4,4,3620,10,5,0.0000
E_Hybrid_WormPlusSeam,uniform_stone,4,5,3610,10,8,0.0000
E_Hybrid_WormPlusSeam,uniform_stone,4,6,3510,7,6,0.0000
E_Hybrid_WormPlusSeam,uniform_stone,4,7,3670,10,6,0.0000
E_Hybrid_WormPlusSeam,uniform_stone,4,8,3380,4,1,0.0000
E_Hybrid_WormPlusSeam,uniform_stone,4,9,3370,5,4,0.0000
E_Hybrid_WormPlusSeam,uniform_stone,4,10,3430,6,4,0.0000
E_Hybrid_WormPlusSeam,uniform_stone,4,11,3320,3,1,0.0000
E_Hybrid_WormPlusSeam,uniform_stone,4,12,3430,7,3,0.0000
E_Hybrid_WormPlusSeam,uniform_stone,4,13,3340,5,2,0.0000
E_Hybrid_WormPlusSeam,uniform_stone,4,14,3610,9,4,0.0000
E_Hybrid_WormPlusSeam,uniform_stone,4,15,3730,9,5,0.0000
E_Hybrid_WormPlusSeam,uniform_stone,4,16,3460,6,3,0.0000
E_Hybrid_WormPlusSeam,uniform_stone,4,17,3370,4,4,0.0000
E_Hybrid_WormPlusSeam,uniform_stone,4,18,3380,5,3,0.0000
E_Hybrid_WormPlusSeam,uniform_stone,4,19,3250,2,1,0.0000
E_Hybrid_WormPlusSeam,uniform_stone,4,20,3320,3,2,0.0000
E_Hybrid_WormPlusSeam,uniform_stone,4,21,3420,5,4,0.0000
E_Hybrid_WormPlusSeam,uniform_stone,4,22,3390,4,2,0.0000
E_Hybrid_WormPlusSeam,uniform_stone,4,23,3310,3,3,0.0000
E_Hybrid_WormPlusSeam,uniform_stone,4,24,3370,4,3,0.0000
E_Hybrid_WormPlusSeam,uniform_stone,4,25,3730,12,6,0.0000
E_Hybrid_WormPlusSeam,uniform_stone,4,26,3650,10,7,0.0000
E_Hybrid_WormPlusSeam,uniform_stone,4,27,3670,11,7,0.0000
E_Hybrid_WormPlusSeam,uniform_stone,4,28,3690,12,9,0.0000
E_Hybrid_WormPlusSeam,uniform_stone,4,29,3390,6,4,0.0000
E_Hybrid_WormPlusSeam,uniform_stone,4,30,3820,14,8,0.0000
E_Hybrid_WormPlusSeam,uniform_stone,4,31,3800,13,5,0.0000
E_Hybrid_WormPlusSeam,uniform_stone,4,32,3370,2,1,0.0000
E_Hybrid_WormPlusSeam,uniform_stone,4,33,3310,3,1,0.0000
E_Hybrid_WormPlusSeam,uniform_stone,4,34,3410,6,2,0.0000
E_Hybrid_WormPlusSeam,uniform_stone,4,35,3610,11,6,0.0000
E_Hybrid_WormPlusSeam,uniform_stone,4,36,3280,2,1,0.0000
E_Hybrid_WormPlusSeam,uniform_stone,4,37,3440,5,2,0.0000
E_Hybrid_WormPlusSeam,uniform_stone,4,38,3610,10,7,0.0000
E_Hybrid_WormPlusSeam,uniform_stone,4,39,3430,6,3,0.0000
E_Hybrid_WormPlusSeam,uniform_stone,4,40,3250,2,2,0.0000
E_Hybrid_WormPlusSeam,uniform_stone,4,41,5520,9,4,0.0000
E_Hybrid_WormPlusSeam,uniform_stone,4,42,5770,13,8,0.0000
E_Hybrid_WormPlusSeam,uniform_stone,4,43,3880,14,6,0.0000
E_Hybrid_WormPlusSeam,uniform_stone,4,44,3670,11,6,0.0000
E_Hybrid_WormPlusSeam,uniform_stone,4,45,3610,10,7,0.0000
E_Hybrid_WormPlusSeam,uniform_stone,4,46,3400,5,2,0.0000
E_Hybrid_WormPlusSeam,uniform_stone,4,47,3620,8,2,0.0000
E_Hybrid_WormPlusSeam,uniform_stone,4,48,3530,7,6,0.0000
E_Hybrid_WormPlusSeam,uniform_stone,4,49,3490,9,6,0.0000
E_Hybrid_WormPlusSeam,uniform_stone,5,0,3870,12,6,0.0000
E_Hybrid_WormPlusSeam,uniform_stone,5,1,3250,2,1,0.0000
E_Hybrid_WormPlusSeam,uniform_stone,5,2,3430,6,4,0.0000
E_Hybrid_WormPlusSeam,uniform_stone,5,3,3380,5,3,0.0000
E_Hybrid_WormPlusSeam,uniform_stone,5,4,3510,8,3,0.0000
E_Hybrid_WormPlusSeam,uniform_stone,5,5,3440,7,3,0.0000
E_Hybrid_WormPlusSeam,uniform_stone,5,6,3200,1,1,0.0000
E_Hybrid_WormPlusSeam,uniform_stone,5,7,3330,4,4,0.0000
E_Hybrid_WormPlusSeam,uniform_stone,5,8,3400,6,3,0.0000
E_Hybrid_WormPlusSeam,uniform_stone,5,9,3460,6,2,0.0000
E_Hybrid_WormPlusSeam,uniform_stone,5,10,3440,6,5,0.0000
E_Hybrid_WormPlusSeam,uniform_stone,5,11,3610,12,5,0.0000
E_Hybrid_WormPlusSeam,uniform_stone,5,12,3450,6,4,0.0000
E_Hybrid_WormPlusSeam,uniform_stone,5,13,3240,2,1,0.0000
E_Hybrid_WormPlusSeam,uniform_stone,5,14,3650,11,7,0.0000
E_Hybrid_WormPlusSeam,uniform_stone,5,15,3580,9,4,0.0000
E_Hybrid_WormPlusSeam,uniform_stone,5,16,3910,16,10,0.0000
E_Hybrid_WormPlusSeam,uniform_stone,5,17,3500,7,4,0.0000
E_Hybrid_WormPlusSeam,uniform_stone,5,18,3540,9,5,0.0000
E_Hybrid_WormPlusSeam,uniform_stone,5,19,3310,3,1,0.0000
E_Hybrid_WormPlusSeam,uniform_stone,5,20,3660,11,6,0.0000
E_Hybrid_WormPlusSeam,uniform_stone,5,21,3410,7,5,0.0000
E_Hybrid_WormPlusSeam,uniform_stone,5,22,3270,3,2,0.0000
E_Hybrid_WormPlusSeam,uniform_stone,5,23,3520,8,5,0.0000
E_Hybrid_WormPlusSeam,uniform_stone,5,24,3760,13,8,0.0000
E_Hybrid_WormPlusSeam,uniform_stone,5,25,3350,5,3,0.0000
E_Hybrid_WormPlusSeam,uniform_stone,5,26,3360,5,3,0.0000
E_Hybrid_WormPlusSeam,uniform_stone,5,27,3820,14,5,0.0000
E_Hybrid_WormPlusSeam,uniform_stone,5,28,3450,7,5,0.0000
E_Hybrid_WormPlusSeam,uniform_stone,5,29,3600,8,3,0.0000
E_Hybrid_WormPlusSeam,uniform_stone,5,30,3570,7,6,0.0000
E_Hybrid_WormPlusSeam,uniform_stone,5,31,3470,7,5,0.0000
E_Hybrid_WormPlusSeam,uniform_stone,5,32,3580,9,4,0.0000
E_Hybrid_WormPlusSeam,uniform_stone,5,33,3839,16,11,0.0000
E_Hybrid_WormPlusSeam,uniform_stone,5,34,3280,2,1,0.0000
E_Hybrid_WormPlusSeam,uniform_stone,5,35,3830,12,6,0.0000
E_Hybrid_WormPlusSeam,uniform_stone,5,36,3260,2,2,0.0000
E_Hybrid_WormPlusSeam,uniform_stone,5,37,3570,8,4,0.0000
E_Hybrid_WormPlusSeam,uniform_stone,5,38,3480,8,4,0.0000
E_Hybrid_WormPlusSeam,uniform_stone,5,39,3350,4,2,0.0000
E_Hybrid_WormPlusSeam,uniform_stone,5,40,3420,5,3,0.0000
E_Hybrid_WormPlusSeam,uniform_stone,5,41,3610,9,7,0.0000
E_Hybrid_WormPlusSeam,uniform_stone,5,42,3400,6,2,0.0000
E_Hybrid_WormPlusSeam,uniform_stone,5,43,4010,17,7,0.0000
E_Hybrid_WormPlusSeam,uniform_stone,5,44,3860,13,9,0.0000
E_Hybrid_WormPlusSeam,uniform_stone,5,45,3520,8,4,0.0000
E_Hybrid_WormPlusSeam,uniform_stone,5,46,3580,9,7,0.0000
E_Hybrid_WormPlusSeam,uniform_stone,5,47,3420,6,3,0.0000
E_Hybrid_WormPlusSeam,uniform_stone,5,48,3340,4,4,0.0000
E_Hybrid_WormPlusSeam,uniform_stone,5,49,3340,3,1,0.0000
E_Hybrid_WormPlusSeam,stratified_3layer,1,0,11720,111,12,0.5000
E_Hybrid_WormPlusSeam,stratified_3layer,1,1,11940,121,11,0.5455
E_Hybrid_WormPlusSeam,stratified_3layer,1,2,11660,113,6,0.7345
E_Hybrid_WormPlusSeam,stratified_3layer,1,3,10770,97,12,0.5000
E_Hybrid_WormPlusSeam,stratified_3layer,1,4,10710,101,17,0.5000
E_Hybrid_WormPlusSeam,stratified_3layer,1,5,10990,100,16,0.5000
E_Hybrid_WormPlusSeam,stratified_3layer,1,6,10920,106,17,0.5000
E_Hybrid_WormPlusSeam,stratified_3layer,1,7,11050,104,12,0.5000
E_Hybrid_WormPlusSeam,stratified_3layer,1,8,10879,105,7,0.6667
E_Hybrid_WormPlusSeam,stratified_3layer,1,9,10740,96,13,0.5000
E_Hybrid_WormPlusSeam,stratified_3layer,1,10,10110,88,19,0.5000
E_Hybrid_WormPlusSeam,stratified_3layer,1,11,10740,100,16,0.5000
E_Hybrid_WormPlusSeam,stratified_3layer,1,12,11270,108,12,0.5000
E_Hybrid_WormPlusSeam,stratified_3layer,1,13,10700,104,12,0.5000
E_Hybrid_WormPlusSeam,stratified_3layer,1,14,11320,110,17,0.4682
E_Hybrid_WormPlusSeam,stratified_3layer,1,15,11190,110,8,0.6364
E_Hybrid_WormPlusSeam,stratified_3layer,1,16,11230,106,14,0.5000
E_Hybrid_WormPlusSeam,stratified_3layer,1,17,11100,107,18,0.5000
E_Hybrid_WormPlusSeam,stratified_3layer,1,18,10880,101,17,0.5000
E_Hybrid_WormPlusSeam,stratified_3layer,1,19,10260,90,25,0.5000
E_Hybrid_WormPlusSeam,stratified_3layer,1,20,11010,111,28,0.4775
E_Hybrid_WormPlusSeam,stratified_3layer,1,21,10420,94,15,0.5000
E_Hybrid_WormPlusSeam,stratified_3layer,1,22,10180,85,12,0.5000
E_Hybrid_WormPlusSeam,stratified_3layer,1,23,11740,125,6,0.7600
E_Hybrid_WormPlusSeam,stratified_3layer,1,24,10180,96,19,0.5000
E_Hybrid_WormPlusSeam,stratified_3layer,1,25,10780,105,17,0.5000
E_Hybrid_WormPlusSeam,stratified_3layer,1,26,10980,102,16,0.5000
E_Hybrid_WormPlusSeam,stratified_3layer,1,27,10170,87,12,0.5000
E_Hybrid_WormPlusSeam,stratified_3layer,1,28,10530,98,14,0.5000
E_Hybrid_WormPlusSeam,stratified_3layer,1,29,11110,111,7,0.6847
E_Hybrid_WormPlusSeam,stratified_3layer,1,30,10710,104,15,0.5000
E_Hybrid_WormPlusSeam,stratified_3layer,1,31,10359,98,21,0.5000
E_Hybrid_WormPlusSeam,stratified_3layer,1,32,10310,95,16,0.5000
E_Hybrid_WormPlusSeam,stratified_3layer,1,33,10810,102,11,0.5000
E_Hybrid_WormPlusSeam,stratified_3layer,1,34,11080,108,11,0.5000
E_Hybrid_WormPlusSeam,stratified_3layer,1,35,11320,112,13,0.5000
E_Hybrid_WormPlusSeam,stratified_3layer,1,36,12100,125,9,0.6040
E_Hybrid_WormPlusSeam,stratified_3layer,1,37,10960,105,14,0.5000
E_Hybrid_WormPlusSeam,stratified_3layer,1,38,10240,93,23,0.5000
E_Hybrid_WormPlusSeam,stratified_3layer,1,39,11110,108,14,0.5000
E_Hybrid_WormPlusSeam,stratified_3layer,1,40,10080,92,24,0.5000
E_Hybrid_WormPlusSeam,stratified_3layer,1,41,10660,101,24,0.5000
E_Hybrid_WormPlusSeam,stratified_3layer,1,42,10770,103,16,0.5000
E_Hybrid_WormPlusSeam,stratified_3layer,1,43,10880,108,12,0.5000
E_Hybrid_WormPlusSeam,stratified_3layer,1,44,10690,100,15,0.5000
E_Hybrid_WormPlusSeam,stratified_3layer,1,45,11530,115,17,0.4652
E_Hybrid_WormPlusSeam,stratified_3layer,1,46,10480,103,19,0.5000
E_Hybrid_WormPlusSeam,stratified_3layer,1,47,9950,89,18,0.5000
E_Hybrid_WormPlusSeam,stratified_3layer,1,48,10940,107,19,0.5000
E_Hybrid_WormPlusSeam,stratified_3layer,1,49,10810,103,14,0.5000
E_Hybrid_WormPlusSeam,stratified_3layer,2,0,10290,91,21,0.5000
E_Hybrid_WormPlusSeam,stratified_3layer,2,1,10410,94,16,0.5000
E_Hybrid_WormPlusSeam,stratified_3layer,2,2,10830,105,26,0.4571
E_Hybrid_WormPlusSeam,stratified_3layer,2,3,10320,94,21,0.5000
E_Hybrid_WormPlusSeam,stratified_3layer,2,4,10900,106,13,0.5000
E_Hybrid_WormPlusSeam,stratified_3layer,2,5,10770,106,11,0.4953
E_Hybrid_WormPlusSeam,stratified_3layer,2,6,11020,109,14,0.5000
E_Hybrid_WormPlusSeam,stratified_3layer,2,7,10570,99,18,0.5000
E_Hybrid_WormPlusSeam,stratified_3layer,2,8,11090,111,16,0.4775
E_Hybrid_WormPlusSeam,stratified_3layer,2,9,10910,108,13,0.5000
E_Hybrid_WormPlusSeam,stratified_3layer,2,10,10420,97,20,0.5000
E_Hybrid_WormPlusSeam,stratified_3layer,2,11,10610,103,13,0.5000
E_Hybrid_WormPlusSeam,stratified_3layer,2,12,10450,99,17,0.5000
E_Hybrid_WormPlusSeam,stratified_3layer,2,13,10680,101,16,0.5000
E_Hybrid_WormPlusSeam,stratified_3layer,2,14,10770,109,15,0.5000
E_Hybrid_WormPlusSeam,stratified_3layer,2,15,10560,98,18,0.5000
E_Hybrid_WormPlusSeam,stratified_3layer,2,16,9530,81,28,0.5000
E_Hybrid_WormPlusSeam,stratified_3layer,2,17,10820,104,10,0.5192
E_Hybrid_WormPlusSeam,stratified_3layer,2,18,10380,97,12,0.5000
E_Hybrid_WormPlusSeam,stratified_3layer,2,19,10780,103,18,0.5000
E_Hybrid_WormPlusSeam,stratified_3layer,2,20,10430,100,27,0.5000
E_Hybrid_WormPlusSeam,stratified_3layer,2,21,11949,122,18,0.4631
E_Hybrid_WormPlusSeam,stratified_3layer,2,22,10320,95,13,0.5000
E_Hybrid_WormPlusSeam,stratified_3layer,2,23,10510,100,14,0.5000
E_Hybrid_WormPlusSeam,stratified_3layer,2,24,10820,100,22,0.5000
E_Hybrid_WormPlusSeam,stratified_3layer,2,25,14890,89,17,0.5000
E_Hybrid_WormPlusSeam,stratified_3layer,2,26,15320,109,18,0.5000
E_Hybrid_WormPlusSeam,stratified_3layer,2,27,13800,98,13,0.5000
E_Hybrid_WormPlusSeam,stratified_3layer,2,28,14610,98,20,0.5000
E_Hybrid_WormPlusSeam,stratified_3layer,2,29,14250,94,24,0.5000
E_Hybrid_WormPlusSeam,stratified_3layer,2,30,13800,100,20,0.5000
E_Hybrid_WormPlusSeam,stratified_3layer,2,31,10780,105,19,0.5000
E_Hybrid_WormPlusSeam,stratified_3layer,2,32,11100,105,20,0.4714
E_Hybrid_WormPlusSeam,stratified_3layer,2,33,10920,108,10,0.5370
E_Hybrid_WormPlusSeam,stratified_3layer,2,34,10530,97,13,0.5000
E_Hybrid_WormPlusSeam,stratified_3layer,2,35,10820,106,12,0.5000
E_Hybrid_WormPlusSeam,stratified_3layer,2,36,11020,107,20,0.4720
E_Hybrid_WormPlusSeam,stratified_3layer,2,37,10450,98,20,0.5000
E_Hybrid_WormPlusSeam,stratified_3layer,2,38,77349,101,22,0.5000
E_Hybrid_WormPlusSeam,stratified_3layer,2,39,11530,113,14,0.5000
E_Hybrid_WormPlusSeam,stratified_3layer,2,40,62690,93,20,0.5000
E_Hybrid_WormPlusSeam,stratified_3layer,2,41,10830,97,14,0.5000
E_Hybrid_WormPlusSeam,stratified_3layer,2,42,15840,102,23,0.5000
E_Hybrid_WormPlusSeam,stratified_3layer,2,43,15520,89,11,0.5000
E_Hybrid_WormPlusSeam,stratified_3layer,2,44,12330,93,20,0.5000
E_Hybrid_WormPlusSeam,stratified_3layer,2,45,10790,102,17,0.5000
E_Hybrid_WormPlusSeam,stratified_3layer,2,46,13320,101,9,0.5545
E_Hybrid_WormPlusSeam,stratified_3layer,2,47,11160,110,13,0.5000
E_Hybrid_WormPlusSeam,stratified_3layer,2,48,11420,110,16,0.4636
E_Hybrid_WormPlusSeam,stratified_3layer,2,49,11140,110,8,0.6364
E_Hybrid_WormPlusSeam,stratified_3layer,3,0,10640,100,31,0.4650
E_Hybrid_WormPlusSeam,stratified_3layer,3,1,11390,111,7,0.6847
E_Hybrid_WormPlusSeam,stratified_3layer,3,2,11100,105,15,0.4714
E_Hybrid_WormPlusSeam,stratified_3layer,3,3,11360,115,15,0.4783
E_Hybrid_WormPlusSeam,stratified_3layer,3,4,11340,115,20,0.4652
E_Hybrid_WormPlusSeam,stratified_3layer,3,5,10640,103,13,0.5000
E_Hybrid_WormPlusSeam,stratified_3layer,3,6,10820,104,23,0.5000
E_Hybrid_WormPlusSeam,stratified_3layer,3,7,10850,107,25,0.5000
E_Hybrid_WormPlusSeam,stratified_3layer,3,8,10970,116,20,0.5000
E_Hybrid_WormPlusSeam,stratified_3layer,3,9,10420,97,17,0.5000
E_Hybrid_WormPlusSeam,stratified_3layer,3,10,10440,101,15,0.5000
E_Hybrid_WormPlusSeam,stratified_3layer,3,11,10520,99,22,0.4646
E_Hybrid_WormPlusSeam,stratified_3layer,3,12,10620,103,9,0.5631
E_Hybrid_WormPlusSeam,stratified_3layer,3,13,28910,110,16,0.5000
E_Hybrid_WormPlusSeam,stratified_3layer,3,14,10840,96,14,0.5000
E_Hybrid_WormPlusSeam,stratified_3layer,3,15,10990,111,20,0.4685
E_Hybrid_WormPlusSeam,stratified_3layer,3,16,10510,98,17,0.5000
E_Hybrid_WormPlusSeam,stratified_3layer,3,17,10579,94,26,0.4681
E_Hybrid_WormPlusSeam,stratified_3layer,3,18,11150,117,13,0.5000
E_Hybrid_WormPlusSeam,stratified_3layer,3,19,11050,108,10,0.5370
E_Hybrid_WormPlusSeam,stratified_3layer,3,20,11060,111,16,0.5000
E_Hybrid_WormPlusSeam,stratified_3layer,3,21,10710,95,17,0.5000
E_Hybrid_WormPlusSeam,stratified_3layer,3,22,11200,113,13,0.5000
E_Hybrid_WormPlusSeam,stratified_3layer,3,23,10010,92,14,0.5000
E_Hybrid_WormPlusSeam,stratified_3layer,3,24,10670,102,11,0.5000
E_Hybrid_WormPlusSeam,stratified_3layer,3,25,11020,112,16,0.5000
E_Hybrid_WormPlusSeam,stratified_3layer,3,26,10290,96,15,0.5000
E_Hybrid_WormPlusSeam,stratified_3layer,3,27,10790,107,18,0.5000
E_Hybrid_WormPlusSeam,stratified_3layer,3,28,10440,96,14,0.5000
E_Hybrid_WormPlusSeam,stratified_3layer,3,29,10440,96,25,0.4792
E_Hybrid_WormPlusSeam,stratified_3layer,3,30,10690,107,12,0.5000
E_Hybrid_WormPlusSeam,stratified_3layer,3,31,10670,102,17,0.5000
E_Hybrid_WormPlusSeam,stratified_3layer,3,32,10430,98,16,0.5000
E_Hybrid_WormPlusSeam,stratified_3layer,3,33,10380,98,16,0.5000
E_Hybrid_WormPlusSeam,stratified_3layer,3,34,10500,103,15,0.5000
E_Hybrid_WormPlusSeam,stratified_3layer,3,35,10840,108,12,0.5000
E_Hybrid_WormPlusSeam,stratified_3layer,3,36,10720,108,15,0.5000
E_Hybrid_WormPlusSeam,stratified_3layer,3,37,10700,102,13,0.5000
E_Hybrid_WormPlusSeam,stratified_3layer,3,38,10130,94,18,0.5000
E_Hybrid_WormPlusSeam,stratified_3layer,3,39,9890,88,20,0.5000
E_Hybrid_WormPlusSeam,stratified_3layer,3,40,20009,114,8,0.6316
E_Hybrid_WormPlusSeam,stratified_3layer,3,41,11530,116,11,0.5000
E_Hybrid_WormPlusSeam,stratified_3layer,3,42,11120,110,15,0.5000
E_Hybrid_WormPlusSeam,stratified_3layer,3,43,10570,99,21,0.5000
E_Hybrid_WormPlusSeam,stratified_3layer,3,44,10890,108,11,0.5000
E_Hybrid_WormPlusSeam,stratified_3layer,3,45,11010,106,10,0.5283
E_Hybrid_WormPlusSeam,stratified_3layer,3,46,11320,114,21,0.4693
E_Hybrid_WormPlusSeam,stratified_3layer,3,47,10860,104,13,0.5000
E_Hybrid_WormPlusSeam,stratified_3layer,3,48,10660,100,15,0.5000
E_Hybrid_WormPlusSeam,stratified_3layer,3,49,11410,116,8,0.6552
E_Hybrid_WormPlusSeam,stratified_3layer,4,0,11020,112,16,0.5000
E_Hybrid_WormPlusSeam,stratified_3layer,4,1,10320,97,26,0.5000
E_Hybrid_WormPlusSeam,stratified_3layer,4,2,10100,93,22,0.5000
E_Hybrid_WormPlusSeam,stratified_3layer,4,3,10390,100,19,0.5000
E_Hybrid_WormPlusSeam,stratified_3layer,4,4,10900,109,15,0.5000
E_Hybrid_WormPlusSeam,stratified_3layer,4,5,10890,103,10,0.5146
E_Hybrid_WormPlusSeam,stratified_3layer,4,6,11099,109,14,0.4862
E_Hybrid_WormPlusSeam,stratified_3layer,4,7,10060,92,29,0.5000
E_Hybrid_WormPlusSeam,stratified_3layer,4,8,11770,121,18,0.4711
E_Hybrid_WormPlusSeam,stratified_3layer,4,9,10600,102,19,0.5000
E_Hybrid_WormPlusSeam,stratified_3layer,4,10,10810,106,17,0.4953
E_Hybrid_WormPlusSeam,stratified_3layer,4,11,11020,113,13,0.5000
E_Hybrid_WormPlusSeam,stratified_3layer,4,12,14570,95,20,0.5000
E_Hybrid_WormPlusSeam,stratified_3layer,4,13,15370,93,14,0.5000
E_Hybrid_WormPlusSeam,stratified_3layer,4,14,15450,106,16,0.4717
E_Hybrid_WormPlusSeam,stratified_3layer,4,15,15120,100,15,0.5000
E_Hybrid_WormPlusSeam,stratified_3layer,4,16,13720,101,17,0.5000
E_Hybrid_WormPlusSeam,stratified_3layer,4,17,13280,93,22,0.4892
E_Hybrid_WormPlusSeam,stratified_3layer,4,18,14490,105,13,0.5000
E_Hybrid_WormPlusSeam,stratified_3layer,4,19,10800,103,14,0.5000
E_Hybrid_WormPlusSeam,stratified_3layer,4,20,10380,94,13,0.5000
E_Hybrid_WormPlusSeam,stratified_3layer,4,21,10910,110,11,0.5000
E_Hybrid_WormPlusSeam,stratified_3layer,4,22,10930,111,16,0.5000
E_Hybrid_WormPlusSeam,stratified_3layer,4,23,10410,94,12,0.5000
E_Hybrid_WormPlusSeam,stratified_3layer,4,24,10030,90,22,0.5000
E_Hybrid_WormPlusSeam,stratified_3layer,4,25,10250,98,15,0.5000
E_Hybrid_WormPlusSeam,stratified_3layer,4,26,10170,94,14,0.5000
E_Hybrid_WormPlusSeam,stratified_3layer,4,27,11149,115,14,0.4739
E_Hybrid_WormPlusSeam,stratified_3layer,4,28,10870,106,19,0.5000
E_Hybrid_WormPlusSeam,stratified_3layer,4,29,10580,103,12,0.4806
E_Hybrid_WormPlusSeam,stratified_3layer,4,30,11350,112,6,0.7321
E_Hybrid_WormPlusSeam,stratified_3layer,4,31,11020,108,15,0.4722
E_Hybrid_WormPlusSeam,stratified_3layer,4,32,10390,94,19,0.5000
E_Hybrid_WormPlusSeam,stratified_3layer,4,33,10840,110,18,0.5000
E_Hybrid_WormPlusSeam,stratified_3layer,4,34,11370,113,22,0.4646
E_Hybrid_WormPlusSeam,stratified_3layer,4,35,10350,94,18,0.5000
E_Hybrid_WormPlusSeam,stratified_3layer,4,36,10910,104,22,0.4904
E_Hybrid_WormPlusSeam,stratified_3layer,4,37,11140,112,11,0.5089
E_Hybrid_WormPlusSeam,stratified_3layer,4,38,10990,106,22,0.4575
E_Hybrid_WormPlusSeam,stratified_3layer,4,39,10550,99,12,0.5000
E_Hybrid_WormPlusSeam,stratified_3layer,4,40,10610,100,25,0.4650
E_Hybrid_WormPlusSeam,stratified_3layer,4,41,10100,92,17,0.5000
E_Hybrid_WormPlusSeam,stratified_3layer,4,42,10890,108,14,0.5000
E_Hybrid_WormPlusSeam,stratified_3layer,4,43,11110,113,16,0.5000
E_Hybrid_WormPlusSeam,stratified_3layer,4,44,10530,104,14,0.5000
E_Hybrid_WormPlusSeam,stratified_3layer,4,45,10380,97,12,0.5000
E_Hybrid_WormPlusSeam,stratified_3layer,4,46,10740,101,18,0.5000
E_Hybrid_WormPlusSeam,stratified_3layer,4,47,10310,97,17,0.5000
E_Hybrid_WormPlusSeam,stratified_3layer,4,48,11080,115,13,0.5000
E_Hybrid_WormPlusSeam,stratified_3layer,4,49,10320,96,19,0.4844
E_Hybrid_WormPlusSeam,stratified_3layer,5,0,9420,78,22,0.5000
E_Hybrid_WormPlusSeam,stratified_3layer,5,1,11270,114,21,0.4781
E_Hybrid_WormPlusSeam,stratified_3layer,5,2,10240,91,13,0.4945
E_Hybrid_WormPlusSeam,stratified_3layer,5,3,11410,118,20,0.4449
E_Hybrid_WormPlusSeam,stratified_3layer,5,4,10380,97,22,0.5000
E_Hybrid_WormPlusSeam,stratified_3layer,5,5,10810,104,23,0.4808
E_Hybrid_WormPlusSeam,stratified_3layer,5,6,10250,98,23,0.5000
E_Hybrid_WormPlusSeam,stratified_3layer,5,7,10780,106,22,0.4717
E_Hybrid_WormPlusSeam,stratified_3layer,5,8,10460,100,10,0.5000
E_Hybrid_WormPlusSeam,stratified_3layer,5,9,10350,96,26,0.4688
E_Hybrid_WormPlusSeam,stratified_3layer,5,10,10190,99,13,0.5000
E_Hybrid_WormPlusSeam,stratified_3layer,5,11,10030,94,19,0.5000
E_Hybrid_WormPlusSeam,stratified_3layer,5,12,17290,102,15,0.5000
E_Hybrid_WormPlusSeam,stratified_3layer,5,13,12490,95,20,0.5000
E_Hybrid_WormPlusSeam,stratified_3layer,5,14,11170,114,15,0.4868
E_Hybrid_WormPlusSeam,stratified_3layer,5,15,10110,93,21,0.5000
E_Hybrid_WormPlusSeam,stratified_3layer,5,16,10719,101,17,0.4653
E_Hybrid_WormPlusSeam,stratified_3layer,5,17,11340,115,9,0.6087
E_Hybrid_WormPlusSeam,stratified_3layer,5,18,10520,101,18,0.5000
E_Hybrid_WormPlusSeam,stratified_3layer,5,19,13370,103,26,0.4660
E_Hybrid_WormPlusSeam,stratified_3layer,5,20,13070,109,16,0.5000
E_Hybrid_WormPlusSeam,stratified_3layer,5,21,10940,98,17,0.5000
E_Hybrid_WormPlusSeam,stratified_3layer,5,22,10870,111,15,0.5000
E_Hybrid_WormPlusSeam,stratified_3layer,5,23,11060,107,14,0.5000
E_Hybrid_WormPlusSeam,stratified_3layer,5,24,10810,107,18,0.5000
E_Hybrid_WormPlusSeam,stratified_3layer,5,25,10850,105,18,0.5000
E_Hybrid_WormPlusSeam,stratified_3layer,5,26,11070,113,17,0.4690
E_Hybrid_WormPlusSeam,stratified_3layer,5,27,10110,88,20,0.5000
E_Hybrid_WormPlusSeam,stratified_3layer,5,28,10750,103,17,0.5000
E_Hybrid_WormPlusSeam,stratified_3layer,5,29,10280,98,17,0.5000
E_Hybrid_WormPlusSeam,stratified_3layer,5,30,10770,105,13,0.5000
E_Hybrid_WormPlusSeam,stratified_3layer,5,31,10670,105,12,0.5000
E_Hybrid_WormPlusSeam,stratified_3layer,5,32,10350,98,21,0.5000
E_Hybrid_WormPlusSeam,stratified_3layer,5,33,10560,98,21,0.5000
E_Hybrid_WormPlusSeam,stratified_3layer,5,34,10460,98,12,0.5000
E_Hybrid_WormPlusSeam,stratified_3layer,5,35,10700,105,18,0.5000
E_Hybrid_WormPlusSeam,stratified_3layer,5,36,10570,103,14,0.5000
E_Hybrid_WormPlusSeam,stratified_3layer,5,37,10450,92,13,0.4891
E_Hybrid_WormPlusSeam,stratified_3layer,5,38,10280,94,20,0.5000
E_Hybrid_WormPlusSeam,stratified_3layer,5,39,10210,90,18,0.5000
E_Hybrid_WormPlusSeam,stratified_3layer,5,40,10689,101,19,0.5000
E_Hybrid_WormPlusSeam,stratified_3layer,5,41,10180,93,25,0.5000
E_Hybrid_WormPlusSeam,stratified_3layer,5,42,11230,117,11,0.5214
E_Hybrid_WormPlusSeam,stratified_3layer,5,43,10620,105,24,0.5000
E_Hybrid_WormPlusSeam,stratified_3layer,5,44,10820,105,10,0.5238
E_Hybrid_WormPlusSeam,stratified_3layer,5,45,10950,103,8,0.6117
E_Hybrid_WormPlusSeam,stratified_3layer,5,46,10570,99,17,0.5000
E_Hybrid_WormPlusSeam,stratified_3layer,5,47,10550,101,18,0.5000
E_Hybrid_WormPlusSeam,stratified_3layer,5,48,10860,107,10,0.5327
E_Hybrid_WormPlusSeam,stratified_3layer,5,49,10670,105,18,0.5000
E_Hybrid_WormPlusSeam,granite_pegmatite,1,0,16649,203,14,0.6552
E_Hybrid_WormPlusSeam,granite_pegmatite,1,1,18100,237,9,0.8059
E_Hybrid_WormPlusSeam,granite_pegmatite,1,2,17130,210,13,0.6905
E_Hybrid_WormPlusSeam,granite_pegmatite,1,3,17260,211,20,0.5213
E_Hybrid_WormPlusSeam,granite_pegmatite,1,4,15990,186,23,0.5000
E_Hybrid_WormPlusSeam,granite_pegmatite,1,5,16150,199,25,0.4975
E_Hybrid_WormPlusSeam,granite_pegmatite,1,6,16920,205,22,0.5000
E_Hybrid_WormPlusSeam,granite_pegmatite,1,7,15300,177,30,0.5000
E_Hybrid_WormPlusSeam,granite_pegmatite,1,8,16390,196,19,0.5153
E_Hybrid_WormPlusSeam,granite_pegmatite,1,9,15630,192,25,0.5000
E_Hybrid_WormPlusSeam,granite_pegmatite,1,10,15720,185,28,0.4973
E_Hybrid_WormPlusSeam,granite_pegmatite,1,11,15880,190,22,0.5000
E_Hybrid_WormPlusSeam,granite_pegmatite,1,12,16520,204,22,0.5000
E_Hybrid_WormPlusSeam,granite_pegmatite,1,13,15600,184,24,0.5000
E_Hybrid_WormPlusSeam,granite_pegmatite,1,14,15480,187,27,0.5000
E_Hybrid_WormPlusSeam,granite_pegmatite,1,15,16000,200,27,0.5000
E_Hybrid_WormPlusSeam,granite_pegmatite,1,16,15979,194,15,0.6134
E_Hybrid_WormPlusSeam,granite_pegmatite,1,17,16050,187,27,0.5000
E_Hybrid_WormPlusSeam,granite_pegmatite,1,18,15500,184,26,0.5000
E_Hybrid_WormPlusSeam,granite_pegmatite,1,19,16420,206,19,0.5388
E_Hybrid_WormPlusSeam,granite_pegmatite,1,20,16470,198,20,0.4975
E_Hybrid_WormPlusSeam,granite_pegmatite,1,21,15630,185,18,0.5135
E_Hybrid_WormPlusSeam,granite_pegmatite,1,22,15340,186,23,0.5000
E_Hybrid_WormPlusSeam,granite_pegmatite,1,23,16780,217,23,0.5000
E_Hybrid_WormPlusSeam,granite_pegmatite,1,24,14890,177,24,0.5000
E_Hybrid_WormPlusSeam,granite_pegmatite,1,25,16070,200,16,0.6000
E_Hybrid_WormPlusSeam,granite_pegmatite,1,26,23480,209,24,0.5000
E_Hybrid_WormPlusSeam,granite_pegmatite,1,27,16120,194,18,0.5361
E_Hybrid_WormPlusSeam,granite_pegmatite,1,28,16890,202,13,0.6757
E_Hybrid_WormPlusSeam,granite_pegmatite,1,29,15580,187,26,0.5000
E_Hybrid_WormPlusSeam,granite_pegmatite,1,30,15440,184,20,0.5000
E_Hybrid_WormPlusSeam,granite_pegmatite,1,31,16460,202,17,0.5792
E_Hybrid_WormPlusSeam,granite_pegmatite,1,32,16729,209,20,0.5191
E_Hybrid_WormPlusSeam,granite_pegmatite,1,33,15490,190,16,0.5789
E_Hybrid_WormPlusSeam,granite_pegmatite,1,34,16370,211,21,0.5024
E_Hybrid_WormPlusSeam,granite_pegmatite,1,35,17130,225,11,0.7556
E_Hybrid_WormPlusSeam,granite_pegmatite,1,36,15760,192,25,0.5000
E_Hybrid_WormPlusSeam,granite_pegmatite,1,37,15450,186,32,0.5000
E_Hybrid_WormPlusSeam,granite_pegmatite,1,38,15330,183,31,0.5000
E_Hybrid_WormPlusSeam,granite_pegmatite,1,39,15340,190,18,0.5263
E_Hybrid_WormPlusSeam,granite_pegmatite,1,40,15810,191,30,0.5000
E_Hybrid_WormPlusSeam,granite_pegmatite,1,41,16520,206,20,0.5146
E_Hybrid_WormPlusSeam,granite_pegmatite,1,42,15210,180,29,0.5000
E_Hybrid_WormPlusSeam,granite_pegmatite,1,43,16850,211,19,0.5498
E_Hybrid_WormPlusSeam,granite_pegmatite,1,44,15900,191,21,0.5000
E_Hybrid_WormPlusSeam,granite_pegmatite,1,45,15830,194,16,0.5876
E_Hybrid_WormPlusSeam,granite_pegmatite,1,46,16090,200,26,0.5000
E_Hybrid_WormPlusSeam,granite_pegmatite,1,47,15930,196,23,0.5000
E_Hybrid_WormPlusSeam,granite_pegmatite,1,48,16689,204,11,0.7304
E_Hybrid_WormPlusSeam,granite_pegmatite,1,49,15970,191,19,0.5026
E_Hybrid_WormPlusSeam,granite_pegmatite,2,0,15470,185,25,0.4946
E_Hybrid_WormPlusSeam,granite_pegmatite,2,1,15620,194,22,0.5000
E_Hybrid_WormPlusSeam,granite_pegmatite,2,2,16190,200,25,0.5000
E_Hybrid_WormPlusSeam,granite_pegmatite,2,3,16000,193,23,0.5000
E_Hybrid_WormPlusSeam,granite_pegmatite,2,4,15650,186,26,0.5000
E_Hybrid_WormPlusSeam,granite_pegmatite,2,5,15540,190,17,0.5526
E_Hybrid_WormPlusSeam,granite_pegmatite,2,6,16119,196,21,0.5000
E_Hybrid_WormPlusSeam,granite_pegmatite,2,7,15270,182,28,0.5000
E_Hybrid_WormPlusSeam,granite_pegmatite,2,8,16120,198,16,0.5960
E_Hybrid_WormPlusSeam,granite_pegmatite,2,9,15580,188,25,0.5000
E_Hybrid_WormPlusSeam,granite_pegmatite,2,10,14920,177,17,0.5198
E_Hybrid_WormPlusSeam,granite_pegmatite,2,11,16080,191,17,0.5550
E_Hybrid_WormPlusSeam,granite_pegmatite,2,12,16310,200,13,0.6750
E_Hybrid_WormPlusSeam,granite_pegmatite,2,13,15470,189,29,0.5000
E_Hybrid_WormPlusSeam,granite_pegmatite,2,14,15380,186,28,0.5000
E_Hybrid_WormPlusSeam,granite_pegmatite,2,15,15740,195,24,0.5000
E_Hybrid_WormPlusSeam,granite_pegmatite,2,16,15950,195,22,0.4974
E_Hybrid_WormPlusSeam,granite_pegmatite,2,17,15980,194,25,0.5000
E_Hybrid_WormPlusSeam,granite_pegmatite,2,18,15820,192,21,0.5000
E_Hybrid_WormPlusSeam,granite_pegmatite,2,19,16050,198,17,0.5707
E_Hybrid_WormPlusSeam,granite_pegmatite,2,20,15880,188,27,0.5000
E_Hybrid_WormPlusSeam,granite_pegmatite,2,21,16950,211,24,0.4976
E_Hybrid_WormPlusSeam,granite_pegmatite,2,22,16249,203,17,0.5813
E_Hybrid_WormPlusSeam,granite_pegmatite,2,23,16010,197,26,0.5000
E_Hybrid_WormPlusSeam,granite_pegmatite,2,24,15750,187,24,0.5000
E_Hybrid_WormPlusSeam,granite_pegmatite,2,25,15370,183,31,0.5000
E_Hybrid_WormPlusSeam,granite_pegmatite,2,26,16810,215,22,0.4977
E_Hybrid_WormPlusSeam,granite_pegmatite,2,27,16040,196,15,0.6173
E_Hybrid_WormPlusSeam,granite_pegmatite,2,28,15380,183,29,0.5000
E_Hybrid_WormPlusSeam,granite_pegmatite,2,29,20640,185,24,0.5000
E_Hybrid_WormPlusSeam,granite_pegmatite,2,30,15450,182,25,0.5000
E_Hybrid_WormPlusSeam,granite_pegmatite,2,31,15390,182,18,0.5055
E_Hybrid_WormPlusSeam,granite_pegmatite,2,32,15960,190,24,0.5000
E_Hybrid_WormPlusSeam,granite_pegmatite,2,33,16120,201,22,0.5000
E_Hybrid_WormPlusSeam,granite_pegmatite,2,34,16380,204,11,0.7304
E_Hybrid_WormPlusSeam,granite_pegmatite,2,35,15760,197,19,0.5178
E_Hybrid_WormPlusSeam,granite_pegmatite,2,36,16200,207,13,0.6860
E_Hybrid_WormPlusSeam,granite_pegmatite,2,37,16100,192,25,0.5000
E_Hybrid_WormPlusSeam,granite_pegmatite,2,38,15739,195,25,0.5000
E_Hybrid_WormPlusSeam,granite_pegmatite,2,39,16650,207,10,0.7585
E_Hybrid_WormPlusSeam,granite_pegmatite,2,40,16310,204,19,0.5343
E_Hybrid_WormPlusSeam,granite_pegmatite,2,41,15820,191,32,0.5000
E_Hybrid_WormPlusSeam,granite_pegmatite,2,42,15790,190,29,0.5000
E_Hybrid_WormPlusSeam,granite_pegmatite,2,43,16140,205,20,0.5122
E_Hybrid_WormPlusSeam,granite_pegmatite,2,44,15520,190,29,0.4974
E_Hybrid_WormPlusSeam,granite_pegmatite,2,45,14990,178,22,0.4972
E_Hybrid_WormPlusSeam,granite_pegmatite,2,46,16720,211,21,0.5024
E_Hybrid_WormPlusSeam,granite_pegmatite,2,47,15150,186,29,0.5000
E_Hybrid_WormPlusSeam,granite_pegmatite,2,48,15110,177,24,0.5000
E_Hybrid_WormPlusSeam,granite_pegmatite,2,49,16380,199,20,0.5000
E_Hybrid_WormPlusSeam,granite_pegmatite,3,0,15450,184,22,0.5000
E_Hybrid_WormPlusSeam,granite_pegmatite,3,1,16570,205,18,0.5610
E_Hybrid_WormPlusSeam,granite_pegmatite,3,2,16260,196,24,0.5000
E_Hybrid_WormPlusSeam,granite_pegmatite,3,3,16140,198,22,0.5000
E_Hybrid_WormPlusSeam,granite_pegmatite,3,4,15890,192,25,0.5000
E_Hybrid_WormPlusSeam,granite_pegmatite,3,5,16040,197,22,0.5000
E_Hybrid_WormPlusSeam,granite_pegmatite,3,6,16050,197,14,0.6396
E_Hybrid_WormPlusSeam,granite_pegmatite,3,7,16820,207,15,0.6377
E_Hybrid_WormPlusSeam,granite_pegmatite,3,8,17090,218,7,0.8394
E_Hybrid_WormPlusSeam,granite_pegmatite,3,9,16140,199,19,0.5226
E_Hybrid_WormPlusSeam,granite_pegmatite,3,10,15870,194,21,0.4974
E_Hybrid_WormPlusSeam,granite_pegmatite,3,11,14870,179,22,0.5000
E_Hybrid_WormPlusSeam,granite_pegmatite,3,12,16300,202,17,0.5792
E_Hybrid_WormPlusSeam,granite_pegmatite,3,13,17259,219,16,0.6324
E_Hybrid_WormPlusSeam,granite_pegmatite,3,14,15010,173,26,0.5000
E_Hybrid_WormPlusSeam,granite_pegmatite,3,15,16930,211,18,0.5735
E_Hybrid_WormPlusSeam,granite_pegmatite,3,16,16080,197,27,0.5000
E_Hybrid_WormPlusSeam,granite_pegmatite,3,17,15230,178,22,0.5000
E_Hybrid_WormPlusSeam,granite_pegmatite,3,18,16320,205,24,0.5000
E_Hybrid_WormPlusSeam,granite_pegmatite,3,19,16200,203,26,0.5000
E_Hybrid_WormPlusSeam,granite_pegmatite,3,20,15970,192,17,0.5573
E_Hybrid_WormPlusSeam,granite_pegmatite,3,21,15450,183,24,0.5000
E_Hybrid_WormPlusSeam,granite_pegmatite,3,22,16010,196,21,0.5000
E_Hybrid_WormPlusSeam,granite_pegmatite,3,23,15200,180,25,0.5000
E_Hybrid_WormPlusSeam,granite_pegmatite,3,24,16110,202,14,0.6535
E_Hybrid_WormPlusSeam,granite_pegmatite,3,25,16650,214,17,0.6028
E_Hybrid_WormPlusSeam,granite_pegmatite,3,26,15660,186,20,0.5000
E_Hybrid_WormPlusSeam,granite_pegmatite,3,27,15700,195,23,0.5000
E_Hybrid_WormPlusSeam,granite_pegmatite,3,28,15679,189,25,0.5000
E_Hybrid_WormPlusSeam,granite_pegmatite,3,29,15500,187,31,0.5000
E_Hybrid_WormPlusSeam,granite_pegmatite,3,30,15910,200,14,0.6500
E_Hybrid_WormPlusSeam,granite_pegmatite,3,31,15510,187,20,0.5000
E_Hybrid_WormPlusSeam,granite_pegmatite,3,32,19620,210,19,0.5476
E_Hybrid_WormPlusSeam,granite_pegmatite,3,33,16450,200,13,0.6750
E_Hybrid_WormPlusSeam,granite_pegmatite,3,34,15310,180,21,0.5000
E_Hybrid_WormPlusSeam,granite_pegmatite,3,35,16160,206,21,0.5000
E_Hybrid_WormPlusSeam,granite_pegmatite,3,36,16330,203,13,0.6798
E_Hybrid_WormPlusSeam,granite_pegmatite,3,37,15290,184,33,0.5000
E_Hybrid_WormPlusSeam,granite_pegmatite,3,38,15830,199,12,0.6985
E_Hybrid_WormPlusSeam,granite_pegmatite,3,39,15160,176,22,0.5000
E_Hybrid_WormPlusSeam,granite_pegmatite,3,40,16290,206,19,0.5388
E_Hybrid_WormPlusSeam,granite_pegmatite,3,41,16660,203,18,0.5542
E_Hybrid_WormPlusSeam,granite_pegmatite,3,42,16150,199,24,0.5000
E_Hybrid_WormPlusSeam,granite_pegmatite,3,43,16500,208,12,0.7115
E_Hybrid_WormPlusSeam,granite_pegmatite,3,44,16079,200,22,0.5000
E_Hybrid_WormPlusSeam,granite_pegmatite,3,45,16130,200,19,0.5250
E_Hybrid_WormPlusSeam,granite_pegmatite,3,46,16310,200,19,0.5250
E_Hybrid_WormPlusSeam,granite_pegmatite,3,47,16630,211,11,0.7393
E_Hybrid_WormPlusSeam,granite_pegmatite,3,48,15840,188,26,0.5000
E_Hybrid_WormPlusSeam,granite_pegmatite,3,49,16720,211,16,0.6209
E_Hybrid_WormPlusSeam,granite_pegmatite,4,0,16180,197,18,0.5431
E_Hybrid_WormPlusSeam,granite_pegmatite,4,1,15440,189,23,0.5000
E_Hybrid_WormPlusSeam,granite_pegmatite,4,2,14710,172,37,0.5000
E_Hybrid_WormPlusSeam,granite_pegmatite,4,3,14859,177,26,0.5000
E_Hybrid_WormPlusSeam,granite_pegmatite,4,4,16580,209,15,0.6411
E_Hybrid_WormPlusSeam,granite_pegmatite,4,5,77430,183,31,0.5000
E_Hybrid_WormPlusSeam,granite_pegmatite,4,6,61100,211,12,0.7156
E_Hybrid_WormPlusSeam,granite_pegmatite,4,7,19610,210,18,0.5714
E_Hybrid_WormPlusSeam,granite_pegmatite,4,8,16880,202,18,0.5545
E_Hybrid_WormPlusSeam,granite_pegmatite,4,9,16370,198,22,0.5000
E_Hybrid_WormPlusSeam,granite_pegmatite,4,10,15610,190,19,0.5000
E_Hybrid_WormPlusSeam,granite_pegmatite,4,11,15610,196,23,0.5000
E_Hybrid_WormPlusSeam,granite_pegmatite,4,12,15329,180,24,0.5000
E_Hybrid_WormPlusSeam,granite_pegmatite,4,13,16490,197,18,0.5381
E_Hybrid_WormPlusSeam,granite_pegmatite,4,14,15130,181,24,0.5000
E_Hybrid_WormPlusSeam,granite_pegmatite,4,15,14910,178,26,0.5000
E_Hybrid_WormPlusSeam,granite_pegmatite,4,16,16220,206,18,0.5631
E_Hybrid_WormPlusSeam,granite_pegmatite,4,17,15650,183,23,0.5000
E_Hybrid_WormPlusSeam,granite_pegmatite,4,18,15470,186,31,0.5000
E_Hybrid_WormPlusSeam,granite_pegmatite,4,19,16270,197,22,0.5000
E_Hybrid_WormPlusSeam,granite_pegmatite,4,20,16190,196,20,0.5000
E_Hybrid_WormPlusSeam,granite_pegmatite,4,21,16350,201,15,0.6269
E_Hybrid_WormPlusSeam,granite_pegmatite,4,22,16880,211,13,0.6919
E_Hybrid_WormPlusSeam,granite_pegmatite,4,23,15800,182,28,0.5000
E_Hybrid_WormPlusSeam,granite_pegmatite,4,24,15240,186,26,0.5000
E_Hybrid_WormPlusSeam,granite_pegmatite,4,25,16200,199,22,0.5000
E_Hybrid_WormPlusSeam,granite_pegmatite,4,26,16400,200,13,0.6750
E_Hybrid_WormPlusSeam,granite_pegmatite,4,27,31539,183,29,0.5000
E_Hybrid_WormPlusSeam,granite_pegmatite,4,28,21840,198,30,0.5000
E_Hybrid_WormPlusSeam,granite_pegmatite,4,29,17310,204,18,0.5564
E_Hybrid_WormPlusSeam,granite_pegmatite,4,30,16160,197,13,0.6701
E_Hybrid_WormPlusSeam,granite_pegmatite,4,31,15890,195,22,0.5000
E_Hybrid_WormPlusSeam,granite_pegmatite,4,32,16820,204,17,0.5809
E_Hybrid_WormPlusSeam,granite_pegmatite,4,33,16420,201,14,0.6517
E_Hybrid_WormPlusSeam,granite_pegmatite,4,34,20420,193,12,0.6891
E_Hybrid_WormPlusSeam,granite_pegmatite,4,35,18230,176,30,0.5000
E_Hybrid_WormPlusSeam,granite_pegmatite,4,36,19700,197,12,0.6954
E_Hybrid_WormPlusSeam,granite_pegmatite,4,37,21610,214,11,0.7430
E_Hybrid_WormPlusSeam,granite_pegmatite,4,38,20790,184,26,0.5000
E_Hybrid_WormPlusSeam,granite_pegmatite,4,39,22220,204,20,0.5098
E_Hybrid_WormPlusSeam,granite_pegmatite,4,40,21409,193,19,0.5052
E_Hybrid_WormPlusSeam,granite_pegmatite,4,41,20030,171,29,0.5000
E_Hybrid_WormPlusSeam,granite_pegmatite,4,42,21930,197,26,0.5000
E_Hybrid_WormPlusSeam,granite_pegmatite,4,43,22440,215,10,0.7674
E_Hybrid_WormPlusSeam,granite_pegmatite,4,44,21260,209,18,0.5694
E_Hybrid_WormPlusSeam,granite_pegmatite,4,45,22610,198,22,0.5000
E_Hybrid_WormPlusSeam,granite_pegmatite,4,46,19980,193,26,0.5000
E_Hybrid_WormPlusSeam,granite_pegmatite,4,47,18680,180,32,0.5000
E_Hybrid_WormPlusSeam,granite_pegmatite,4,48,16260,195,21,0.5000
E_Hybrid_WormPlusSeam,granite_pegmatite,4,49,16640,205,16,0.6098
E_Hybrid_WormPlusSeam,granite_pegmatite,5,0,15140,181,26,0.5000
E_Hybrid_WormPlusSeam,granite_pegmatite,5,1,15660,191,19,0.5026
E_Hybrid_WormPlusSeam,granite_pegmatite,5,2,15730,188,25,0.4973
E_Hybrid_WormPlusSeam,granite_pegmatite,5,3,15650,191,22,0.5000
E_Hybrid_WormPlusSeam,granite_pegmatite,5,4,15480,189,23,0.5000
E_Hybrid_WormPlusSeam,granite_pegmatite,5,5,16280,196,22,0.5000
E_Hybrid_WormPlusSeam,granite_pegmatite,5,6,15730,195,29,0.4949
E_Hybrid_WormPlusSeam,granite_pegmatite,5,7,15230,183,33,0.5000
E_Hybrid_WormPlusSeam,granite_pegmatite,5,8,17050,212,15,0.6439
E_Hybrid_WormPlusSeam,granite_pegmatite,5,9,15010,177,24,0.5000
E_Hybrid_WormPlusSeam,granite_pegmatite,5,10,15920,197,18,0.5431
E_Hybrid_WormPlusSeam,granite_pegmatite,5,11,15170,180,31,0.4917
E_Hybrid_WormPlusSeam,granite_pegmatite,5,12,16030,201,20,0.5025
E_Hybrid_WormPlusSeam,granite_pegmatite,5,13,15099,181,27,0.5000
E_Hybrid_WormPlusSeam,granite_pegmatite,5,14,16500,207,11,0.7343
E_Hybrid_WormPlusSeam,granite_pegmatite,5,15,15670,189,26,0.5000
E_Hybrid_WormPlusSeam,granite_pegmatite,5,16,15610,186,27,0.5000
E_Hybrid_WormPlusSeam,granite_pegmatite,5,17,16840,213,16,0.6244
E_Hybrid_WormPlusSeam,granite_pegmatite,5,18,15470,193,24,0.5000
E_Hybrid_WormPlusSeam,granite_pegmatite,5,19,16120,199,19,0.5226
E_Hybrid_WormPlusSeam,granite_pegmatite,5,20,15900,195,22,0.5000
E_Hybrid_WormPlusSeam,granite_pegmatite,5,21,16420,207,14,0.6618
E_Hybrid_WormPlusSeam,granite_pegmatite,5,22,17510,222,12,0.7297
E_Hybrid_WormPlusSeam,granite_pegmatite,5,23,16080,192,19,0.5052
E_Hybrid_WormPlusSeam,granite_pegmatite,5,24,16040,198,21,0.5000
E_Hybrid_WormPlusSeam,granite_pegmatite,5,25,16100,197,22,0.5000
E_Hybrid_WormPlusSeam,granite_pegmatite,5,26,15870,193,20,0.5000
E_Hybrid_WormPlusSeam,granite_pegmatite,5,27,18610,186,24,0.5000
E_Hybrid_WormPlusSeam,granite_pegmatite,5,28,15960,200,20,0.5000
E_Hybrid_WormPlusSeam,granite_pegmatite,5,29,16590,210,23,0.5000
E_Hybrid_WormPlusSeam,granite_pegmatite,5,30,16420,201,22,0.5000
E_Hybrid_WormPlusSeam,granite_pegmatite,5,31,15650,187,26,0.5000
E_Hybrid_WormPlusSeam,granite_pegmatite,5,32,15830,192,22,0.5000
E_Hybrid_WormPlusSeam,granite_pegmatite,5,33,15280,182,27,0.5000
E_Hybrid_WormPlusSeam,granite_pegmatite,5,34,17550,186,24,0.5000
E_Hybrid_WormPlusSeam,granite_pegmatite,5,35,21680,214,11,0.7430
E_Hybrid_WormPlusSeam,granite_pegmatite,5,36,21270,188,28,0.5000
E_Hybrid_WormPlusSeam,granite_pegmatite,5,37,20350,169,35,0.5000
E_Hybrid_WormPlusSeam,granite_pegmatite,5,38,22100,199,21,0.5000
E_Hybrid_WormPlusSeam,granite_pegmatite,5,39,16020,192,21,0.5000
E_Hybrid_WormPlusSeam,granite_pegmatite,5,40,16560,208,10,0.7596
E_Hybrid_WormPlusSeam,granite_pegmatite,5,41,15610,186,29,0.5000
E_Hybrid_WormPlusSeam,granite_pegmatite,5,42,16680,213,27,0.5000
E_Hybrid_WormPlusSeam,granite_pegmatite,5,43,16730,211,18,0.5735
E_Hybrid_WormPlusSeam,granite_pegmatite,5,44,15550,187,26,0.5000
E_Hybrid_WormPlusSeam,granite_pegmatite,5,45,16519,204,19,0.5343
E_Hybrid_WormPlusSeam,granite_pegmatite,5,46,16000,194,16,0.5851
E_Hybrid_WormPlusSeam,granite_pegmatite,5,47,15310,188,24,0.5000
E_Hybrid_WormPlusSeam,granite_pegmatite,5,48,16640,209,16,0.6172
E_Hybrid_WormPlusSeam,granite_pegmatite,5,49,16290,208,19,0.5433
E_Hybrid_WormPlusSeam,folded_metamorphic,1,0,23810,231,16,0.6537
E_Hybrid_WormPlusSeam,folded_metamorphic,1,1,19720,260,10,0.8077
E_Hybrid_WormPlusSeam,folded_metamorphic,1,2,18459,235,16,0.6596
E_Hybrid_WormPlusSeam,folded_metamorphic,1,3,17830,228,19,0.5833
E_Hybrid_WormPlusSeam,folded_metamorphic,1,4,16860,219,13,0.7032
E_Hybrid_WormPlusSeam,folded_metamorphic,1,5,17400,228,12,0.7368
E_Hybrid_WormPlusSeam,folded_metamorphic,1,6,17710,237,15,0.6835
E_Hybrid_WormPlusSeam,folded_metamorphic,1,7,15930,197,28,0.5000
E_Hybrid_WormPlusSeam,folded_metamorphic,1,8,16840,214,22,0.5000
E_Hybrid_WormPlusSeam,folded_metamorphic,1,9,16900,222,22,0.5045
E_Hybrid_WormPlusSeam,folded_metamorphic,1,10,16590,212,17,0.5991
E_Hybrid_WormPlusSeam,folded_metamorphic,1,11,16780,221,29,0.5000
E_Hybrid_WormPlusSeam,folded_metamorphic,1,12,17190,230,16,0.6522
E_Hybrid_WormPlusSeam,folded_metamorphic,1,13,16560,208,16,0.6154
E_Hybrid_WormPlusSeam,folded_metamorphic,1,14,16530,215,25,0.5000
E_Hybrid_WormPlusSeam,folded_metamorphic,1,15,16940,218,20,0.5413
E_Hybrid_WormPlusSeam,folded_metamorphic,1,16,17670,231,16,0.6537
E_Hybrid_WormPlusSeam,folded_metamorphic,1,17,16830,214,24,0.4977
E_Hybrid_WormPlusSeam,folded_metamorphic,1,18,15950,202,24,0.5000
E_Hybrid_WormPlusSeam,folded_metamorphic,1,19,18669,226,27,0.5000
E_Hybrid_WormPlusSeam,folded_metamorphic,1,20,19410,218,22,0.5000
E_Hybrid_WormPlusSeam,folded_metamorphic,1,21,19260,205,22,0.4976
E_Hybrid_WormPlusSeam,folded_metamorphic,1,22,25380,206,21,0.5000
E_Hybrid_WormPlusSeam,folded_metamorphic,1,23,19160,248,13,0.7379
E_Hybrid_WormPlusSeam,folded_metamorphic,1,24,17030,216,16,0.6296
E_Hybrid_WormPlusSeam,folded_metamorphic,1,25,17220,225,17,0.6222
E_Hybrid_WormPlusSeam,folded_metamorphic,1,26,16930,219,12,0.7260
E_Hybrid_WormPlusSeam,folded_metamorphic,1,27,16940,223,18,0.5964
E_Hybrid_WormPlusSeam,folded_metamorphic,1,28,16780,216,19,0.5602
E_Hybrid_WormPlusSeam,folded_metamorphic,1,29,17210,223,19,0.5740
E_Hybrid_WormPlusSeam,folded_metamorphic,1,30,16500,205,24,0.5000
E_Hybrid_WormPlusSeam,folded_metamorphic,1,31,17460,231,12,0.7403
E_Hybrid_WormPlusSeam,folded_metamorphic,1,32,17410,224,23,0.5000
E_Hybrid_WormPlusSeam,folded_metamorphic,1,33,16999,220,12,0.7273
E_Hybrid_WormPlusSeam,folded_metamorphic,1,34,18150,242,12,0.7521
E_Hybrid_WormPlusSeam,folded_metamorphic,1,35,18170,241,14,0.7095
E_Hybrid_WormPlusSeam,folded_metamorphic,1,36,17130,224,16,0.6429
E_Hybrid_WormPlusSeam,folded_metamorphic,1,37,16760,207,25,0.5000
E_Hybrid_WormPlusSeam,folded_metamorphic,1,38,16850,212,16,0.6226
E_Hybrid_WormPlusSeam,folded_metamorphic,1,39,17490,228,14,0.6930
E_Hybrid_WormPlusSeam,folded_metamorphic,1,40,17380,221,23,0.5000
E_Hybrid_WormPlusSeam,folded_metamorphic,1,41,17070,224,19,0.5759
E_Hybrid_WormPlusSeam,folded_metamorphic,1,42,16580,208,26,0.5000
E_Hybrid_WormPlusSeam,folded_metamorphic,1,43,17750,238,19,0.6008
E_Hybrid_WormPlusSeam,folded_metamorphic,1,44,17150,225,22,0.5111
E_Hybrid_WormPlusSeam,folded_metamorphic,1,45,17330,224,12,0.7321
E_Hybrid_WormPlusSeam,folded_metamorphic,1,46,17140,223,20,0.5516
E_Hybrid_WormPlusSeam,folded_metamorphic,1,47,17130,219,24,0.5000
E_Hybrid_WormPlusSeam,folded_metamorphic,1,48,17249,229,18,0.6070
E_Hybrid_WormPlusSeam,folded_metamorphic,1,49,16600,209,24,0.5000
E_Hybrid_WormPlusSeam,folded_metamorphic,2,0,21240,205,28,0.5000
E_Hybrid_WormPlusSeam,folded_metamorphic,2,1,20070,220,26,0.5000
E_Hybrid_WormPlusSeam,folded_metamorphic,2,2,19870,220,22,0.5000
E_Hybrid_WormPlusSeam,folded_metamorphic,2,3,19480,209,23,0.5000
E_Hybrid_WormPlusSeam,folded_metamorphic,2,4,19929,211,24,0.5000
E_Hybrid_WormPlusSeam,folded_metamorphic,2,5,20120,215,18,0.5814
E_Hybrid_WormPlusSeam,folded_metamorphic,2,6,20570,223,14,0.6861
E_Hybrid_WormPlusSeam,folded_metamorphic,2,7,20660,212,22,0.5000
E_Hybrid_WormPlusSeam,folded_metamorphic,2,8,21120,216,19,0.5602
E_Hybrid_WormPlusSeam,folded_metamorphic,2,9,22940,228,17,0.6272
E_Hybrid_WormPlusSeam,folded_metamorphic,2,10,21620,200,26,0.5000
E_Hybrid_WormPlusSeam,folded_metamorphic,2,11,22620,222,20,0.5495
E_Hybrid_WormPlusSeam,folded_metamorphic,2,12,22350,217,14,0.6774
E_Hybrid_WormPlusSeam,folded_metamorphic,2,13,22310,212,25,0.5000
E_Hybrid_WormPlusSeam,folded_metamorphic,2,14,22390,214,24,0.5000
E_Hybrid_WormPlusSeam,folded_metamorphic,2,15,22959,222,22,0.5045
E_Hybrid_WormPlusSeam,folded_metamorphic,2,16,31980,222,19,0.5721
E_Hybrid_WormPlusSeam,folded_metamorphic,2,17,21890,210,29,0.5000
E_Hybrid_WormPlusSeam,folded_metamorphic,2,18,19940,210,23,0.5000
E_Hybrid_WormPlusSeam,folded_metamorphic,2,19,20760,224,14,0.6875
E_Hybrid_WormPlusSeam,folded_metamorphic,2,20,21190,212,22,0.5000
E_Hybrid_WormPlusSeam,folded_metamorphic,2,21,22950,228,13,0.7149
E_Hybrid_WormPlusSeam,folded_metamorphic,2,22,23140,226,9,0.8009
E_Hybrid_WormPlusSeam,folded_metamorphic,2,23,22990,215,24,0.5000
E_Hybrid_WormPlusSeam,folded_metamorphic,2,24,22270,212,25,0.5000
E_Hybrid_WormPlusSeam,folded_metamorphic,2,25,19750,204,24,0.5000
E_Hybrid_WormPlusSeam,folded_metamorphic,2,26,21119,237,13,0.7257
E_Hybrid_WormPlusSeam,folded_metamorphic,2,27,20300,223,19,0.5740
E_Hybrid_WormPlusSeam,folded_metamorphic,2,28,20780,221,17,0.6154
E_Hybrid_WormPlusSeam,folded_metamorphic,2,29,20680,214,22,0.5000
E_Hybrid_WormPlusSeam,folded_metamorphic,2,30,20130,205,25,0.5000
E_Hybrid_WormPlusSeam,folded_metamorphic,2,31,20300,210,23,0.5000
E_Hybrid_WormPlusSeam,folded_metamorphic,2,32,21380,211,28,0.5000
E_Hybrid_WormPlusSeam,folded_metamorphic,2,33,23180,231,20,0.5671
E_Hybrid_WormPlusSeam,folded_metamorphic,2,34,23130,234,25,0.5000
E_Hybrid_WormPlusSeam,folded_metamorphic,2,35,22950,223,19,0.5740
E_Hybrid_WormPlusSeam,folded_metamorphic,2,36,23370,229,15,0.6725
E_Hybrid_WormPlusSeam,folded_metamorphic,2,37,22930,221,28,0.5000
E_Hybrid_WormPlusSeam,folded_metamorphic,2,38,22509,217,21,0.5161
E_Hybrid_WormPlusSeam,folded_metamorphic,2,39,22760,231,19,0.5887
E_Hybrid_WormPlusSeam,folded_metamorphic,2,40,23460,232,16,0.6552
E_Hybrid_WormPlusSeam,folded_metamorphic,2,41,22790,222,10,0.7748
E_Hybrid_WormPlusSeam,folded_metamorphic,2,42,22960,220,29,0.5000
E_Hybrid_WormPlusSeam,folded_metamorphic,2,43,21750,239,15,0.6862
E_Hybrid_WormPlusSeam,folded_metamorphic,2,44,22520,217,16,0.6313
E_Hybrid_WormPlusSeam,folded_metamorphic,2,45,21770,201,20,0.5025
E_Hybrid_WormPlusSeam,folded_metamorphic,2,46,22480,222,22,0.5045
E_Hybrid_WormPlusSeam,folded_metamorphic,2,47,22800,213,22,0.5000
E_Hybrid_WormPlusSeam,folded_metamorphic,2,48,22580,215,26,0.5000
E_Hybrid_WormPlusSeam,folded_metamorphic,2,49,23110,223,19,0.5740
E_Hybrid_WormPlusSeam,folded_metamorphic,3,0,22180,203,28,0.5000
E_Hybrid_WormPlusSeam,folded_metamorphic,3,1,23550,230,18,0.6087
E_Hybrid_WormPlusSeam,folded_metamorphic,3,2,30940,224,15,0.6652
E_Hybrid_WormPlusSeam,folded_metamorphic,3,3,17879,230,14,0.6957
E_Hybrid_WormPlusSeam,folded_metamorphic,3,4,16920,213,19,0.5540
E_Hybrid_WormPlusSeam,folded_metamorphic,3,5,16840,208,23,0.5000
E_Hybrid_WormPlusSeam,folded_metamorphic,3,6,17900,219,21,0.5205
E_Hybrid_WormPlusSeam,folded_metamorphic,3,7,21640,224,29,0.5000
E_Hybrid_WormPlusSeam,folded_metamorphic,3,8,18070,239,15,0.6862
E_Hybrid_WormPlusSeam,folded_metamorphic,3,9,17410,222,16,0.6396
E_Hybrid_WormPlusSeam,folded_metamorphic,3,10,17250,226,10,0.7788
E_Hybrid_WormPlusSeam,folded_metamorphic,3,11,16440,202,25,0.5000
E_Hybrid_WormPlusSeam,folded_metamorphic,3,12,16850,222,18,0.5946
E_Hybrid_WormPlusSeam,folded_metamorphic,3,13,18470,243,10,0.7942
E_Hybrid_WormPlusSeam,folded_metamorphic,3,14,16670,208,19,0.5433
E_Hybrid_WormPlusSeam,folded_metamorphic,3,15,19660,226,24,0.5000
E_Hybrid_WormPlusSeam,folded_metamorphic,3,16,23350,234,10,0.7863
E_Hybrid_WormPlusSeam,folded_metamorphic,3,17,21549,207,22,0.5000
E_Hybrid_WormPlusSeam,folded_metamorphic,3,18,21440,223,20,0.5516
E_Hybrid_WormPlusSeam,folded_metamorphic,3,19,22800,231,11,0.7619
E_Hybrid_WormPlusSeam,folded_metamorphic,3,20,17230,209,21,0.5000
E_Hybrid_WormPlusSeam,folded_metamorphic,3,21,16530,204,19,0.5343
E_Hybrid_WormPlusSeam,folded_metamorphic,3,22,17880,227,15,0.6696
E_Hybrid_WormPlusSeam,folded_metamorphic,3,23,15920,192,31,0.5000
E_Hybrid_WormPlusSeam,folded_metamorphic,3,24,17050,225,19,0.5778
E_Hybrid_WormPlusSeam,folded_metamorphic,3,25,17670,232,11,0.7629
E_Hybrid_WormPlusSeam,folded_metamorphic,3,26,17240,221,19,0.5701
E_Hybrid_WormPlusSeam,folded_metamorphic,3,27,16740,216,22,0.5000
E_Hybrid_WormPlusSeam,folded_metamorphic,3,28,16890,219,20,0.5434
E_Hybrid_WormPlusSeam,folded_metamorphic,3,29,16650,210,32,0.5000
E_Hybrid_WormPlusSeam,folded_metamorphic,3,30,17360,227,18,0.6035
E_Hybrid_WormPlusSeam,folded_metamorphic,3,31,16729,211,20,0.5261
E_Hybrid_WormPlusSeam,folded_metamorphic,3,32,17710,230,16,0.6522
E_Hybrid_WormPlusSeam,folded_metamorphic,3,33,17250,224,18,0.5982
E_Hybrid_WormPlusSeam,folded_metamorphic,3,34,16730,206,16,0.6117
E_Hybrid_WormPlusSeam,folded_metamorphic,3,35,17300,233,17,0.6352
E_Hybrid_WormPlusSeam,folded_metamorphic,3,36,16930,217,12,0.7235
E_Hybrid_WormPlusSeam,folded_metamorphic,3,37,16600,208,20,0.5192
E_Hybrid_WormPlusSeam,folded_metamorphic,3,38,17310,226,16,0.6460
E_Hybrid_WormPlusSeam,folded_metamorphic,3,39,16590,213,15,0.6479
E_Hybrid_WormPlusSeam,folded_metamorphic,3,40,17450,227,18,0.6035
E_Hybrid_WormPlusSeam,folded_metamorphic,3,41,17450,228,23,0.5000
E_Hybrid_WormPlusSeam,folded_metamorphic,3,42,17800,231,15,0.6753
E_Hybrid_WormPlusSeam,folded_metamorphic,3,43,17090,223,27,0.5000
E_Hybrid_WormPlusSeam,folded_metamorphic,3,44,17400,225,17,0.6222
E_Hybrid_WormPlusSeam,folded_metamorphic,3,45,17320,219,16,0.6347
E_Hybrid_WormPlusSeam,folded_metamorphic,3,46,17449,230,14,0.6957
E_Hybrid_WormPlusSeam,folded_metamorphic,3,47,88450,231,14,0.6970
E_Hybrid_WormPlusSeam,folded_metamorphic,3,48,84100,212,16,0.6226
E_Hybrid_WormPlusSeam,folded_metamorphic,3,49,26210,234,15,0.6795
E_Hybrid_WormPlusSeam,folded_metamorphic,4,0,16970,220,21,0.5227
E_Hybrid_WormPlusSeam,folded_metamorphic,4,1,16610,213,21,0.5070
E_Hybrid_WormPlusSeam,folded_metamorphic,4,2,15790,195,28,0.5000
E_Hybrid_WormPlusSeam,folded_metamorphic,4,3,17270,218,17,0.6078
E_Hybrid_WormPlusSeam,folded_metamorphic,4,4,17090,229,24,0.5000
E_Hybrid_WormPlusSeam,folded_metamorphic,4,5,16660,210,20,0.5238
E_Hybrid_WormPlusSeam,folded_metamorphic,4,6,17850,242,16,0.6694
E_Hybrid_WormPlusSeam,folded_metamorphic,4,7,17540,226,20,0.5575
E_Hybrid_WormPlusSeam,folded_metamorphic,4,8,37749,225,24,0.5000
E_Hybrid_WormPlusSeam,folded_metamorphic,4,9,17420,221,16,0.6380
E_Hybrid_WormPlusSeam,folded_metamorphic,4,10,16750,210,18,0.5714
E_Hybrid_WormPlusSeam,folded_metamorphic,4,11,16800,216,19,0.5602
E_Hybrid_WormPlusSeam,folded_metamorphic,4,12,16520,208,16,0.6154
E_Hybrid_WormPlusSeam,folded_metamorphic,4,13,16760,215,18,0.5814
E_Hybrid_WormPlusSeam,folded_metamorphic,4,14,16970,214,22,0.5000
E_Hybrid_WormPlusSeam,folded_metamorphic,4,15,17270,201,17,0.5771
E_Hybrid_WormPlusSeam,folded_metamorphic,4,16,20170,224,21,0.5312
E_Hybrid_WormPlusSeam,folded_metamorphic,4,17,17030,219,22,0.5000
E_Hybrid_WormPlusSeam,folded_metamorphic,4,18,16690,209,22,0.5000
E_Hybrid_WormPlusSeam,folded_metamorphic,4,19,19760,218,23,0.5000
E_Hybrid_WormPlusSeam,folded_metamorphic,4,20,16800,220,27,0.5000
E_Hybrid_WormPlusSeam,folded_metamorphic,4,21,17660,232,18,0.6121
E_Hybrid_WormPlusSeam,folded_metamorphic,4,22,17850,240,19,0.6042
E_Hybrid_WormPlusSeam,folded_metamorphic,4,23,17339,209,19,0.5455
E_Hybrid_WormPlusSeam,folded_metamorphic,4,24,20310,220,17,0.6136
E_Hybrid_WormPlusSeam,folded_metamorphic,4,25,16100,212,37,0.5000
E_Hybrid_WormPlusSeam,folded_metamorphic,4,26,16880,220,25,0.5000
E_Hybrid_WormPlusSeam,folded_metamorphic,4,27,16450,209,32,0.4976
E_Hybrid_WormPlusSeam,folded_metamorphic,4,28,17700,234,19,0.5940
E_Hybrid_WormPlusSeam,folded_metamorphic,4,29,17150,225,16,0.6444
E_Hybrid_WormPlusSeam,folded_metamorphic,4,30,17230,226,26,0.5000
E_Hybrid_WormPlusSeam,folded_metamorphic,4,31,17100,226,22,0.5133
E_Hybrid_WormPlusSeam,folded_metamorphic,4,32,17070,220,25,0.5000
E_Hybrid_WormPlusSeam,folded_metamorphic,4,33,18560,223,17,0.6188
E_Hybrid_WormPlusSeam,folded_metamorphic,4,34,17260,216,21,0.5139
E_Hybrid_WormPlusSeam,folded_metamorphic,4,35,16790,200,17,0.5750
E_Hybrid_WormPlusSeam,folded_metamorphic,4,36,23010,227,13,0.7137
E_Hybrid_WormPlusSeam,folded_metamorphic,4,37,23849,242,13,0.7314
E_Hybrid_WormPlusSeam,folded_metamorphic,4,38,22450,215,16,0.6256
E_Hybrid_WormPlusSeam,folded_metamorphic,4,39,23120,226,16,0.6460
E_Hybrid_WormPlusSeam,folded_metamorphic,4,40,22800,220,17,0.6136
E_Hybrid_WormPlusSeam,folded_metamorphic,4,41,22330,206,23,0.5000
E_Hybrid_WormPlusSeam,folded_metamorphic,4,42,30500,224,19,0.5759
E_Hybrid_WormPlusSeam,folded_metamorphic,4,43,23420,234,19,0.5940
E_Hybrid_WormPlusSeam,folded_metamorphic,4,44,23220,226,14,0.6903
E_Hybrid_WormPlusSeam,folded_metamorphic,4,45,22910,219,21,0.5205
E_Hybrid_WormPlusSeam,folded_metamorphic,4,46,22650,213,29,0.5000
E_Hybrid_WormPlusSeam,folded_metamorphic,4,47,22339,209,29,0.5000
E_Hybrid_WormPlusSeam,folded_metamorphic,4,48,23240,223,16,0.6413
E_Hybrid_WormPlusSeam,folded_metamorphic,4,49,23660,233,10,0.7854
E_Hybrid_WormPlusSeam,folded_metamorphic,5,0,21640,197,25,0.5000
E_Hybrid_WormPlusSeam,folded_metamorphic,5,1,22779,218,15,0.6560
E_Hybrid_WormPlusSeam,folded_metamorphic,5,2,22200,209,24,0.5000
E_Hybrid_WormPlusSeam,folded_metamorphic,5,3,22610,208,26,0.5000
E_Hybrid_WormPlusSeam,folded_metamorphic,5,4,22440,213,21,0.5070
E_Hybrid_WormPlusSeam,folded_metamorphic,5,5,21910,221,16,0.6380
E_Hybrid_WormPlusSeam,folded_metamorphic,5,6,16540,213,22,0.5000
E_Hybrid_WormPlusSeam,folded_metamorphic,5,7,16460,205,22,0.5000
E_Hybrid_WormPlusSeam,folded_metamorphic,5,8,17170,222,18,0.5946
E_Hybrid_WormPlusSeam,folded_metamorphic,5,9,16180,202,19,0.5297
E_Hybrid_WormPlusSeam,folded_metamorphic,5,10,18490,224,20,0.5536
E_Hybrid_WormPlusSeam,folded_metamorphic,5,11,21390,206,15,0.6359
E_Hybrid_WormPlusSeam,folded_metamorphic,5,12,17160,224,20,0.5536
E_Hybrid_WormPlusSeam,folded_metamorphic,5,13,16390,203,21,0.5000
E_Hybrid_WormPlusSeam,folded_metamorphic,5,14,17560,229,18,0.6070
E_Hybrid_WormPlusSeam,folded_metamorphic,5,15,16399,206,12,0.7087
E_Hybrid_WormPlusSeam,folded_metamorphic,5,16,21930,209,23,0.5000
E_Hybrid_WormPlusSeam,folded_metamorphic,5,17,20050,237,9,0.8101
E_Hybrid_WormPlusSeam,folded_metamorphic,5,18,16680,208,24,0.5000
E_Hybrid_WormPlusSeam,folded_metamorphic,5,19,17240,219,11,0.7489
E_Hybrid_WormPlusSeam,folded_metamorphic,5,20,16930,219,20,0.5434
E_Hybrid_WormPlusSeam,folded_metamorphic,5,21,17720,232,11,0.7629
E_Hybrid_WormPlusSeam,folded_metamorphic,5,22,18220,243,16,0.6708
E_Hybrid_WormPlusSeam,folded_metamorphic,5,23,16990,218,18,0.5872
E_Hybrid_WormPlusSeam,folded_metamorphic,5,24,17590,231,22,0.5238
E_Hybrid_WormPlusSeam,folded_metamorphic,5,25,16970,221,30,0.5000
E_Hybrid_WormPlusSeam,folded_metamorphic,5,26,17730,229,12,0.7380
E_Hybrid_WormPlusSeam,folded_metamorphic,5,27,17020,213,23,0.5000
E_Hybrid_WormPlusSeam,folded_metamorphic,5,28,17330,221,26,0.5000
E_Hybrid_WormPlusSeam,folded_metamorphic,5,29,17499,232,18,0.6121
E_Hybrid_WormPlusSeam,folded_metamorphic,5,30,17450,228,11,0.7588
E_Hybrid_WormPlusSeam,folded_metamorphic,5,31,17210,220,17,0.6136
E_Hybrid_WormPlusSeam,folded_metamorphic,5,32,17990,240,12,0.7500
E_Hybrid_WormPlusSeam,folded_metamorphic,5,33,21950,210,18,0.5714
E_Hybrid_WormPlusSeam,folded_metamorphic,5,34,21170,226,19,0.5796
E_Hybrid_WormPlusSeam,folded_metamorphic,5,35,17980,240,15,0.6875
E_Hybrid_WormPlusSeam,folded_metamorphic,5,36,17090,213,17,0.6009
E_Hybrid_WormPlusSeam,folded_metamorphic,5,37,15990,195,31,0.5000
E_Hybrid_WormPlusSeam,folded_metamorphic,5,38,17080,214,19,0.5561
E_Hybrid_WormPlusSeam,folded_metamorphic,5,39,17250,226,10,0.7788
E_Hybrid_WormPlusSeam,folded_metamorphic,5,40,17210,225,20,0.5556
E_Hybrid_WormPlusSeam,folded_metamorphic,5,41,16590,211,18,0.5735
E_Hybrid_WormPlusSeam,folded_metamorphic,5,42,17770,235,15,0.6809
E_Hybrid_WormPlusSeam,folded_metamorphic,5,43,17879,242,17,0.6488
E_Hybrid_WormPlusSeam,folded_metamorphic,5,44,17370,227,11,0.7555
E_Hybrid_WormPlusSeam,folded_metamorphic,5,45,17390,229,23,0.5000
E_Hybrid_WormPlusSeam,folded_metamorphic,5,46,16580,212,21,0.5047
E_Hybrid_WormPlusSeam,folded_metamorphic,5,47,16640,210,20,0.5238
E_Hybrid_WormPlusSeam,folded_metamorphic,5,48,17500,228,13,0.7149
E_Hybrid_WormPlusSeam,folded_metamorphic,5,49,17670,232,12,0.7414
E_Hybrid_WormPlusSeam,volcanic_complex,1,0,9250,75,29,0.5000
E_Hybrid_WormPlusSeam,volcanic_complex,1,1,10110,86,19,0.5000
E_Hybrid_WormPlusSeam,volcanic_complex,1,2,10230,85,20,0.5000
E_Hybrid_WormPlusSeam,volcanic_complex,1,3,9029,72,23,0.5000
E_Hybrid_WormPlusSeam,volcanic_complex,1,4,9300,75,21,0.5000
E_Hybrid_WormPlusSeam,volcanic_complex,1,5,9240,81,24,0.5000
E_Hybrid_WormPlusSeam,volcanic_complex,1,6,9140,72,20,0.5000
E_Hybrid_WormPlusSeam,volcanic_complex,1,7,8690,72,27,0.5000
E_Hybrid_WormPlusSeam,volcanic_complex,1,8,9360,80,21,0.5000
E_Hybrid_WormPlusSeam,volcanic_complex,1,9,8840,73,22,0.5000
E_Hybrid_WormPlusSeam,volcanic_complex,1,10,8920,71,14,0.5000
E_Hybrid_WormPlusSeam,volcanic_complex,1,11,8590,67,29,0.5000
E_Hybrid_WormPlusSeam,volcanic_complex,1,12,9710,85,22,0.5000
E_Hybrid_WormPlusSeam,volcanic_complex,1,13,9070,82,26,0.5000
E_Hybrid_WormPlusSeam,volcanic_complex,1,14,9390,77,25,0.5000
E_Hybrid_WormPlusSeam,volcanic_complex,1,15,9350,83,25,0.5000
E_Hybrid_WormPlusSeam,volcanic_complex,1,16,8880,71,27,0.5000
E_Hybrid_WormPlusSeam,volcanic_complex,1,17,9310,80,28,0.5000
E_Hybrid_WormPlusSeam,volcanic_complex,1,18,8750,70,23,0.5000
E_Hybrid_WormPlusSeam,volcanic_complex,1,19,8750,65,28,0.5000
E_Hybrid_WormPlusSeam,volcanic_complex,1,20,8960,73,19,0.5000
E_Hybrid_WormPlusSeam,volcanic_complex,1,21,8860,73,20,0.5000
E_Hybrid_WormPlusSeam,volcanic_complex,1,22,8110,58,24,0.5000
E_Hybrid_WormPlusSeam,volcanic_complex,1,23,9230,86,25,0.5000
E_Hybrid_WormPlusSeam,volcanic_complex,1,24,8420,66,17,0.5000
E_Hybrid_WormPlusSeam,volcanic_complex,1,25,8830,75,27,0.5000
E_Hybrid_WormPlusSeam,volcanic_complex,1,26,8960,78,25,0.5000
E_Hybrid_WormPlusSeam,volcanic_complex,1,27,8430,65,28,0.5000
E_Hybrid_WormPlusSeam,volcanic_complex,1,28,8940,78,20,0.5000
E_Hybrid_WormPlusSeam,volcanic_complex,1,29,9730,91,14,0.5000
E_Hybrid_WormPlusSeam,volcanic_complex,1,30,8970,78,26,0.5000
E_Hybrid_WormPlusSeam,volcanic_complex,1,31,8419,71,31,0.5000
E_Hybrid_WormPlusSeam,volcanic_complex,1,32,8870,74,20,0.5000
E_Hybrid_WormPlusSeam,volcanic_complex,1,33,8960,80,32,0.5000
E_Hybrid_WormPlusSeam,volcanic_complex,1,34,9190,82,23,0.5000
E_Hybrid_WormPlusSeam,volcanic_complex,1,35,8820,78,26,0.5000
E_Hybrid_WormPlusSeam,volcanic_complex,1,36,8930,75,24,0.5000
E_Hybrid_WormPlusSeam,volcanic_complex,1,37,8880,72,22,0.5000
E_Hybrid_WormPlusSeam,volcanic_complex,1,38,8750,68,22,0.5000
E_Hybrid_WormPlusSeam,volcanic_complex,1,39,8640,74,20,0.5000
E_Hybrid_WormPlusSeam,volcanic_complex,1,40,8570,71,26,0.5000
E_Hybrid_WormPlusSeam,volcanic_complex,1,41,8390,69,31,0.5000
E_Hybrid_WormPlusSeam,volcanic_complex,1,42,8610,77,28,0.5000
E_Hybrid_WormPlusSeam,volcanic_complex,1,43,9050,81,24,0.5000
E_Hybrid_WormPlusSeam,volcanic_complex,1,44,8570,69,15,0.5000
E_Hybrid_WormPlusSeam,volcanic_complex,1,45,8480,73,35,0.5000
E_Hybrid_WormPlusSeam,volcanic_complex,1,46,8930,77,17,0.5000
E_Hybrid_WormPlusSeam,volcanic_complex,1,47,8510,66,23,0.5000
E_Hybrid_WormPlusSeam,volcanic_complex,1,48,9400,82,23,0.5000
E_Hybrid_WormPlusSeam,volcanic_complex,1,49,8520,74,33,0.5000
E_Hybrid_WormPlusSeam,volcanic_complex,2,0,8140,62,29,0.5000
E_Hybrid_WormPlusSeam,volcanic_complex,2,1,8730,64,25,0.5000
E_Hybrid_WormPlusSeam,volcanic_complex,2,2,8740,69,28,0.5000
E_Hybrid_WormPlusSeam,volcanic_complex,2,3,15550,66,26,0.5000
E_Hybrid_WormPlusSeam,volcanic_complex,2,4,10130,79,24,0.5000
E_Hybrid_WormPlusSeam,volcanic_complex,2,5,8520,73,32,0.5000
E_Hybrid_WormPlusSeam,volcanic_complex,2,6,8990,77,23,0.5000
E_Hybrid_WormPlusSeam,volcanic_complex,2,7,8250,62,18,0.5000
E_Hybrid_WormPlusSeam,volcanic_complex,2,8,8560,75,30,0.5000
E_Hybrid_WormPlusSeam,volcanic_complex,2,9,8540,72,28,0.5000
E_Hybrid_WormPlusSeam,volcanic_complex,2,10,8270,65,22,0.5000
E_Hybrid_WormPlusSeam,volcanic_complex,2,11,8830,82,22,0.5000
E_Hybrid_WormPlusSeam,volcanic_complex,2,12,7760,57,24,0.5000
E_Hybrid_WormPlusSeam,volcanic_complex,2,13,8800,77,25,0.5000
E_Hybrid_WormPlusSeam,volcanic_complex,2,14,8650,77,21,0.5000
E_Hybrid_WormPlusSeam,volcanic_complex,2,15,8550,74,24,0.5000
E_Hybrid_WormPlusSeam,volcanic_complex,2,16,8230,61,24,0.5000
E_Hybrid_WormPlusSeam,volcanic_complex,2,17,9070,79,29,0.5000
E_Hybrid_WormPlusSeam,volcanic_complex,2,18,8800,72,21,0.5000
E_Hybrid_WormPlusSeam,volcanic_complex,2,19,8620,73,28,0.5000
E_Hybrid_WormPlusSeam,volcanic_complex,2,20,8770,76,24,0.5000
E_Hybrid_WormPlusSeam,volcanic_complex,2,21,8680,70,25,0.5000
E_Hybrid_WormPlusSeam,volcanic_complex,2,22,8520,73,26,0.5000
E_Hybrid_WormPlusSeam,volcanic_complex,2,23,8530,70,30,0.5000
E_Hybrid_WormPlusSeam,volcanic_complex,2,24,8670,72,28,0.5000
E_Hybrid_WormPlusSeam,volcanic_complex,2,25,8050,60,27,0.5000
E_Hybrid_WormPlusSeam,volcanic_complex,2,26,8960,79,24,0.5000
E_Hybrid_WormPlusSeam,volcanic_complex,2,27,8589,70,20,0.5000
E_Hybrid_WormPlusSeam,volcanic_complex,2,28,8190,66,28,0.5000
E_Hybrid_WormPlusSeam,volcanic_complex,2,29,8360,66,27,0.5000
E_Hybrid_WormPlusSeam,volcanic_complex,2,30,8460,72,29,0.5000
E_Hybrid_WormPlusSeam,volcanic_complex,2,31,8480,74,25,0.5000
E_Hybrid_WormPlusSeam,volcanic_complex,2,32,8560,68,23,0.5000
E_Hybrid_WormPlusSeam,volcanic_complex,2,33,8830,73,23,0.5000
E_Hybrid_WormPlusSeam,volcanic_complex,2,34,8250,64,26,0.5000
E_Hybrid_WormPlusSeam,volcanic_complex,2,35,8270,69,27,0.5000
E_Hybrid_WormPlusSeam,volcanic_complex,2,36,8820,71,23,0.5000
E_Hybrid_WormPlusSeam,volcanic_complex,2,37,8450,76,28,0.5000
E_Hybrid_WormPlusSeam,volcanic_complex,2,38,8350,72,27,0.5000
E_Hybrid_WormPlusSeam,volcanic_complex,2,39,9350,89,18,0.5000
E_Hybrid_WormPlusSeam,volcanic_complex,2,40,8440,73,25,0.5000
E_Hybrid_WormPlusSeam,volcanic_complex,2,41,8580,76,23,0.5000
E_Hybrid_WormPlusSeam,volcanic_complex,2,42,8360,68,27,0.5000
E_Hybrid_WormPlusSeam,volcanic_complex,2,43,8190,66,19,0.5000
E_Hybrid_WormPlusSeam,volcanic_complex,2,44,8160,64,34,0.5000
E_Hybrid_WormPlusSeam,volcanic_complex,2,45,8420,67,18,0.5000
E_Hybrid_WormPlusSeam,volcanic_complex,2,46,8890,77,21,0.5000
E_Hybrid_WormPlusSeam,volcanic_complex,2,47,9160,81,18,0.5000
E_Hybrid_WormPlusSeam,volcanic_complex,2,48,7810,59,28,0.5000
E_Hybrid_WormPlusSeam,volcanic_complex,2,49,8710,77,26,0.5000
E_Hybrid_WormPlusSeam,volcanic_complex,3,0,8410,67,28,0.5000
E_Hybrid_WormPlusSeam,volcanic_complex,3,1,8860,84,28,0.5000
E_Hybrid_WormPlusSeam,volcanic_complex,3,2,8750,77,24,0.5000
E_Hybrid_WormPlusSeam,volcanic_complex,3,3,8600,74,22,0.5000
E_Hybrid_WormPlusSeam,volcanic_complex,3,4,9510,82,25,0.5000
E_Hybrid_WormPlusSeam,volcanic_complex,3,5,8480,73,31,0.5000
E_Hybrid_WormPlusSeam,volcanic_complex,3,6,8420,71,30,0.5000
E_Hybrid_WormPlusSeam,volcanic_complex,3,7,8900,78,18,0.5000
E_Hybrid_WormPlusSeam,volcanic_complex,3,8,8320,71,24,0.5000
E_Hybrid_WormPlusSeam,volcanic_complex,3,9,8880,78,28,0.5000
E_Hybrid_WormPlusSeam,volcanic_complex,3,10,8540,75,20,0.5000
E_Hybrid_WormPlusSeam,volcanic_complex,3,11,8150,60,17,0.5000
E_Hybrid_WormPlusSeam,volcanic_complex,3,12,9020,77,20,0.5000
E_Hybrid_WormPlusSeam,volcanic_complex,3,13,8530,74,24,0.5000
E_Hybrid_WormPlusSeam,volcanic_complex,3,14,8870,71,22,0.5000
E_Hybrid_WormPlusSeam,volcanic_complex,3,15,8720,76,28,0.5000
E_Hybrid_WormPlusSeam,volcanic_complex,3,16,8420,67,26,0.5000
E_Hybrid_WormPlusSeam,volcanic_complex,3,17,8260,66,29,0.5000
E_Hybrid_WormPlusSeam,volcanic_complex,3,18,8860,82,28,0.5000
E_Hybrid_WormPlusSeam,volcanic_complex,3,19,8530,74,18,0.5000
E_Hybrid_WormPlusSeam,volcanic_complex,3,20,9060,86,23,0.5000
E_Hybrid_WormPlusSeam,volcanic_complex,3,21,8520,66,22,0.5000
E_Hybrid_WormPlusSeam,volcanic_complex,3,22,9460,81,22,0.5000
E_Hybrid_WormPlusSeam,volcanic_complex,3,23,8190,65,24,0.5000
E_Hybrid_WormPlusSeam,volcanic_complex,3,24,8770,75,20,0.5000
E_Hybrid_WormPlusSeam,volcanic_complex,3,25,8570,77,29,0.5000
E_Hybrid_WormPlusSeam,volcanic_complex,3,26,8619,71,27,0.5000
E_Hybrid_WormPlusSeam,volcanic_complex,3,27,8570,74,33,0.5000
E_Hybrid_WormPlusSeam,volcanic_complex,3,28,8190,68,31,0.5000
E_Hybrid_WormPlusSeam,volcanic_complex,3,29,9140,64,27,0.5000
E_Hybrid_WormPlusSeam,volcanic_complex,3,30,12420,79,25,0.5000
E_Hybrid_WormPlusSeam,volcanic_complex,3,31,11640,72,29,0.5000
E_Hybrid_WormPlusSeam,volcanic_complex,3,32,8340,66,29,0.5000
E_Hybrid_WormPlusSeam,volcanic_complex,3,33,8520,73,33,0.5000
E_Hybrid_WormPlusSeam,volcanic_complex,3,34,8370,72,27,0.5000
E_Hybrid_WormPlusSeam,volcanic_complex,3,35,8780,78,25,0.5000
E_Hybrid_WormPlusSeam,volcanic_complex,3,36,8470,72,25,0.5000
E_Hybrid_WormPlusSeam,volcanic_complex,3,37,8610,72,21,0.5000
E_Hybrid_WormPlusSeam,volcanic_complex,3,38,8340,67,29,0.5000
E_Hybrid_WormPlusSeam,volcanic_complex,3,39,7650,55,26,0.5000
E_Hybrid_WormPlusSeam,volcanic_complex,3,40,9060,77,19,0.5000
E_Hybrid_WormPlusSeam,volcanic_complex,3,41,8930,82,29,0.5000
E_Hybrid_WormPlusSeam,volcanic_complex,3,42,9000,82,25,0.5000
E_Hybrid_WormPlusSeam,volcanic_complex,3,43,8510,69,21,0.5000
E_Hybrid_WormPlusSeam,volcanic_complex,3,44,8570,73,28,0.5000
E_Hybrid_WormPlusSeam,volcanic_complex,3,45,8800,76,25,0.5000
E_Hybrid_WormPlusSeam,volcanic_complex,3,46,9420,86,22,0.5000
E_Hybrid_WormPlusSeam,volcanic_complex,3,47,9010,80,23,0.5000
E_Hybrid_WormPlusSeam,volcanic_complex,3,48,8760,77,22,0.5000
E_Hybrid_WormPlusSeam,volcanic_complex,3,49,8820,80,28,0.5000
E_Hybrid_WormPlusSeam,volcanic_complex,4,0,8910,78,24,0.5000
E_Hybrid_WormPlusSeam,volcanic_complex,4,1,8240,63,26,0.5000
E_Hybrid_WormPlusSeam,volcanic_complex,4,2,8310,64,25,0.5000
E_Hybrid_WormPlusSeam,volcanic_complex,4,3,8420,74,28,0.5000
E_Hybrid_WormPlusSeam,volcanic_complex,4,4,8660,77,29,0.5000
E_Hybrid_WormPlusSeam,volcanic_complex,4,5,8410,69,31,0.5000
E_Hybrid_WormPlusSeam,volcanic_complex,4,6,8870,78,34,0.5000
E_Hybrid_WormPlusSeam,volcanic_complex,4,7,8750,66,25,0.5000
E_Hybrid_WormPlusSeam,volcanic_complex,4,8,8640,77,24,0.5000
E_Hybrid_WormPlusSeam,volcanic_complex,4,9,8750,77,23,0.5000
E_Hybrid_WormPlusSeam,volcanic_complex,4,10,8900,78,21,0.5000
E_Hybrid_WormPlusSeam,volcanic_complex,4,11,8950,82,28,0.5000
E_Hybrid_WormPlusSeam,volcanic_complex,4,12,8520,75,25,0.5000
E_Hybrid_WormPlusSeam,volcanic_complex,4,13,8160,67,29,0.5000
E_Hybrid_WormPlusSeam,volcanic_complex,4,14,8480,72,23,0.5000
E_Hybrid_WormPlusSeam,volcanic_complex,4,15,8520,76,29,0.5000
E_Hybrid_WormPlusSeam,volcanic_complex,4,16,8370,71,29,0.5000
E_Hybrid_WormPlusSeam,volcanic_complex,4,17,8290,69,26,0.5000
E_Hybrid_WormPlusSeam,volcanic_complex,4,18,8290,72,26,0.5000
E_Hybrid_WormPlusSeam,volcanic_complex,4,19,8520,74,26,0.5000
E_Hybrid_WormPlusSeam,volcanic_complex,4,20,9000,78,22,0.5000
E_Hybrid_WormPlusSeam,volcanic_complex,4,21,8600,75,22,0.5000
E_Hybrid_WormPlusSeam,volcanic_complex,4,22,8749,82,28,0.5000
E_Hybrid_WormPlusSeam,volcanic_complex,4,23,8360,73,26,0.5000
E_Hybrid_WormPlusSeam,volcanic_complex,4,24,8090,65,25,0.5000
E_Hybrid_WormPlusSeam,volcanic_complex,4,25,9120,79,26,0.5000
E_Hybrid_WormPlusSeam,volcanic_complex,4,26,8460,73,31,0.5000
E_Hybrid_WormPlusSeam,volcanic_complex,4,27,9700,73,28,0.5000
E_Hybrid_WormPlusSeam,volcanic_complex,4,28,10520,64,23,0.5000
E_Hybrid_WormPlusSeam,volcanic_complex,4,29,8490,69,26,0.5000
E_Hybrid_WormPlusSeam,volcanic_complex,4,30,9150,82,20,0.5000
E_Hybrid_WormPlusSeam,volcanic_complex,4,31,8490,69,29,0.5000
E_Hybrid_WormPlusSeam,volcanic_complex,4,32,8930,75,28,0.5000
E_Hybrid_WormPlusSeam,volcanic_complex,4,33,9550,86,22,0.5000
E_Hybrid_WormPlusSeam,volcanic_complex,4,34,8730,79,34,0.5000
E_Hybrid_WormPlusSeam,volcanic_complex,4,35,8340,67,30,0.5000
E_Hybrid_WormPlusSeam,volcanic_complex,4,36,8780,72,24,0.5000
E_Hybrid_WormPlusSeam,volcanic_complex,4,37,8600,77,30,0.5000
E_Hybrid_WormPlusSeam,volcanic_complex,4,38,8770,74,23,0.5000
E_Hybrid_WormPlusSeam,volcanic_complex,4,39,8920,77,25,0.5000
E_Hybrid_WormPlusSeam,volcanic_complex,4,40,8590,71,27,0.5000
E_Hybrid_WormPlusSeam,volcanic_complex,4,41,8390,68,21,0.5000
E_Hybrid_WormPlusSeam,volcanic_complex,4,42,8340,71,28,0.5000
E_Hybrid_WormPlusSeam,volcanic_complex,4,43,8730,82,26,0.5000
E_Hybrid_WormPlusSeam,volcanic_complex,4,44,8440,73,21,0.5000
E_Hybrid_WormPlusSeam,volcanic_complex,4,45,8400,72,35,0.5000
E_Hybrid_WormPlusSeam,volcanic_complex,4,46,8860,81,25,0.5000
E_Hybrid_WormPlusSeam,volcanic_complex,4,47,8320,70,24,0.5000
E_Hybrid_WormPlusSeam,volcanic_complex,4,48,9200,87,20,0.5000
E_Hybrid_WormPlusSeam,volcanic_complex,4,49,8460,69,31,0.5000
E_Hybrid_WormPlusSeam,volcanic_complex,5,0,7720,58,25,0.5000
E_Hybrid_WormPlusSeam,volcanic_complex,5,1,8610,74,26,0.5000
E_Hybrid_WormPlusSeam,volcanic_complex,5,2,8290,68,24,0.5000
E_Hybrid_WormPlusSeam,volcanic_complex,5,3,8480,74,30,0.5000
E_Hybrid_WormPlusSeam,volcanic_complex,5,4,8150,67,40,0.5000
E_Hybrid_WormPlusSeam,volcanic_complex,5,5,8590,78,24,0.5000
E_Hybrid_WormPlusSeam,volcanic_complex,5,6,8400,70,27,0.5000
E_Hybrid_WormPlusSeam,volcanic_complex,5,7,8530,66,18,0.5000
E_Hybrid_WormPlusSeam,volcanic_complex,5,8,8690,80,23,0.5000
E_Hybrid_WormPlusSeam,volcanic_complex,5,9,8350,63,23,0.5000
E_Hybrid_WormPlusSeam,volcanic_complex,5,10,8550,74,23,0.5000
E_Hybrid_WormPlusSeam,volcanic_complex,5,11,7980,64,32,0.5000
E_Hybrid_WormPlusSeam,volcanic_complex,5,12,8150,65,25,0.5000
E_Hybrid_WormPlusSeam,volcanic_complex,5,13,8010,62,26,0.5000
E_Hybrid_WormPlusSeam,volcanic_complex,5,14,8940,83,24,0.5000
E_Hybrid_WormPlusSeam,volcanic_complex,5,15,8350,70,29,0.5000
E_Hybrid_WormPlusSeam,volcanic_complex,5,16,8770,74,20,0.5000
E_Hybrid_WormPlusSeam,volcanic_complex,5,17,9210,88,22,0.5000
E_Hybrid_WormPlusSeam,volcanic_complex,5,18,8030,61,24,0.5000
E_Hybrid_WormPlusSeam,volcanic_complex,5,19,8350,70,24,0.5000
E_Hybrid_WormPlusSeam,volcanic_complex,5,20,8809,72,21,0.5000
E_Hybrid_WormPlusSeam,volcanic_complex,5,21,8370,69,27,0.5000
E_Hybrid_WormPlusSeam,volcanic_complex,5,22,8660,77,29,0.5000
E_Hybrid_WormPlusSeam,volcanic_complex,5,23,8910,76,22,0.5000
E_Hybrid_WormPlusSeam,volcanic_complex,5,24,8900,79,21,0.5000
E_Hybrid_WormPlusSeam,volcanic_complex,5,25,8940,81,26,0.5000
E_Hybrid_WormPlusSeam,volcanic_complex,5,26,8720,75,16,0.5000
E_Hybrid_WormPlusSeam,volcanic_complex,5,27,7850,55,25,0.5000
E_Hybrid_WormPlusSeam,volcanic_complex,5,28,8590,74,21,0.5000
E_Hybrid_WormPlusSeam,volcanic_complex,5,29,8440,73,26,0.5000
E_Hybrid_WormPlusSeam,volcanic_complex,5,30,8200,71,26,0.5000
E_Hybrid_WormPlusSeam,volcanic_complex,5,31,8470,73,28,0.5000
E_Hybrid_WormPlusSeam,volcanic_complex,5,32,8460,75,19,0.5000
E_Hybrid_WormPlusSeam,volcanic_complex,5,33,8190,63,23,0.5000
E_Hybrid_WormPlusSeam,volcanic_complex,5,34,8200,71,33,0.5000
E_Hybrid_WormPlusSeam,volcanic_complex,5,35,8440,73,26,0.5000
E_Hybrid_WormPlusSeam,volcanic_complex,5,36,8630,80,23,0.5000
E_Hybrid_WormPlusSeam,volcanic_complex,5,37,8570,67,25,0.5000
E_Hybrid_WormPlusSeam,volcanic_complex,5,38,8320,64,18,0.5000
E_Hybrid_WormPlusSeam,volcanic_complex,5,39,8250,65,24,0.5000
E_Hybrid_WormPlusSeam,volcanic_complex,5,40,8350,69,23,0.5000
E_Hybrid_WormPlusSeam,volcanic_complex,5,41,8240,66,29,0.5000
E_Hybrid_WormPlusSeam,volcanic_complex,5,42,8910,78,27,0.5000
E_Hybrid_WormPlusSeam,volcanic_complex,5,43,11920,77,26,0.5000
E_Hybrid_WormPlusSeam,volcanic_complex,5,44,8890,78,25,0.5000
E_Hybrid_WormPlusSeam,volcanic_complex,5,45,8660,74,29,0.5000
E_Hybrid_WormPlusSeam,volcanic_complex,5,46,8260,71,32,0.5000
E_Hybrid_WormPlusSeam,volcanic_complex,5,47,8160,70,30,0.5000
E_Hybrid_WormPlusSeam,volcanic_complex,5,48,8900,77,21,0.5000
E_Hybrid_WormPlusSeam,volcanic_complex,5,49,8439,68,30,0.5000
